participant_id,run,band,age,sex,group,n_channels,duration_s,plv_mean,plv_median,mean_degree,degree_cv,clustering,global_efficiency,mean_path_length,lambda2,laplacian_entropy
sub-2713,6,theta,9.9,m,ASD,64,62.998046875,0.8568416159945826,0.8474553910838323,53.98102180765871,0.0157147542900908,0.8559512847092154,0.8568416159945826,1.1709263617834706,52.28449231525073,4.142986867895627
sub-2713,6,alpha,9.9,m,ASD,64,62.998046875,0.749260310226311,0.733297465640445,47.20339954425759,0.0308429608140077,0.7456134715621989,0.749260310226311,1.35530245163232,42.78631917001938,4.142539351991066
sub-2713,6,beta,9.9,m,ASD,64,62.998046875,0.7270416207527723,0.7039221681768941,45.80362210742465,0.0284738183996329,0.7241840516361367,0.7270416207527723,1.3923129841453064,42.42327133261015,4.142634301899005
sub-2713,6,gamma,9.9,m,ASD,64,62.998046875,0.5548359735162108,0.5320824335800136,34.95466633152128,0.0594229486340517,0.5478199197702619,0.5548359735162108,1.876979201837872,28.88268708831064,4.141028045020295
sub-10003,1,theta,12.9,m,TD,64,61.998046875,0.3468184530645881,0.3293345756299325,21.849562543069048,0.1664923779545573,0.3027443773759364,0.3974399165325187,2.8606387069510366,13.997468057814205,4.126383377211878
sub-10003,1,alpha,12.9,m,TD,64,61.998046875,0.4395843039733123,0.4474423112711867,27.693811150318663,0.2298857868200494,0.4037677145787533,0.4724010451977195,2.438080256744109,12.961432379027809,4.1126896121082765
sub-10003,1,beta,12.9,m,TD,64,61.998046875,0.2971146213833585,0.2860062925997632,18.71822114715159,0.1376496324760965,0.2547883979784541,0.3451967184041815,3.284491589125931,12.366598048982071,4.130570590053679
sub-10003,1,gamma,12.9,m,TD,64,61.998046875,0.2517773701829399,0.2443176688343424,15.861974321525212,0.1191252302743414,0.2174353301744532,0.2908612134981948,3.889775702218198,10.811083893009515,4.132959506738849
sub-10003,2,theta,12.9,m,TD,64,62.998046875,0.3454219378914795,0.3353505824684384,21.76158208716321,0.1862808030211982,0.3019116170936919,0.3946579142494847,2.887913616111151,13.162350444746194,4.122875863538758
sub-10003,2,alpha,12.9,m,TD,64,62.998046875,0.3957016619554693,0.3927282108707118,24.929204703194564,0.2231654599441198,0.3607199474479998,0.4318295109140044,2.6620034415325,13.376389866113268,4.114819801750109
sub-10003,2,beta,12.9,m,TD,64,62.998046875,0.2843306145378871,0.2700566282973733,17.912828715886892,0.1541576615318411,0.247239641784194,0.3281216406597121,3.467454081256216,11.209586794844272,4.12815321630067
sub-10003,2,gamma,12.9,m,TD,64,62.998046875,0.2274492477642144,0.2138905932894944,14.329302609145508,0.1875633512449405,0.1959978134159122,0.2654684420244704,4.320270723442963,9.086103882845554,4.122450795010189
sub-10003,3,theta,12.9,m,TD,64,62.998046875,0.3297967221881929,0.3172164688471811,20.77719349785615,0.1698937551649919,0.2858523553745476,0.3811017451243915,2.978002943685262,13.094455285344743,4.1257093859908
sub-10003,3,alpha,12.9,m,TD,64,62.998046875,0.4872667935897582,0.5158853288170786,30.69780799615477,0.2501051111370935,0.4543108649199602,0.5150097387987279,2.2610314638169524,12.202251959999836,4.106375133993052
sub-10003,3,beta,12.9,m,TD,64,62.998046875,0.2966346187684443,0.283656962754874,18.687980982412,0.141979520887029,0.2555844354557337,0.3429945411710615,3.3115499698898865,11.84623941337709,4.129890262999644
sub-10003,3,gamma,12.9,m,TD,64,62.998046875,0.2514183644480962,0.2407122184150769,15.839356960230058,0.1218233180936292,0.218290997646391,0.2899378718461152,3.90234228800791,10.385086804341674,4.132655165637576
sub-10003,4,theta,12.9,m,TD,64,62.998046875,0.3460393454763605,0.3358282586000941,21.80047876501072,0.1618100063587732,0.3025707622786698,0.3957020866730099,2.868773612419961,14.269721769715336,4.127250240410924
sub-10003,4,alpha,12.9,m,TD,64,62.998046875,0.5069431235213876,0.5283251944538085,31.937416781847418,0.2300613565157781,0.4802492599484727,0.5266227317644582,2.1975922421227367,13.711993116755242,4.112287660537056
sub-10003,4,beta,12.9,m,TD,64,62.998046875,0.2936453692302539,0.2791749056674587,18.499658261506,0.1501365086442386,0.2523289775731072,0.3406725300592947,3.337143906001113,11.978196079277836,4.128725755551853
sub-10003,4,gamma,12.9,m,TD,64,62.998046875,0.2342020071194371,0.2221252444666302,14.75472644852454,0.146779670379663,0.2030010269309082,0.2712930949883473,4.182864790491824,9.652514998073526,4.129231370495167
sub-10003,5,theta,12.9,m,TD,64,62.998046875,0.3278045008018323,0.3121427315681047,20.65168355051544,0.164765549186852,0.2864133839525141,0.3761092402299333,3.026176146464873,13.141259528005666,4.126650351436411
sub-10003,5,alpha,12.9,m,TD,64,62.998046875,0.4089140573117188,0.4112269196571201,25.76158561063829,0.2463530690363081,0.3681016574456615,0.4484188330672135,2.5822084813606203,11.684943642621116,4.10830713514012
sub-10003,5,beta,12.9,m,TD,64,62.998046875,0.3036320946482051,0.2946869834359876,19.128821962836923,0.1448539528227376,0.2618552400636544,0.3500751854098459,3.2418937012187,12.395130252823588,4.12955316360376
sub-10003,5,gamma,12.9,m,TD,64,62.998046875,0.2662279410373211,0.2568953318883438,16.77236028535123,0.1495574094084043,0.2323951366028275,0.3043542542011859,3.725983584856118,11.004971728035573,4.12902812735892
sub-10003,6,theta,12.9,m,TD,64,62.998046875,0.3516114807914162,0.3370803859241564,22.151523289859224,0.1559920999366117,0.3112416938934508,0.3977141884647358,2.8503746246946933,14.586535126953295,4.128296140183451
sub-10003,6,alpha,12.9,m,TD,64,62.998046875,0.4535908654314057,0.4652183463450112,28.576224522178563,0.2326934955342994,0.4204300711044499,0.48354309255857,2.385174993634136,13.032533060674009,4.11181906613487
sub-10003,6,beta,12.9,m,TD,64,62.998046875,0.3017240416762292,0.2901063085916457,19.00861462560244,0.1341342745599913,0.2577734589854358,0.3498495634244058,3.2464977985646013,12.471701991220002,4.130937632901289
sub-10003,6,gamma,12.9,m,TD,64,62.998046875,0.2714285889063588,0.2639598985288983,17.100001101100602,0.1481434035332776,0.2367065963889007,0.3095090256869697,3.6647333253201775,10.412319663726263,4.1291960917341335
sub-10025,1,theta,8.3,m,TD,64,62.998046875,0.2848236213789941,0.2655140524417907,17.943888146876628,0.0919829885219021,0.2472989920699796,0.331216977847737,3.415486342701094,12.893595585030925,4.1357895182335005
sub-10025,1,alpha,8.3,m,TD,64,62.998046875,0.3312703610867468,0.3089222554738507,20.87003274846505,0.1256955403268445,0.2967487219693918,0.3691919397983077,3.093543254222183,12.812399041036532,4.13237382560316
sub-10025,1,beta,8.3,m,TD,64,62.998046875,0.2155407797621777,0.1816160000014778,13.579069125017194,0.2395234968468721,0.1821944021684463,0.2610522486527518,4.547291321554502,4.814765927488883,4.108499679105498
sub-10025,1,gamma,8.3,m,TD,64,62.998046875,0.1652893917471232,0.1304535367745136,10.413231680068762,0.2404579111121681,0.1371133343681868,0.2103277005574287,5.683129823359121,4.500967786278125,4.107498755244642
sub-10025,2,theta,8.3,m,TD,64,62.998046875,0.2888493181555251,0.2649360936195842,18.197507043798083,0.1199807774819678,0.2491922291364925,0.3367129423608831,3.382894877700147,12.179576495257908,4.132778403215653
sub-10025,2,alpha,8.3,m,TD,64,62.998046875,0.295608278123632,0.2741402510581359,18.623321521788817,0.1199602433261881,0.2598144838947192,0.3373905706140599,3.374414951366911,10.90187958998895,4.132779601951323
sub-10025,2,beta,8.3,m,TD,64,62.998046875,0.2142301618006232,0.1870287068271284,13.496500193439262,0.2103394019116707,0.1802855936020923,0.2583928276438222,4.57020166745128,5.250138725929531,4.115296341968016
sub-10025,2,gamma,8.3,m,TD,64,62.998046875,0.1837951009698512,0.1511523888202105,11.57909136110063,0.2440863003273389,0.1537924598692642,0.227641183166367,5.226891636525049,5.31706155314915,4.107220101050316
sub-10025,3,theta,8.3,m,TD,64,62.998046875,0.3073082927296898,0.286599699074595,19.360422441970456,0.156155053192645,0.2691245835296049,0.3507891887857387,3.263765898770992,12.786088034350918,4.128043719922195
sub-10025,3,alpha,8.3,m,TD,64,62.998046875,0.3544646967480951,0.3326350673489867,22.331275895129988,0.1706184152208035,0.3143270618585126,0.3943196501931126,2.933966372433795,11.15656584639962,4.125039863072497
sub-10025,3,beta,8.3,m,TD,64,62.998046875,0.2513207919598827,0.2275902811700389,15.83320989347262,0.1713769147464868,0.2182070561451314,0.2926676875520754,3.958494627384688,6.225040272819246,4.124199123648419
sub-10025,3,gamma,8.3,m,TD,64,62.998046875,0.1907545217109712,0.1633080989839281,12.017534867791188,0.2172180554322934,0.1616194949450221,0.23206144491853,5.05165605320657,4.873001297596824,4.11408901999196
sub-10025,4,theta,8.3,m,TD,64,62.998046875,0.2965844081082053,0.270618394527229,18.684817710816937,0.1231897486475195,0.2577563783267637,0.3434840612717565,3.306615798268956,12.765478696475649,4.13245805290444
sub-10025,4,alpha,8.3,m,TD,64,62.998046875,0.3359754023653807,0.3145728045362301,21.166450349018987,0.1205815070859759,0.3008572986693744,0.3722864991744604,3.070057011721105,14.318834382761793,4.133237793439082
sub-10025,4,beta,8.3,m,TD,64,62.998046875,0.2412479385366694,0.2171321437039036,15.198620127810171,0.1679524837148469,0.2079545991190575,0.2833099403666836,4.078809051028457,7.689446449363636,4.12494143150691
sub-10025,4,gamma,8.3,m,TD,64,62.998046875,0.1982830691140794,0.1759858293648561,12.491833354187005,0.2060889815503832,0.168584204932126,0.2379918259924509,4.929298286390217,4.741984603943835,4.116147503378481
sub-10025,5,theta,8.3,m,TD,64,62.998046875,0.2819241124380822,0.2599624702552723,17.76121908359918,0.1248462530378904,0.2436073556218252,0.3281254933597508,3.479515711853673,12.08048901683254,4.132043200791169
sub-10025,5,alpha,8.3,m,TD,64,62.998046875,0.2944207621158483,0.265204034248548,18.548508013298445,0.1393077702915196,0.2622776843555912,0.3315691671020331,3.461414461758909,10.34052931391836,4.130345047084102
sub-10025,5,beta,8.3,m,TD,64,62.998046875,0.2236880446725881,0.1973780080901657,14.092346814373052,0.1966869195457907,0.1916395529851341,0.2653440581905496,4.422942313443726,5.812067115957364,4.11901788533424
sub-10025,5,gamma,8.3,m,TD,64,62.998046875,0.1792360038425339,0.1512213328652127,11.291868242079634,0.2315474387965713,0.1495703075324651,0.2205915839942402,5.39036571605266,4.141302991821468,4.109907286316624
sub-10025,6,theta,8.3,m,TD,64,58.998046875,0.2479252303555032,0.2048012002241985,15.6192895123967,0.1335672165061873,0.2073113036798626,0.2993751256588038,3.935487851026404,9.736286391417105,4.129499296664058
sub-10025,6,alpha,8.3,m,TD,64,58.998046875,0.2636499449508018,0.2329750076569109,16.609946531900512,0.138201019014336,0.2260214761779777,0.3094678373319871,3.75352247202926,8.023949751828622,4.129328203269722
sub-10025,6,beta,8.3,m,TD,64,58.998046875,0.2048966191696787,0.1681725018014767,12.90848700768976,0.2235991133863204,0.1707638534169887,0.2505034321322593,4.768357238464999,4.786062402964967,4.111866530891544
sub-10025,6,gamma,8.3,m,TD,64,58.998046875,0.1653741281167013,0.1272115575700716,10.418570071352187,0.2516448179604652,0.1350288181688614,0.2106790354815308,5.785514116943405,3.890944528253243,4.103346973679069
sub-10036,1,theta,11.0,m,TD,64,62.998046875,0.3107210504644568,0.2862427089934518,19.575426179260777,0.1160466045462029,0.2701538144692931,0.359347619088165,3.1582939334668234,12.989249048191368,4.133373311593138
sub-10036,1,alpha,11.0,m,TD,64,62.998046875,0.3408560445348552,0.3140118146360063,21.47393080569588,0.1456285824442157,0.3048350791393476,0.3801679667889749,3.0062219871395874,13.739660700462714,4.129806238493773
sub-10036,1,beta,11.0,m,TD,64,62.998046875,0.2652494696841216,0.2397090390605377,16.71071659009966,0.1594165516840879,0.2265711989627056,0.3117718054081456,3.7260127582408806,8.568606318614538,4.125934714534141
sub-10036,1,gamma,11.0,m,TD,64,62.998046875,0.2165961125320099,0.1841987282548198,13.645555089516629,0.2091747246968369,0.1874056862318839,0.2549797180231586,4.7064543494930655,5.638443017460923,4.115302609951163
sub-10036,2,theta,11.0,m,TD,64,62.998046875,0.3273585231887049,0.3091069148964903,20.62358696088841,0.1491914257066554,0.285182724369472,0.3757859081902395,3.0244463163260145,13.583135830388615,4.129138002042298
sub-10036,2,alpha,11.0,m,TD,64,62.998046875,0.3586072345816983,0.3484656735497618,22.59225577864699,0.169023081321031,0.3200751245697901,0.3979679189463008,2.866477113224681,13.51191455557188,4.126150001595644
sub-10036,2,beta,11.0,m,TD,64,62.998046875,0.2841550174287422,0.2625568007518802,17.90176609801076,0.1414262023733832,0.24404017112364,0.3312599928383833,3.4565743723313567,11.00303947032992,4.129467827827448
sub-10036,2,gamma,11.0,m,TD,64,62.998046875,0.2448476298583227,0.2229263665350902,15.425400681074336,0.1554688064030878,0.2120407428005631,0.2841864944987514,4.086006719514635,8.053784412457993,4.1267065347539775
sub-10036,3,theta,11.0,m,TD,64,62.998046875,0.3143734627696311,0.2956564496197418,19.80552815448676,0.1296633965207903,0.2720002888322751,0.3643843012659015,3.117267100276548,13.488380449541689,4.131632794387885
sub-10036,3,alpha,11.0,m,TD,64,62.998046875,0.3389619139189986,0.3261705067926259,21.35460057689692,0.1493180102214533,0.2996511857795354,0.3822275152627753,2.9716678373225345,13.553126844026217,4.129201320080495
sub-10036,3,beta,11.0,m,TD,64,62.998046875,0.2819290048950201,0.2610269091460066,17.761527308386267,0.1161221743042274,0.2446401933052081,0.3266026456093994,3.486059327540341,12.018123905341996,4.133041199833651
sub-10036,3,gamma,11.0,m,TD,64,62.998046875,0.2478678576144733,0.2290312878029697,15.61567502971182,0.1480661219340308,0.2146605581025866,0.289108317198654,3.974940063517305,7.047015222200086,4.128057952870638
sub-10036,4,theta,11.0,m,TD,64,61.998046875,0.3127991420319175,0.2944037753367649,19.7063459480108,0.1042160592880761,0.2690017251025844,0.3643484511273855,3.109470385033585,13.614898390939889,4.134565740658119
sub-10036,4,alpha,11.0,m,TD,64,61.998046875,0.3689441341900197,0.3628583536622927,23.243480453971245,0.1882692125279001,0.3306004809387543,0.4092789642016578,2.7878482621881515,13.722586078886032,4.122624022435107
sub-10036,4,beta,11.0,m,TD,64,61.998046875,0.2865366535242535,0.2698585252917429,18.051809172027973,0.12021863646486,0.2460219672756801,0.3339027620683064,3.4082873911117133,12.033072204452385,4.132530932048
sub-10036,4,gamma,11.0,m,TD,64,61.998046875,0.2593104710626714,0.2424673606690878,16.336559676948298,0.1065382838893844,0.2250921342195294,0.3002625415315024,3.782308256884789,10.559405962762389,4.134089733833984
sub-10036,5,theta,11.0,m,TD,64,62.998046875,0.3158763447363113,0.2948980106946784,19.90020971838761,0.1188964382215552,0.2756538123172597,0.3643320272149201,3.11613590933509,13.201633732921827,4.133143390264956
sub-10036,5,alpha,11.0,m,TD,64,62.998046875,0.3465555675853426,0.3387782986980454,21.833000757876587,0.1712424937072356,0.3078640791814474,0.3890275321468863,2.9232377411239456,13.591319779360886,4.125680426224257
sub-10036,5,beta,11.0,m,TD,64,62.998046875,0.2774582168732444,0.2554103795055191,17.4798676630144,0.1417798719360146,0.2378224327655137,0.323588963418108,3.5382074768169125,11.62345526090794,4.12967065699397
sub-10036,5,gamma,11.0,m,TD,64,62.998046875,0.2340436037453778,0.2100780851566223,14.744747035958806,0.134557399083957,0.203198320728063,0.2732662467165189,4.208594304600863,9.680989811186006,4.130245694716974
sub-10036,6,theta,11.0,m,TD,64,61.998046875,0.3175772981548074,0.3006923328386743,20.007369783752868,0.1195983811222054,0.2731929360958123,0.3687531577767698,3.0726810119608463,13.482329010289664,4.132918524216763
sub-10036,6,alpha,11.0,m,TD,64,61.998046875,0.3658054483206912,0.3581065136541825,23.045743244203543,0.2062329341964414,0.327383360933844,0.4074412921716382,2.808881822838821,13.381457823871608,4.118775712658216
sub-10036,6,beta,11.0,m,TD,64,61.998046875,0.2787085017080676,0.2615218363567157,17.55863560760826,0.1144511571854203,0.2394813702239389,0.3248998413971298,3.5057888730001667,11.63574524123154,4.133138966499485
sub-10036,6,gamma,11.0,m,TD,64,61.998046875,0.2391585989727599,0.2191144274732815,15.066991735283878,0.1540175093882135,0.2052996754290736,0.2805801309650457,4.120718520677183,7.537293993934245,4.127141664523017
sub-10124,1,theta,12.0,f,TD,64,62.998046875,0.3398173941133657,0.306691749015177,21.40849582914204,0.1768361335486924,0.2912793563035011,0.3878096905400029,3.0187669215953994,12.489129259814447,4.1240347636328885
sub-10124,1,alpha,12.0,f,TD,64,62.998046875,0.4129293278032877,0.4048438367115631,26.014547651607128,0.2103916131422791,0.3705272769530142,0.4534834610117406,2.5696002027454856,14.570901277865634,4.117737580039853
sub-10124,1,beta,12.0,f,TD,64,62.998046875,0.3163151444846629,0.28422452301827,19.927854102533765,0.2074934245035209,0.2750722859888024,0.3557907735536988,3.3777547412272075,8.461237058669743,4.117216362803551
sub-10124,1,gamma,12.0,f,TD,64,62.998046875,0.2243274124738438,0.1804807271093778,14.132626985852164,0.3193817350833747,0.1846200043476487,0.2669874299179964,4.781443201333586,4.003521989062737,4.084816136796938
sub-10124,2,theta,12.0,f,TD,64,62.998046875,0.3630334900009276,0.3346796128898389,22.871109870058447,0.1935102697167168,0.3190764153812444,0.4063764971682422,2.879118950413362,13.650337777817263,4.121480476613496
sub-10124,2,alpha,12.0,f,TD,64,62.998046875,0.4349702593976027,0.4102671293298455,27.403126342048967,0.208418337969633,0.3929402806784144,0.4730357932086755,2.465068424433234,15.777284071114472,4.118405135924495
sub-10124,2,beta,12.0,f,TD,64,62.998046875,0.3327319115294875,0.299715253873613,20.96211042635771,0.2246896789518792,0.2907604074143278,0.37173538820636,3.220973301669373,10.805978748296187,4.114276708780565
sub-10124,2,gamma,12.0,f,TD,64,62.998046875,0.2449163905613029,0.2071892428279676,15.429732605362082,0.2800053660842122,0.2065543073887145,0.2848378913768631,4.408750567648074,3.807495615631815,4.097589875875045
sub-10129,1,theta,12.7,f,TD,64,62.998046875,0.2781102864843082,0.2511054235757516,17.52094804851142,0.1229967336984433,0.2434319049885159,0.3238153829415888,3.508383395569549,10.189589538038122,4.132271890790219
sub-10129,1,alpha,12.7,f,TD,64,62.998046875,0.2929203360188332,0.268427290508314,18.45398116918649,0.1543083697342065,0.2591508092247731,0.3328627359239852,3.4498560570076497,7.348152430554197,4.127339120816933
sub-10129,1,beta,12.7,f,TD,64,62.998046875,0.195663491664745,0.1531718708703568,12.326799974878938,0.1897455162872889,0.1589751875527185,0.2473995393371389,4.893201261851118,6.803314976521029,4.118591548168285
sub-10129,1,gamma,12.7,f,TD,64,62.998046875,0.2124018396604601,0.1592886498377472,13.381315898608989,0.1966834577860297,0.1743213054371472,0.2631266777477543,4.654045904206831,4.720348647659266,4.116767112757569
sub-10129,2,theta,12.7,f,TD,64,62.998046875,0.2709795538204265,0.251642474760437,17.07171189068687,0.1178778003385809,0.2336020617239139,0.317989187299448,3.5658339680572184,11.686880389002278,4.132915244088948
sub-10129,2,alpha,12.7,f,TD,64,62.998046875,0.2998426026467725,0.2794570707949959,18.890083966746666,0.1522332613120729,0.2646870637492596,0.3421669872882829,3.344317123716721,9.00709196974666,4.12810603173813
sub-10129,2,beta,12.7,f,TD,64,62.998046875,0.1949316927412257,0.1494757440536602,12.28069664269722,0.2105030210017601,0.1593400726344443,0.2438120679056532,5.02791478809642,6.037392407382025,4.114108031474545
sub-10129,2,gamma,12.7,f,TD,64,62.998046875,0.2160857723463048,0.1631096168171386,13.613403657817203,0.2370213209245404,0.1799317419624824,0.2620391681383226,4.711697230156735,5.150641375351295,4.108043364165772
sub-10129,3,theta,12.7,f,TD,64,62.998046875,0.2749840609684961,0.2524051469256375,17.323995841015257,0.1274065602009192,0.237155916137451,0.3220991422677446,3.533174989405252,11.520154325063308,4.131720518630242
sub-10129,3,alpha,12.7,f,TD,64,62.998046875,0.3162594103015508,0.2944347034877522,19.924342848997703,0.1539797681325269,0.2818394547841336,0.3545713981424014,3.218219907790564,9.718472002796345,4.128053760669929
sub-10129,3,beta,12.7,f,TD,64,62.998046875,0.1973571333387095,0.1584017425766554,12.433499400338704,0.201432200179426,0.1648981404437678,0.2416825977079246,4.995417064048712,6.288657388104681,4.116643480443759
sub-10129,3,gamma,12.7,f,TD,64,62.998046875,0.1933251978118124,0.144984501402161,12.179487462144182,0.2154605415266193,0.1617822981815901,0.2336012821661452,5.31238465554419,4.429136380289218,4.113006224311357
sub-10129,4,theta,12.7,f,TD,64,61.998046875,0.2928028142075216,0.2739928444028344,18.44657729507386,0.1312846924100442,0.25442431908698,0.3390119732331853,3.3501661155410103,11.540466306198548,4.13132410197638
sub-10129,4,alpha,12.7,f,TD,64,61.998046875,0.3555779932226541,0.3370539732179533,22.401413573027213,0.1599122652114911,0.3182443704818865,0.3956600437813002,2.890758496698271,11.841546424083177,4.127254388128286
sub-10129,4,beta,12.7,f,TD,64,61.998046875,0.2080653333932284,0.1655189043237733,13.10811600377339,0.2220631034513534,0.1750216442384093,0.2530582122684212,4.798672427840053,5.7124838807066975,4.11194336177985
sub-10129,4,gamma,12.7,f,TD,64,61.998046875,0.1964628878056278,0.1423895801194562,12.377161931754552,0.2533402905143093,0.1598173648384212,0.2449092408372493,5.091142193393814,5.438643992928744,4.10340403983691
sub-10129,5,theta,12.7,f,TD,64,62.998046875,0.2791374814043117,0.2593782955101363,17.585661328471637,0.11795881292211,0.2385990682175934,0.3297775618809389,3.440662202834549,11.8074844314859,4.132816319558474
sub-10129,5,alpha,12.7,f,TD,64,62.998046875,0.3423412897754033,0.3237229083595184,21.56750125585041,0.1673779346194467,0.3036691404071948,0.3838110179423034,2.985537942481661,10.88054581939545,4.125762353863094
sub-10129,5,beta,12.7,f,TD,64,62.998046875,0.1984996532547226,0.1579016989272728,12.505478155047529,0.2162807179598515,0.1650758336350639,0.2447010908512778,4.947976920275897,5.7339237843024,4.113288021504594
sub-10129,5,gamma,12.7,f,TD,64,62.998046875,0.1778517434237968,0.1285228125718877,11.204659835699202,0.2336581952480904,0.1446389535813318,0.2234141668058569,5.625008873373348,4.111600530325324,4.107175459132829
sub-10129,6,theta,12.7,f,TD,64,62.998046875,0.2897352338911223,0.2678585685701182,18.253319735140707,0.1495328576729111,0.2488442833016721,0.339765073542999,3.348134702482765,11.587835103000131,4.128655038775517
sub-10129,6,alpha,12.7,f,TD,64,62.998046875,0.347627593129872,0.3285665765298772,21.900538367181937,0.1482739762545147,0.3089458075617983,0.3906394381420758,2.9047540166430026,13.53985113588259,4.1293156505040605
sub-10129,6,beta,12.7,f,TD,64,62.998046875,0.2001872861560993,0.1613999628274587,12.611799027834255,0.2118651680335573,0.1675170452680294,0.2445801671615572,4.9554059507435495,5.430428473888252,4.114216837336333
sub-10129,6,gamma,12.7,f,TD,64,62.998046875,0.1630403062074113,0.1179077676788919,10.27153929106691,0.2380897707748632,0.1317858620890789,0.2075685117818212,5.99551328602314,4.296242842513347,4.106654150333102
sub-10170,1,theta,8.3,f,TD,64,62.998046875,0.3020085555079048,0.2773433400256069,19.026538996998006,0.1213934013346329,0.2632676449458166,0.3476121932273511,3.279293336689664,12.757028902266653,4.132635829547567
sub-10170,1,alpha,8.3,f,TD,64,62.998046875,0.2955226974996924,0.2769756939218289,18.61792994248062,0.1176083762458979,0.2561663380103923,0.3424494377028504,3.3237097267081497,12.470246014748334,4.133014641532069
sub-10170,1,beta,8.3,f,TD,64,62.998046875,0.2122998996309042,0.1621288608979969,13.374893676746964,0.2018479589732862,0.1743611730900553,0.2581534067806949,4.808642091319145,5.321482228750612,4.114742007419872
sub-10170,1,gamma,8.3,f,TD,64,62.998046875,0.1991214084544967,0.1429570137845842,12.544648732633291,0.2362772931369495,0.161864585366951,0.2468602840396853,5.1282112165255045,3.5727700582201463,4.104976565475171
sub-10170,2,theta,8.3,f,TD,64,62.998046875,0.3096284754823304,0.292820708102324,19.50659395538681,0.1777811019395781,0.2705307479152096,0.3552217844066646,3.2443502236947688,10.812709229093205,4.123720313483271
sub-10170,2,alpha,8.3,f,TD,64,62.998046875,0.306491120891684,0.2919016041117512,19.30894061617609,0.1511539865766604,0.2631193282395089,0.3546307835471582,3.223120149091698,11.132052271660008,4.128130543075728
sub-10170,2,beta,8.3,f,TD,64,62.998046875,0.2089007283130448,0.1643207634155312,13.16074588372182,0.2011000724538921,0.1740594165437831,0.2518914790917363,4.839274698379158,5.867754856414852,4.115734378676866
sub-10170,2,gamma,8.3,f,TD,64,62.998046875,0.1849425512927601,0.1327821873385066,11.651380731443886,0.2509193098706573,0.1488917770905793,0.2334568701148457,5.373858567941918,4.366678601444438,4.102079995822205
sub-10170,3,theta,8.3,f,TD,64,62.998046875,0.3155234388368109,0.2874400228717008,19.877976646719087,0.1401917178760506,0.2782406506832434,0.3568665986766904,3.2131148476188067,12.462043981187296,4.130200030724178
sub-10170,3,alpha,8.3,f,TD,64,62.998046875,0.3186754240250522,0.3034308016081355,20.07655171357829,0.1484308510271385,0.2751876166601488,0.3658909653183756,3.1308819685843234,10.70929456887713,4.128535389919424
sub-10170,3,beta,8.3,f,TD,64,62.998046875,0.2164930715929435,0.1760589681234198,13.639063510355443,0.2007483179138205,0.1791167404196552,0.2570889137904442,4.850542741909808,5.318167782564517,4.115099995027005
sub-10170,3,gamma,8.3,f,TD,64,62.998046875,0.1950776583340042,0.1425545998657274,12.289892475042263,0.2215665514418298,0.156779168609264,0.2393721423514017,5.367822168816201,4.657078571385363,4.108902737975012
sub-10170,4,theta,8.3,f,TD,64,62.998046875,0.3211277605753945,0.2974519811550598,20.23104891624986,0.1277362694226697,0.2808181975270008,0.3661724044133691,3.133382334537123,13.288561439587813,4.13175560615603
sub-10170,4,alpha,8.3,f,TD,64,62.998046875,0.3238201635974836,0.3004189721283908,20.40067030664147,0.157007836846281,0.2831551920472345,0.3688824634467882,3.1124388269480985,12.101926915290068,4.127407498280831
sub-10170,4,beta,8.3,f,TD,64,62.998046875,0.2351478852425708,0.2023376330014435,14.814316770281966,0.1948156207621805,0.1976676744798871,0.2774211279606372,4.351698663994692,7.484401836826835,4.118314641713919
sub-10170,4,gamma,8.3,f,TD,64,62.998046875,0.2021187826303538,0.1610831893087994,12.73348330571229,0.2336733884230838,0.165681577616696,0.2429065808697231,5.150643200835109,5.798898019970076,4.107891990819399
sub-10170,5,theta,8.3,f,TD,64,61.998046875,0.3161896540972382,0.2967267894256643,19.91994820812601,0.1664556483414615,0.2768743747754979,0.360662439958639,3.2022779387048503,11.230270549225605,4.125790210357066
sub-10170,5,alpha,8.3,f,TD,64,61.998046875,0.3157818091707656,0.2986261448277584,19.89425397775824,0.1569131032248611,0.2721299795998839,0.3634922268140533,3.167276471541667,10.33355442922002,4.127058136086849
sub-10170,5,beta,8.3,f,TD,64,61.998046875,0.263524296230534,0.2439809583153851,16.60203066252364,0.1456976853056312,0.2245673533715847,0.306484374769004,3.794184473745165,9.437979148404796,4.128251173179527
sub-10170,5,gamma,8.3,f,TD,64,61.998046875,0.237397287460858,0.2126604355164852,14.956029110034056,0.1726537257603309,0.201645321834551,0.2765598338408234,4.286464289196045,7.851674666110325,4.1229899844928655
sub-10170,6,theta,8.3,f,TD,64,62.998046875,0.3332101867569167,0.3102167019641791,20.992241765685755,0.1420089656494727,0.294935906265708,0.3757357921761675,3.044216661002064,13.490318515166532,4.1301344286508055
sub-10170,6,alpha,8.3,f,TD,64,62.998046875,0.3378338935365368,0.323683875650318,21.283535292801822,0.1498467548868778,0.2948689527713661,0.3835042054301481,2.987756915656421,12.1343056549493,4.128564435899679
sub-10170,6,beta,8.3,f,TD,64,62.998046875,0.2324030414916668,0.1964748739076431,14.64139161397501,0.1950478803083807,0.1939207446346536,0.2757152591236878,4.357842600529079,7.482877193311968,4.11824256158619
sub-10170,6,gamma,8.3,f,TD,64,62.998046875,0.1933881746576138,0.1522185563146877,12.183455003429671,0.2523776819421973,0.1584790912396618,0.2345887809897064,5.37389878747106,5.099459887647718,4.102798610506319
sub-10177,1,theta,8.1,m,TD,64,62.998046875,0.2791581825404972,0.2516213464466625,17.586965500051324,0.1403770532457188,0.2434104050124906,0.324732567106111,3.518481912125134,11.42678570888914,4.130171216152562
sub-10177,1,alpha,8.1,m,TD,64,62.998046875,0.3089288683342437,0.2852480648699995,19.462518705057352,0.1510311512485114,0.2727915355157107,0.3527416964188219,3.224552681807301,11.734049190601546,4.12872108206914
sub-10177,1,beta,8.1,m,TD,64,62.998046875,0.2310317798063431,0.2070104127578273,14.555002127799614,0.203902793417758,0.1994357791948889,0.2717441128479098,4.291598319742668,7.149595596788512,4.118218416425933
sub-10177,1,gamma,8.1,m,TD,64,62.998046875,0.160472648027386,0.131258264397676,10.109776825725325,0.2420008201640318,0.1344416834124515,0.1989316772427293,6.070099514026548,5.28329447688799,4.1076051925324215
sub-10177,2,theta,8.1,m,TD,64,62.998046875,0.2858313570154758,0.2619971711328208,18.007375491974972,0.1499061791607307,0.2465630699522047,0.3348498294587688,3.4126027202397053,11.584508537583702,4.128668293074899
sub-10177,2,alpha,8.1,m,TD,64,62.998046875,0.306596231364531,0.2882011838158259,19.31556257596545,0.1707236318313115,0.267631774507065,0.3507831340980751,3.265780634915599,11.187496294211185,4.125328639363205
sub-10177,2,beta,8.1,m,TD,64,62.998046875,0.2541138954061147,0.2281698891476565,16.00917541058523,0.2060772243642542,0.2213794415372705,0.2954657070329688,3.935953304898891,7.934958453776449,4.118083611257774
sub-10177,2,gamma,8.1,m,TD,64,62.998046875,0.2080160428660565,0.1826283435564631,13.105010700561566,0.1965338830830719,0.1782453865033231,0.2466395545889823,4.786449727377812,5.273190493703202,4.118242157856104
sub-10177,3,theta,8.1,m,TD,64,62.998046875,0.2869951142303162,0.2593549654969382,18.08069219650993,0.169562022550877,0.2512392741562657,0.3319362759338609,3.4481829152506163,11.639655496679088,4.125868677577622
sub-10177,3,alpha,8.1,m,TD,64,62.998046875,0.3145401522415652,0.294244691212622,19.81602959121861,0.1726148809877413,0.2761977303502677,0.3582022036752254,3.1928652159143827,12.56185854901183,4.125313474974466
sub-10177,3,beta,8.1,m,TD,64,62.998046875,0.2558916648708503,0.2360635752270586,16.12117488686357,0.1669602360808728,0.2209003693620105,0.2985776871268653,3.837861880522149,8.499803476411174,4.125719304504026
sub-10177,3,gamma,8.1,m,TD,64,62.998046875,0.2123516116271763,0.193534280698206,13.378151532512112,0.1659876449485989,0.1822607261680372,0.250710044799962,4.60740438619918,5.835962095791389,4.125004358781281
sub-10177,4,theta,8.1,m,TD,64,62.998046875,0.2893807282513684,0.2633015498637148,18.23098587983621,0.1767582589736447,0.2546568709531311,0.3337563289113058,3.423903379264772,11.758923642723085,4.124846824777351
sub-10177,4,alpha,8.1,m,TD,64,62.998046875,0.2747592858904231,0.2487207588485601,17.30983501109666,0.1937267484559901,0.2372107477348438,0.3206066008057743,3.603175227340633,8.949420737937265,4.120889208500144
sub-10177,4,beta,8.1,m,TD,64,62.998046875,0.2444441651749395,0.2270632773394633,15.399982406021191,0.1659054861348101,0.2092912090094692,0.2877333185899303,4.005671524403689,7.962777748281679,4.12539568418201
sub-10177,4,gamma,8.1,m,TD,64,62.998046875,0.2137468192975121,0.1926967525136719,13.466049615743264,0.1789223382733854,0.1833499428962324,0.2522289076405453,4.606005177563336,6.217044305020218,4.122747553570983
sub-10177,5,theta,8.1,m,TD,64,62.998046875,0.2832968593258911,0.2616578012589574,17.847702137531144,0.1795153166454728,0.246284034736633,0.3294303900404938,3.4797255570168715,10.864614796766174,4.123967332992786
sub-10177,5,alpha,8.1,m,TD,64,62.998046875,0.3013711069612429,0.2785393644481155,18.986379738558306,0.1873981471295251,0.2646823938346961,0.3449989054938298,3.321301038513293,11.573907580542482,4.122566435516408
sub-10177,5,beta,8.1,m,TD,64,62.998046875,0.2407476991815022,0.2182357922657554,15.167105048434642,0.1767568990868764,0.2061300915568069,0.2841818449614599,4.061123735685382,8.035611485745722,4.123496182845718
sub-10177,5,gamma,8.1,m,TD,64,62.998046875,0.2165979397119153,0.1911617854350129,13.645670201850663,0.1901767382715899,0.1848143936841583,0.2584143979523141,4.515849332947338,4.76717020715722,4.119491420631692
sub-10177,6,theta,8.1,m,TD,64,62.998046875,0.2894392468614018,0.2598411035021943,18.234672552268314,0.177149442658057,0.2520314703554362,0.3362950946809701,3.4121721199891755,10.895400422830509,4.124206429904556
sub-10177,6,alpha,8.1,m,TD,64,62.998046875,0.3419370132475697,0.3212200613630416,21.54203183459689,0.2040411040581618,0.3085357500008878,0.3798100720063003,3.017836351668989,12.259141211885868,4.11931068119651
sub-10177,6,beta,8.1,m,TD,64,62.998046875,0.2330500288074299,0.2103491720876542,14.682151814868083,0.2050978662438967,0.2002080665410598,0.2755841293148515,4.232634180146766,5.8977776681734335,4.117529631913964
sub-10177,6,gamma,8.1,m,TD,64,62.998046875,0.1817520354582177,0.154263654909876,11.450378233867715,0.2108435391183465,0.1545426942208087,0.2208524054140778,5.359806600290049,4.21115917562042,4.114711647936476
sub-10182,1,theta,10.6,f,TD,64,62.998046875,0.2570914428684275,0.2198519729919991,16.19676090071093,0.1686421438948638,0.2170278623907668,0.3079416285377506,3.805463769824729,7.405949015179303,4.1239625902287695
sub-10182,1,alpha,10.6,f,TD,64,62.998046875,0.3588345555763183,0.3404458739239738,22.60657700130805,0.2007554315547839,0.3255647125258423,0.3932650905308929,2.935939851322116,11.258722018132293,4.119331598551804
sub-10182,1,beta,10.6,f,TD,64,62.998046875,0.2040004202121365,0.1684125462601206,12.8520264733646,0.2492176786911009,0.1708610913778385,0.2477522360517716,4.893618202461123,6.271782125551844,4.106087348448711
sub-10182,1,gamma,10.6,f,TD,64,62.998046875,0.1715002790627092,0.1283378537799708,10.80451758095068,0.300423781366928,0.1418674089686245,0.2122742949183942,5.933565158919133,4.079256637164973,4.0897851863316586
sub-10182,2,theta,10.6,f,TD,64,62.998046875,0.2733926705528385,0.2475454742720157,17.22373824482883,0.1412289030772212,0.2380468967177836,0.3180899659703765,3.6149723138454326,8.872968944277725,4.129471374038199
sub-10182,2,alpha,10.6,f,TD,64,62.998046875,0.4015153083981348,0.3860463791423034,25.295464429082493,0.2223130546210269,0.369057580185469,0.4333325803699827,2.67455723252896,11.809380602610606,4.11472213631389
sub-10182,2,beta,10.6,f,TD,64,62.998046875,0.2204642507002077,0.1874753661496556,13.88924779411309,0.2381997452956646,0.1868218478418934,0.2631494384079204,4.548468992064892,5.970549190283474,4.1090521897133
sub-10182,2,gamma,10.6,f,TD,64,62.998046875,0.174501448816684,0.1313110946900389,10.993591275451095,0.3037060589029129,0.144699360790362,0.2150134177110741,5.903713696909544,4.3848418577038775,4.088516795484519
sub-10182,3,theta,10.6,f,TD,64,61.998046875,0.2608573661579155,0.2269503839705722,16.43401406794868,0.1379752848250391,0.221513372568778,0.3107775427599533,3.766011828984969,10.35031927933423,4.129368751582523
sub-10182,3,alpha,10.6,f,TD,64,61.998046875,0.4026850460036856,0.3848111913787492,25.369157898232192,0.2370534582278685,0.3674270490819469,0.4372035245108301,2.6668853785127338,12.877016557389467,4.111169566771452
sub-10182,3,beta,10.6,f,TD,64,61.998046875,0.2131863242196392,0.177204771775582,13.43073842583727,0.2250895749619292,0.17667059321449,0.2595064917679979,4.646794984047271,6.763887058952874,4.111944196275239
sub-10182,3,gamma,10.6,f,TD,64,61.998046875,0.16633888909471,0.1231104088230928,10.47935001296673,0.2965200320807984,0.1352401144481571,0.2091020991828847,6.170626757267557,3.3458577791952315,4.089139066490668
sub-10182,4,theta,10.6,f,TD,64,62.998046875,0.2646633722766092,0.1920683810775235,16.67379245342638,0.1077795098693133,0.2153813107264268,0.3199832086372243,3.8535751365118034,9.355272577478756,4.131839902248999
sub-10182,4,alpha,10.6,f,TD,64,62.998046875,0.3925859590732378,0.3901997106856931,24.73291542161398,0.2732200930437553,0.3515211598405123,0.4345959711060118,2.70482147486227,10.477727164475503,4.100091340328228
sub-10182,4,beta,10.6,f,TD,64,62.998046875,0.1968157275067147,0.1457252766020262,12.399390832923023,0.2424283157039562,0.157506179994998,0.2484215652233468,5.076612144841167,4.607372481594968,4.104845820695058
sub-10182,4,gamma,10.6,f,TD,64,62.998046875,0.1664636057385437,0.1094756842415377,10.487207161528254,0.3067565214364101,0.1288278414487347,0.2148944616624146,6.392427883080838,3.2240785477466463,4.081737412507866
sub-10182,5,theta,10.6,f,TD,64,62.998046875,0.284070880804548,0.257720784472044,17.896465490686523,0.1351945075450558,0.2438675794732487,0.3326431515089182,3.4587216039332063,8.938317854676193,4.130168244112677
sub-10182,5,alpha,10.6,f,TD,64,62.998046875,0.4296222606645393,0.4324928063646416,27.066202421865977,0.2463792853294981,0.3880242696393802,0.4683926936999072,2.4876572376820474,13.498091082751731,4.108398860754402
sub-10182,5,beta,10.6,f,TD,64,62.998046875,0.2285210529520817,0.2047786769464603,14.396826335981146,0.2113982728851073,0.1935323578053719,0.2722047859882409,4.34303920218222,6.80038837473917,4.115624293430702
sub-10182,5,gamma,10.6,f,TD,64,62.998046875,0.1826393791551418,0.1417356937579647,11.506280886773936,0.3018524934370337,0.152421576007047,0.2223306960916316,5.659165330700365,4.375879649421961,4.088730237038786
sub-10182,6,theta,10.6,f,TD,64,62.998046875,0.2849664737156658,0.2634051554964676,17.952887844086945,0.1447329097505541,0.244648172311432,0.3332566654718736,3.4562358531504267,9.062220033469757,4.128900551156123
sub-10182,6,alpha,10.6,f,TD,64,62.998046875,0.4161581202750034,0.4169017620235516,26.21796157732521,0.2143229786633423,0.3806784801286081,0.4502757467038359,2.5512874869214923,11.917196527722387,4.116510938835922
sub-10182,6,beta,10.6,f,TD,64,62.998046875,0.2171201917979794,0.1816491186527297,13.678572083272703,0.2437109198255609,0.1814253437558373,0.2614817153418639,4.6477737366720335,5.870872125655992,4.106841755673044
sub-10182,6,gamma,10.6,f,TD,64,62.998046875,0.1645520821040772,0.1220253369787091,10.366781172556866,0.3082185767104021,0.1344364616909839,0.207552882403563,6.108759274609878,4.604193358842094,4.086728415527945
sub-10212,1,theta,9.5,m,TD,64,152.998046875,0.2740862576083281,0.2391533886649041,17.26743422932467,0.1788320749166639,0.2357328187941293,0.3231130973561237,3.591499529948713,9.744036287225237,4.123348710029245
sub-10212,1,alpha,9.5,m,TD,64,152.998046875,0.2417499030014374,0.2081840208188978,15.230243889090556,0.1742896713464552,0.2009582422041138,0.2928853962767386,4.008332820963163,9.01604975649411,4.123581054337898
sub-10212,1,beta,9.5,m,TD,64,152.998046875,0.2169962059972174,0.1878554473886039,13.670760977824695,0.171580795521251,0.180630683502213,0.2630938659311914,4.448938934436272,7.1151502259855,4.123558704392259
sub-10212,1,gamma,9.5,m,TD,64,152.998046875,0.1891556297194321,0.1605519557637048,11.91680467232423,0.1818863336207936,0.1574260789538066,0.2327022591097335,5.069814993484941,5.623601475380702,4.12061558379975
sub-10212,2,theta,9.5,m,TD,64,152.998046875,0.244063956051268,0.1889572674630765,15.376029231229886,0.1466356127911647,0.2021922585928983,0.2964534142432929,4.057102032068355,8.710452958448307,4.127198530704824
sub-10212,2,alpha,9.5,m,TD,64,152.998046875,0.21914174508806,0.1573730221010315,13.80592994054778,0.1794576567517735,0.1734535306767276,0.2752369845396857,4.49598520687889,6.392823105340768,4.12055552196223
sub-10212,2,beta,9.5,m,TD,64,152.998046875,0.1999650261672806,0.1504193575222437,12.597796648538685,0.1831284833028141,0.1595085069174129,0.2512675984326433,4.916674377219184,4.890987696786517,4.119191828441747
sub-10212,2,gamma,9.5,m,TD,64,152.998046875,0.1913567980483339,0.1472102080810521,12.05547827704504,0.1913174446649361,0.1549923868332783,0.2355567777426068,5.274967476961645,4.2487940780893885,4.117119715612748
sub-10212,3,theta,9.5,m,TD,64,152.998046875,0.2440839951651505,0.1699015538771724,15.377291695404484,0.1194612087283882,0.1946495716513597,0.3026543673657602,4.087555258571932,8.328171531727255,4.129465133168385
sub-10212,3,alpha,9.5,m,TD,64,152.998046875,0.2282204360047145,0.1587548796064712,14.377887468297011,0.1560782442138156,0.1791801639261626,0.2866387928776574,4.3370773213007165,7.336120461252206,4.124337357877399
sub-10212,3,beta,9.5,m,TD,64,152.998046875,0.1962888459810786,0.1439669503414016,12.366197296807956,0.1941227012711065,0.155708527711601,0.2488313242942136,4.972825575560335,5.874160069364014,4.1169226755484765
sub-10212,3,gamma,9.5,m,TD,64,152.998046875,0.1699831419321007,0.1221072829061314,10.708937941722349,0.213766501714396,0.1342892693605406,0.2159759305440911,5.915612609987862,2.20410150865637,4.110086431443446
sub-10213,1,theta,8.2,f,TD,64,62.998046875,0.2929077786925092,0.2713299254745852,18.45319005762808,0.1568473941516603,0.2546486583603294,0.3404161007525226,3.351370946089705,11.811860734617165,4.127637651456557
sub-10213,1,alpha,8.2,f,TD,64,62.998046875,0.3283921380499526,0.3136616865963251,20.688704697147017,0.1673306305052464,0.291800441050242,0.3701572375501614,3.0665183534709093,13.535940789640252,4.126386934993014
sub-10213,1,beta,8.2,f,TD,64,62.998046875,0.1834388039042995,0.1545483381061541,11.556644645970874,0.2133633503366429,0.1531382368521253,0.2267879326073033,5.268183461976143,5.600288061031623,4.114716027619554
sub-10213,1,gamma,8.2,f,TD,64,62.998046875,0.1504191507377537,0.1151859830614306,9.476406496478486,0.232471909443468,0.1243917613401309,0.1907451069055002,6.449083747959666,4.305285114136325,4.109204122030652
sub-10213,2,theta,8.2,f,TD,64,62.998046875,0.2730882708742946,0.2494077121399485,17.20456106508056,0.1355087962956203,0.2365709398290464,0.3193536989365562,3.579358846694413,11.275173071980666,4.130664709648423
sub-10213,2,alpha,8.2,f,TD,64,62.998046875,0.2916586907554698,0.2754633878978124,18.374497517594605,0.1462384591743449,0.2559823562945921,0.3347147210402271,3.386904299143504,12.020970829535988,4.129405286949015
sub-10213,2,beta,8.2,f,TD,64,62.998046875,0.1785185099355347,0.1476042829655119,11.246666125938688,0.1966896512197689,0.1483819412051414,0.2210323042419018,5.420524594191341,5.290025415630919,4.117537341079316
sub-10213,2,gamma,8.2,f,TD,64,62.998046875,0.1633783640339594,0.1165094143922423,10.29283693413944,0.258845783280464,0.1332797577351522,0.2057721878831552,6.120550512895759,4.182092681786386,4.100666263449483
sub-10213,3,theta,8.2,f,TD,64,62.998046875,0.2918298816807754,0.2743231458719473,18.38528254588885,0.1430691617896063,0.2528805676482846,0.3391617552744783,3.3572463687939136,11.6928117290285,4.129670529376797
sub-10213,3,alpha,8.2,f,TD,64,62.998046875,0.3296159542577784,0.3238721721286834,20.76580511824004,0.2059275756323361,0.2937481597998156,0.3709449460139841,3.07291469993981,11.356793576155493,4.118659125013028
sub-10213,3,beta,8.2,f,TD,64,62.998046875,0.2004368755098725,0.1762226475929764,12.62752315712197,0.168828763901589,0.1687629352278939,0.2438651886647342,4.788597988782537,6.355262546642831,4.123804230158656
sub-10213,3,gamma,8.2,f,TD,64,62.998046875,0.1690819962185715,0.1381027363883777,10.652165761770007,0.2076673836019977,0.1423732638296181,0.2088594576192524,5.723623112843121,4.59161205391535,4.115355071349811
sub-10213,4,theta,8.2,f,TD,64,62.998046875,0.2733689728245547,0.2507349471598001,17.222245287946947,0.1445288949335988,0.2388678076892451,0.3169438548523018,3.592666032175161,11.04438525655795,4.129569330055527
sub-10213,4,alpha,8.2,f,TD,64,62.998046875,0.3002249397338116,0.2857654325689535,18.914171203230133,0.1955438826762007,0.2628490239433625,0.3435714085060153,3.3243234892612814,10.921458400706037,4.120693863999174
sub-10213,4,beta,8.2,f,TD,64,62.998046875,0.1971047498575812,0.1718592904829347,12.417599241027617,0.1801226833207375,0.1657218823551213,0.2415259692861015,4.851528729804934,6.040684294583197,4.121505293935416
sub-10213,4,gamma,8.2,f,TD,64,62.998046875,0.1766576495296388,0.1436477915683368,11.129431920367246,0.1906005646048531,0.1482394877427984,0.2170393169773932,5.474531668117101,4.955992269985311,4.119134307215552
sub-10213,5,theta,8.2,f,TD,64,62.998046875,0.2763367658283729,0.2562875908948023,17.409216247187498,0.137724927944012,0.2401312520764193,0.3222665071326565,3.5318672561795403,11.234064453653016,4.130462463706837
sub-10213,5,alpha,8.2,f,TD,64,62.998046875,0.3185335656554757,0.3034268597058397,20.067614636294973,0.1911090398732062,0.2834962733283219,0.3576983307780724,3.184741919335304,11.486956462000812,4.121740371585367
sub-10213,5,beta,8.2,f,TD,64,62.998046875,0.1857273600309243,0.1570505922570886,11.700823681948236,0.181357899864569,0.1556972665233167,0.2291066870270062,5.151131763139719,5.175228550362617,4.1207694961324055
sub-10213,5,gamma,8.2,f,TD,64,62.998046875,0.1694586262605645,0.1339998081971772,10.675893454415563,0.1946059626187372,0.1420615308517889,0.2087168633003454,5.768717216469473,4.466900949346231,4.117607763432607
sub-10213,6,theta,8.2,f,TD,64,62.998046875,0.2800172128147676,0.2573427840503959,17.641084407330357,0.1451314649574814,0.242989216717396,0.3266292659277934,3.4940737084058626,10.848972789739593,4.129230764372944
sub-10213,6,alpha,8.2,f,TD,64,62.998046875,0.3135043405695825,0.3028853834826119,19.750773455883696,0.1877268166854409,0.2793553289001701,0.3532339471637029,3.217681235888372,11.577135817981585,4.122423536277064
sub-10213,6,beta,8.2,f,TD,64,62.998046875,0.1906498690452161,0.160100704789989,12.010941749848618,0.1834347175819599,0.1601713552500889,0.2324226150879465,5.118398444987231,5.701509925402036,4.1201685533726256
sub-10213,6,gamma,8.2,f,TD,64,62.998046875,0.1798911685740009,0.1418362382277801,11.333143620162057,0.2356879629334591,0.150413135600365,0.2197226398906673,5.5739299624215,4.648260110973581,4.107984712730541
sub-10214,1,theta,12.6,f,TD,64,62.998046875,0.3183371475718804,0.30455975594428,20.055240297028465,0.1540854764705989,0.2767558004160781,0.3681480503898207,3.077440902364882,12.789053557738692,4.128329345232099
sub-10214,1,alpha,12.6,f,TD,64,62.998046875,0.4173249257082661,0.4092668029953663,26.291470319620764,0.2002619647606466,0.385887673456179,0.4475497808154087,2.5494065459025235,14.115547429586462,4.120436085362321
sub-10214,1,beta,12.6,f,TD,64,62.998046875,0.2838056190285252,0.2671017502060598,17.879753998797085,0.1769411498875571,0.2428834877504814,0.3303880435708756,3.462641030307065,11.552636884431324,4.124330889748263
sub-10214,1,gamma,12.6,f,TD,64,62.998046875,0.2134512326285359,0.1940814962408126,13.447427655597764,0.2099573573051979,0.184689756950812,0.2499838552870096,4.593048162900248,8.20472883844675,4.1179939205679545
sub-10214,2,theta,12.6,f,TD,64,62.998046875,0.3238637718319231,0.3069904903442427,20.40341762541116,0.1738168036136163,0.2833159114875783,0.3714744193434922,3.063847134810747,12.394949174125218,4.12492635099702
sub-10214,2,alpha,12.6,f,TD,64,62.998046875,0.4239127894778659,0.4246047161294638,26.70650573710555,0.2090123911726651,0.3912318186470998,0.4564606876917609,2.501689502049904,14.749531205734396,4.118218139036714
sub-10214,2,beta,12.6,f,TD,64,62.998046875,0.2843371964872449,0.2620577110062667,17.91324337869643,0.2125266031660215,0.245955029403448,0.3282999113585728,3.548072114456212,8.488729127736985,4.116764089536274
sub-10214,2,gamma,12.6,f,TD,64,62.998046875,0.1907691869579287,0.1613932962707908,12.018458778349512,0.1972017336926002,0.1622498013159243,0.2291471050498237,5.114277564569609,5.450590538380032,4.118917734124534
sub-10214,3,theta,12.6,f,TD,64,62.998046875,0.3291194882587441,0.3099267868400246,20.73452776030088,0.1958913300892747,0.2862551372696043,0.3794193207837579,3.01637294715396,11.797954008567178,4.120556652433151
sub-10214,3,alpha,12.6,f,TD,64,62.998046875,0.4908346235184962,0.5185408726791756,30.922581281665263,0.2339193136863207,0.4607079764009595,0.5156441598171649,2.2450996530523377,14.194472879254642,4.111442073333351
sub-10214,3,beta,12.6,f,TD,64,62.998046875,0.2581410506332474,0.2277313104409643,16.26288618989459,0.197476545261683,0.2213668899353758,0.3024510049128136,3.848181064630395,9.506654746708929,4.119946867085137
sub-10214,3,gamma,12.6,f,TD,64,62.998046875,0.1934228577577479,0.1614852977896689,12.18564003873812,0.2001930040704807,0.1665793550462317,0.2285696548582175,5.190198761496847,6.428977969377848,4.118184613381131
sub-10214,4,theta,12.6,f,TD,64,62.998046875,0.3232367574868221,0.3084870054497529,20.3639157216698,0.1400201352519637,0.2817825210896875,0.3700834410425925,3.064557454944149,13.533143434114708,4.130456040346718
sub-10214,4,alpha,12.6,f,TD,64,62.998046875,0.4522727450105326,0.4590329304302676,28.493182935663555,0.2265588571072995,0.4152622552267597,0.4856630695360229,2.371411650533447,12.943940238284044,4.1137919688733975
sub-10214,4,beta,12.6,f,TD,64,62.998046875,0.2967747005287556,0.2812248018808783,18.696806133311604,0.1601283294214333,0.2583288452866662,0.3409321299419947,3.346236990902477,12.410508341549887,4.127346690529146
sub-10214,4,gamma,12.6,f,TD,64,62.998046875,0.2154557305427245,0.2025449604767915,13.573711024191644,0.1665302350144456,0.1867647015004636,0.2503268957484056,4.539058077982251,8.840514401483158,4.126294360659559
sub-10214,5,theta,12.6,f,TD,64,62.998046875,0.3411799385461297,0.3340170636176663,21.494336128406168,0.2024091060542736,0.299925092934782,0.3871614490928534,2.951069804595125,12.345351329170358,4.119382334504287
sub-10214,5,alpha,12.6,f,TD,64,62.998046875,0.5087072012746646,0.5323312771136584,32.04855368030387,0.2351184360649807,0.4785738750517384,0.531058254124153,2.189393524902042,14.465944765003062,4.111426431484766
sub-10214,5,beta,12.6,f,TD,64,62.998046875,0.2756569466135516,0.2574772978470773,17.36638763665375,0.1812245537912009,0.2356118845430757,0.3211109517819117,3.584422313536058,10.114918528496014,4.123274833460804
sub-10214,5,gamma,12.6,f,TD,64,62.998046875,0.2272159839399045,0.2104247629965103,14.31460698821399,0.2411039953269269,0.1953167511237118,0.2644415400898431,4.433462873796507,5.834409401520618,4.109445308239819
sub-10214,6,theta,12.6,f,TD,64,61.998046875,0.3418051785021941,0.3259268680411219,21.533726245638228,0.1625494151046702,0.3003645432979281,0.3880589933788802,2.934981640342724,13.54999027807057,4.127052118739224
sub-10214,6,alpha,12.6,f,TD,64,61.998046875,0.4742141830127552,0.4923684359467669,29.875493529803578,0.233365067810069,0.437967816710501,0.506077482805175,2.2867456374819413,13.414187099879442,4.111972994330063
sub-10214,6,beta,12.6,f,TD,64,61.998046875,0.2785291717892764,0.2631328132399784,17.54733782272442,0.1544027151712275,0.2408031356127973,0.3227414176128558,3.5357879299619106,11.531583263330653,4.128124309305445
sub-10214,6,gamma,12.6,f,TD,64,61.998046875,0.2029399516406314,0.1814429874757164,12.785216953359775,0.222472004427896,0.1756872908638004,0.2385446762063485,4.825808755472936,5.822304453572027,4.114994697760326
sub-10258,1,theta,12.7,m,TD,64,62.998046875,0.2899994096376556,0.2696489031306868,18.269962807172305,0.1627309448588361,0.2539817872629157,0.334297306294469,3.4139064788656803,11.232735604883027,4.126685851995423
sub-10258,1,alpha,12.7,m,TD,64,62.998046875,0.2298001143579419,0.1994438624802368,14.47740720455034,0.1529981531901741,0.1982052561444854,0.2732135771686084,4.241425753490173,8.788686278047956,4.127485493107926
sub-10258,1,beta,12.7,m,TD,64,62.998046875,0.1957482707566625,0.1481548169897732,12.33214105766974,0.1910658155466045,0.1621509295885205,0.2413484681518228,5.05213387265036,6.723092992358069,4.1191225854074425
sub-10258,1,gamma,12.7,m,TD,64,62.998046875,0.2250998400815079,0.1613976128332924,14.181289925135,0.2566817771810202,0.1929232650308563,0.2569007184123581,5.000011199004108,4.623344122779184,4.103749945328614
sub-10258,2,theta,12.7,m,TD,64,61.998046875,0.2904046839350666,0.2689568221720414,18.295495087909195,0.1690461003890358,0.2521141037094788,0.3362763119317801,3.405050074292052,11.597054912617228,4.125606619461978
sub-10258,2,alpha,12.7,m,TD,64,61.998046875,0.2376027632121192,0.2113410777762313,14.968974082363513,0.1478638924788574,0.2015508840955469,0.2845261741219927,4.043456464971277,9.368448868620964,4.12824201361066
sub-10258,2,beta,12.7,m,TD,64,61.998046875,0.1996163041673111,0.1551248596448676,12.575827162540602,0.1739049894041722,0.1660668350518975,0.2454730217704314,4.899123222255659,6.869306113290008,4.122383800230804
sub-10258,2,gamma,12.7,m,TD,64,61.998046875,0.2029681367770163,0.1459265654566577,12.786992616952029,0.2373115115884209,0.1709237104508261,0.2400655133206779,5.29149663131783,4.54472981813236,4.10799420260302
sub-10258,3,theta,12.7,m,TD,64,62.998046875,0.2771729692176717,0.2497230594737281,17.461897060713323,0.1481119812573794,0.2414993287403671,0.3226994229131747,3.542160352590284,10.948578801832111,4.128862638986918
sub-10258,3,alpha,12.7,m,TD,64,62.998046875,0.2449288261102995,0.2189174346255771,15.43051604494887,0.1568105068862903,0.210080114385526,0.2909742128604963,3.9523966619115423,9.370834845993125,4.127131339352807
sub-10258,3,beta,12.7,m,TD,64,62.998046875,0.1962512309618433,0.153277949834195,12.363827550596127,0.1454060791614702,0.1618414388223678,0.2441567737106294,4.927981629907161,7.069226373161614,4.126560629944839
sub-10258,3,gamma,12.7,m,TD,64,62.998046875,0.201478934339374,0.1382652610115682,12.693172863380562,0.2262724720861222,0.1683254765841887,0.2395009627097173,5.344293395915501,4.708330637999464,4.1098798927440505
sub-10258,4,theta,12.7,m,TD,64,62.998046875,0.2756846701501894,0.2458194509906294,17.368134219461936,0.1590537967623796,0.2351649280761685,0.3257414814424486,3.547088403920805,10.66433737798203,4.126573547860462
sub-10258,4,alpha,12.7,m,TD,64,62.998046875,0.2379441511453806,0.2038433518949546,14.990481522158976,0.1684770374933638,0.2052833222888986,0.2835124796040806,4.098144969752044,8.41119685113927,4.1248677364271416
sub-10258,4,beta,12.7,m,TD,64,62.998046875,0.1848400075202936,0.1397746702673445,11.644920473778502,0.1849799147404357,0.1518265906135727,0.2319995772282378,5.266853401909912,5.666548490501596,4.119042519334339
sub-10258,4,gamma,12.7,m,TD,64,62.998046875,0.1903966526854199,0.1294686336107093,11.994989119181454,0.2381572684924121,0.1556526448555432,0.2329813205736898,5.55736006686604,3.60646992712072,4.105550948411879
sub-10258,5,theta,12.7,m,TD,64,61.998046875,0.2814121163193174,0.2625847650364356,17.728963328116997,0.1544980125367839,0.2441875510128499,0.327549438832912,3.4798939570336143,10.528943859748564,4.127907576348885
sub-10258,5,alpha,12.7,m,TD,64,61.998046875,0.2397445706119403,0.217796401392697,15.10390794855224,0.1288021612454494,0.2049022251606734,0.2865714695838293,3.9857508554344094,9.74839108925612,4.131127529437836
sub-10258,5,beta,12.7,m,TD,64,61.998046875,0.1922540712875153,0.1530972631116166,12.112006491113462,0.1883444003760597,0.1609316985253732,0.237884988320413,5.042603111822465,6.268091564334046,4.119558583850316
sub-10258,5,gamma,12.7,m,TD,64,61.998046875,0.1875989981793265,0.1330111274700494,11.818736885297568,0.2140246999314437,0.1563214337581507,0.2267982057528906,5.579268758601795,5.078250355712193,4.11262096625895
sub-10258,6,theta,12.7,m,TD,64,61.998046875,0.2670866484641125,0.2375157833616218,16.82645885323909,0.1701035168053981,0.2321711426172205,0.3116374182141757,3.706898381477892,9.810017747305547,4.1250940020145705
sub-10258,6,alpha,12.7,m,TD,64,61.998046875,0.2238590665934941,0.1995473904740828,14.103121195390129,0.1553714005862156,0.1896136861938727,0.2709846350999964,4.271255640108658,8.804100515189393,4.126823630948556
sub-10258,6,beta,12.7,m,TD,64,61.998046875,0.1898118120688287,0.1445926703769387,11.958144160336207,0.2039243515821711,0.1576813609654089,0.2342509578105154,5.29701033661946,4.610726496670349,4.11475382636427
sub-10258,6,gamma,12.7,m,TD,64,61.998046875,0.2059312891833539,0.1478179784725022,12.973671218551296,0.23072584869862,0.1721699786942642,0.2457015255315281,5.240828432320663,3.680811227980768,4.107419488472543
sub-10260,1,theta,8.3,f,TD,64,152.998046875,0.3088378581981142,0.2888688274473423,19.456785066481192,0.1914130092186644,0.2678809329180314,0.3575582987105117,3.20379109880505,11.389189726923126,4.121388971232351
sub-10260,1,alpha,8.3,f,TD,64,152.998046875,0.2996537134129137,0.2822473324567402,18.878183945013568,0.1243871467395837,0.2601811405812139,0.346151576449402,3.279872600689536,12.830952162252254,4.1322253095631885
sub-10260,1,beta,8.3,f,TD,64,152.998046875,0.2433519098121062,0.2232829492696892,15.331170318162698,0.1718639686388212,0.2068058473543013,0.2893310555389804,3.983103499018705,9.20680708521826,4.124540881082647
sub-10260,1,gamma,8.3,f,TD,64,152.998046875,0.1824821170512206,0.1571246177787456,11.4963733742269,0.1867090894333776,0.1543776724810977,0.2208943691904727,5.319619913130066,6.047618982209414,4.120900238394457
sub-10260,2,theta,8.3,f,TD,64,152.998046875,0.2961633411029135,0.2738266788365913,18.65829048948355,0.1632482603940384,0.2560287810162251,0.3451039413714335,3.310132260652975,10.99569367529929,4.126407455793421
sub-10260,2,alpha,8.3,f,TD,64,152.998046875,0.3082489816712266,0.2893905780300764,19.41968584528728,0.122804437052296,0.2696044062854441,0.3540946235219019,3.2036813509476074,13.045625861222016,4.1325278427895045
sub-10260,2,beta,8.3,f,TD,64,152.998046875,0.2461013490129199,0.2207121441219443,15.504384987813957,0.1849393004717272,0.2090867294171872,0.2927725935391181,3.973962932216015,8.205892122694944,4.121796516760252
sub-10260,2,gamma,8.3,f,TD,64,152.998046875,0.1917358069981969,0.1649188322047586,12.079355840886407,0.1817658503267896,0.1608323190019912,0.2331451342248369,5.050710819306456,6.323731604733157,4.121525639389948
sub-10260,3,theta,8.3,f,TD,64,152.998046875,0.2975052293855348,0.2779080202014686,18.74282945128869,0.1733191942791651,0.2565028164398886,0.3473608520595009,3.2954324213186417,11.25887047215386,4.124580353327934
sub-10260,3,alpha,8.3,f,TD,64,152.998046875,0.3074442302990877,0.2844712820556611,19.368986508842525,0.131158697956617,0.2676674649372531,0.3540407134747493,3.213655723861144,12.070609871376275,4.131247709171349
sub-10260,3,beta,8.3,f,TD,64,152.998046875,0.2620382273429081,0.2488823143966566,16.508408322603216,0.146476185433367,0.2243184954267235,0.3075966504402119,3.7061730128690966,10.560023900819594,4.128944447493304
sub-10260,3,gamma,8.3,f,TD,64,152.998046875,0.2164125767699425,0.1972044785571083,13.63399233650638,0.1809356516728355,0.1859271807031012,0.2554763042976576,4.533736467084679,5.682712368689609,4.122265895426142
sub-10310,1,theta,11.8,m,TD,64,62.998046875,0.3370732459066367,0.3104049327806762,21.23561449211811,0.1347890717525456,0.3059654231370707,0.3710706101069081,3.051109637863713,13.997712225335617,4.131737980150265
sub-10310,1,alpha,11.8,m,TD,64,62.998046875,0.4037186117395464,0.389139780122078,25.434272539591426,0.1507117229593833,0.3625194278713272,0.4410692674930572,2.606137519729101,12.013921971640595,4.128817175643016
sub-10310,1,beta,11.8,m,TD,64,62.998046875,0.3213375743629046,0.3053671469101345,20.244267184863,0.1749063212298927,0.2829240313620579,0.3621754793143715,3.1746441353753365,11.566071516941754,4.124673814349497
sub-10310,1,gamma,11.8,m,TD,64,62.998046875,0.2647256984887632,0.2426382139530811,16.67771900479208,0.1754911986020566,0.2305594180933542,0.3065376002041412,3.769139225455353,6.750250394955359,4.123257991420705
sub-10310,2,theta,11.8,m,TD,64,62.998046875,0.3413686356220407,0.3244098756413633,21.50622404418857,0.1621933896254459,0.3034061153007613,0.3866567776177076,2.9352911549400176,13.155104288545544,4.127220565094556
sub-10310,2,alpha,11.8,m,TD,64,62.998046875,0.41365272919991,0.4102666045267154,26.06012193959433,0.1936678836299306,0.3736174364200249,0.4526864052455089,2.526681803528532,12.28721775832504,4.121302976720129
sub-10310,2,beta,11.8,m,TD,64,62.998046875,0.271770551331309,0.2436922284013672,17.121544733872465,0.20549044514459,0.2307885531003479,0.319678063055553,3.6848833174310673,7.468511657788069,4.116872885336933
sub-10310,2,gamma,11.8,m,TD,64,62.998046875,0.2454881435090631,0.2035582486057042,15.465753041070975,0.2120191347551166,0.2055509348893092,0.2951721801559977,4.031412217055999,7.485403932557454,4.114834015055433
sub-10310,3,theta,11.8,m,TD,64,62.998046875,0.3306472040611694,0.3085391722389163,20.830773855853675,0.1400274044681432,0.2901806362794925,0.3771457529005594,3.0108710089825816,13.772114051862822,4.130525548183924
sub-10310,3,alpha,11.8,m,TD,64,62.998046875,0.3898088304449102,0.3790977733002345,24.557956318029348,0.1632601410467343,0.3463407915338982,0.4333964326993361,2.6375894085497285,15.63702251453244,4.127088150368459
sub-10310,3,beta,11.8,m,TD,64,62.998046875,0.2913929467278239,0.2748162100492621,18.357755643852908,0.1690066724580136,0.2499209338454975,0.3376991036733408,3.4134871171804217,9.63200800609758,4.125072688737796
sub-10310,3,gamma,11.8,m,TD,64,62.998046875,0.2514900792216862,0.227103530265278,15.843874990966237,0.1770611182563067,0.213998521294611,0.2964870064510181,3.926680487035159,5.899484803419423,4.1224039882150745
sub-10310,4,theta,11.8,m,TD,64,62.998046875,0.3208043203901598,0.2994284328178406,20.21067218458007,0.1404097857553372,0.2806624634266864,0.3677480957759367,3.0977842053879945,13.560774752609976,4.130301384157794
sub-10310,4,alpha,11.8,m,TD,64,62.998046875,0.3699288023802157,0.364151379311424,23.3055145499536,0.1839703237301772,0.3257292285281655,0.4161137697150465,2.7459502762928203,13.030033462551687,4.1229908096692585
sub-10310,4,beta,11.8,m,TD,64,62.998046875,0.2841471518725096,0.2633795568474025,17.901270567968105,0.1732802365208462,0.2432786293417673,0.3308882867411364,3.4888891587864697,8.981571920441622,4.1242478398063644
sub-10310,4,gamma,11.8,m,TD,64,62.998046875,0.2482800918122739,0.2239214720177064,15.641645784173257,0.1847680015251425,0.2100739777287499,0.2951157328586125,3.9322729378893935,6.497156360323757,4.121270522490379
sub-10310,5,theta,11.8,m,TD,64,62.998046875,0.3482201530509805,0.3234982309674853,21.93786964221177,0.1777243202706502,0.3118995861770072,0.3887934601200139,2.937708262149658,12.99043385766404,4.124459089847699
sub-10310,5,alpha,11.8,m,TD,64,62.998046875,0.3601565287789298,0.3481738604889091,22.689861313072576,0.1858416014546955,0.3193857637482766,0.4050582245669965,2.8197624578636176,13.46466503972962,4.122922457883926
sub-10310,5,beta,11.8,m,TD,64,62.998046875,0.2849493193787968,0.270627591818281,17.951807120864203,0.1342749932020406,0.2442094016360335,0.3313041752658988,3.445364416677501,11.968080291850814,4.130861557978933
sub-10310,5,gamma,11.8,m,TD,64,62.998046875,0.2704372348308687,0.2566277118835339,17.037545794344723,0.1501098899474338,0.2327961562873801,0.3119072731999873,3.675275730103507,10.64488964514212,4.128465246972113
sub-10310,6,theta,11.8,m,TD,64,62.998046875,0.337853242491502,0.3137287847994571,21.28475427696463,0.1564884514945505,0.3039601401719642,0.3768283697977039,3.019520309639858,13.34675296720078,4.128236015229868
sub-10310,6,alpha,11.8,m,TD,64,62.998046875,0.4014189134710452,0.3950687290401711,25.28939154867585,0.1847180102556909,0.3644873441087712,0.439576320122034,2.59383025169998,15.335584925995487,4.123415532822963
sub-10310,6,beta,11.8,m,TD,64,62.998046875,0.3120166635167031,0.2981877913628236,19.65704980155229,0.1543892197926141,0.2722735024172543,0.3561486243984287,3.213584639061371,12.093735080898126,4.128205594689217
sub-10310,6,gamma,11.8,m,TD,64,62.998046875,0.2770677491166319,0.2628201037666753,17.455268194347816,0.1494230684934311,0.2383906004453709,0.3189078547662977,3.591297235645151,10.836823036576211,4.128623086044769
sub-10314,1,theta,9.0,m,TD,64,152.998046875,0.2872124300128107,0.2596092738896657,18.09438309080708,0.1713223833359678,0.2496118762774677,0.3337902055284364,3.438634376890693,10.84042192067612,4.125114530161369
sub-10314,1,alpha,9.0,m,TD,64,152.998046875,0.3447491348339338,0.330626483005928,21.71919549453784,0.1836091142180916,0.3100499972747793,0.3836283094887205,2.963638857141923,13.267012050383402,4.12347542091359
sub-10314,1,beta,9.0,m,TD,64,152.998046875,0.2174365653311048,0.1769822958246358,13.6985036158596,0.2258393271785918,0.18729632137241,0.257282228865963,4.681890909584262,7.207572439515757,4.112270427021673
sub-10314,1,gamma,9.0,m,TD,64,152.998046875,0.1607577369548362,0.117821188928507,10.12773742815468,0.2505877046229847,0.1316819159654897,0.2032664923141924,6.170183951791887,4.307646609879192,4.103365189829257
sub-10314,2,theta,9.0,m,TD,64,152.998046875,0.2706985822571823,0.2463288497793397,17.054010682202485,0.1529458112332301,0.2312620140720317,0.3196351265926115,3.583743356449282,10.37664391941724,4.127912039825179
sub-10314,2,alpha,9.0,m,TD,64,152.998046875,0.3196738201526913,0.3023266177399508,20.13945066961956,0.1633822111694109,0.2837699225954524,0.3629414735605005,3.1279246752023853,12.61306217034531,4.126984697505457
sub-10314,2,beta,9.0,m,TD,64,152.998046875,0.2095595856013397,0.1701249012977088,13.202253892884402,0.2189490652420189,0.1799425606478103,0.2496976256409559,4.8144111944812105,7.274896149222287,4.1138832016300615
sub-10314,2,gamma,9.0,m,TD,64,152.998046875,0.1607863557934724,0.1116418140723853,10.129540414988762,0.2647309571426982,0.13113458460483,0.2033300300311059,6.272738920974876,4.192376319749251,4.098199268007992
sub-10314,3,theta,9.0,m,TD,64,152.998046875,0.2780162151087156,0.259363461447236,17.515021551849088,0.1349673913397542,0.24002908895333,0.3250079030018852,3.502812110459206,11.122675081530106,4.130794567217497
sub-10314,3,alpha,9.0,m,TD,64,152.998046875,0.3182272993236926,0.298237566834003,20.04831985739264,0.1459430379709276,0.2809259223603537,0.3616858907742827,3.1353288272457465,12.407679518395351,4.129597603849996
sub-10314,3,beta,9.0,m,TD,64,152.998046875,0.2112678310175831,0.1709450970776633,13.309873354107737,0.2427584753099898,0.1808374805321427,0.2517134206640555,4.8380622324566245,6.557628769349927,4.107424566354475
sub-10314,3,gamma,9.0,m,TD,64,152.998046875,0.1606396653215271,0.1163264703868492,10.120298915256209,0.292306816521871,0.1321212438759628,0.2039021015370485,6.13586744752141,3.882799731032282,4.091326114953552
sub-10354,2,theta,12.5,f,TD,64,62.998046875,0.3149162179845191,0.2996033244821276,19.839721733024707,0.1663391257638756,0.2748052442993606,0.3613906900968645,3.154961747714172,12.184855802852894,4.126150215642372
sub-10354,2,alpha,12.5,f,TD,64,62.998046875,0.299718332288381,0.2825821730528646,18.882254934168003,0.1520367723090397,0.2586896208486978,0.3470111115301766,3.2845087990252577,10.791272376923995,4.128110115150561
sub-10354,2,beta,12.5,f,TD,64,62.998046875,0.2500524608897676,0.2330785093649225,15.75330503605536,0.1639798573372419,0.2134228514044916,0.2951986170798839,3.894163731969405,7.794209829186247,4.125524578605896
sub-10354,2,gamma,12.5,f,TD,64,62.998046875,0.1860817216411004,0.1589007053219593,11.723148463389329,0.2274430007571869,0.1568334449546735,0.2271916285115628,5.17556305615993,5.374063453316022,4.1117283019870845
sub-10354,3,theta,12.5,f,TD,64,62.998046875,0.3091280135098124,0.2932832669217466,19.475064851118184,0.1355975968658634,0.2713214627299575,0.3530506478298061,3.213633696035916,12.625819720561468,4.13103978678476
sub-10354,3,alpha,12.5,f,TD,64,62.998046875,0.3364343634483108,0.3283595934878154,21.19536489724358,0.1547827223120734,0.2944807908951007,0.3828199708436129,2.971587916639121,13.136553883807483,4.1280917939447805
sub-10354,3,beta,12.5,f,TD,64,62.998046875,0.2835432036680116,0.2699893566331924,17.86322183108474,0.1436632312112793,0.2429287000465912,0.3296295920079307,3.4674626191376388,11.31923943300964,4.12936644195997
sub-10354,3,gamma,12.5,f,TD,64,62.998046875,0.2294426773295676,0.2077233521514491,14.45488867176276,0.2203504873027798,0.1963525229032729,0.269866981404932,4.315213373958861,6.88356386841608,4.114193246447026
sub-10354,4,theta,12.5,f,TD,64,62.998046875,0.3194452513151654,0.3040209725705265,20.12505083285542,0.1218183714038859,0.2802753756000155,0.3639426606509333,3.1087383035902425,13.594808388979883,4.13288851211184
sub-10354,4,alpha,12.5,f,TD,64,62.998046875,0.3051300379818266,0.2920247799916905,19.22319239285508,0.0976836210879048,0.2642536448392919,0.3511949672294954,3.2321671270730463,13.098611205159596,4.135197985364859
sub-10354,4,beta,12.5,f,TD,64,62.998046875,0.2798151274447678,0.265112898105137,17.628353029020374,0.1298773535505455,0.2403747959279194,0.3250971976037396,3.5138195810841304,11.42857965469475,4.131258062671043
sub-10354,4,gamma,12.5,f,TD,64,62.998046875,0.2355412511566796,0.2168066932289898,14.839098822870817,0.1846950528350207,0.2032528531375793,0.2752980988401115,4.175998056574977,8.038146776813942,4.12200552755632
sub-10354,5,theta,12.5,f,TD,64,62.998046875,0.3057475047612557,0.2859456435915491,19.262092799959103,0.1342906270519924,0.2654264965086566,0.3527754036207617,3.2215945036507003,12.153200178480548,4.131046571958334
sub-10354,5,alpha,12.5,f,TD,64,62.998046875,0.3141058703662855,0.2995744919391905,19.788669833075986,0.133452990247935,0.2715023715855318,0.362097088673775,3.135664836597964,12.354561062852156,4.131120899115964
sub-10354,5,beta,12.5,f,TD,64,62.998046875,0.271798590186807,0.2585443160804759,17.12331118176884,0.1165566024070224,0.2323609956569081,0.3166137871475279,3.598287668333355,11.30446285221644,4.132964299629664
sub-10354,5,gamma,12.5,f,TD,64,62.998046875,0.2128792975667844,0.1915184975159137,13.41139574670742,0.2007566687266346,0.1826280592183786,0.2523760541047852,4.566739552800522,6.790878840123892,4.118780242309456
sub-10354,6,theta,12.5,f,TD,64,62.998046875,0.3110941770862304,0.2935412027556187,19.59893315643252,0.1397089581491889,0.2716480159229291,0.3569184423321477,3.1804463179198,13.235128475616872,4.130449208369531
sub-10354,6,alpha,12.5,f,TD,64,62.998046875,0.3155828664819372,0.3008691195579321,19.881720588362043,0.1431986699044707,0.2744306637246579,0.3617045977961751,3.140225212004624,12.703058588964424,4.129837940712773
sub-10354,6,beta,12.5,f,TD,64,62.998046875,0.2918910864103767,0.280348647424935,18.38913844385373,0.1206562606376832,0.2508554772284362,0.3375287645920264,3.371044387339213,12.19282586428382,4.132590203609393
sub-10354,6,gamma,12.5,f,TD,64,62.998046875,0.2463595994127738,0.2330959542875003,15.52065476300475,0.1508609982780094,0.2131368376679723,0.2851042095192256,3.99104756333842,10.044600307106908,4.1284878749930645
sub-10400,1,theta,12.6,f,TD,64,61.998046875,0.3082686816039302,0.2916585590936426,19.420926941047604,0.1153492985690648,0.2659681768392076,0.3588080478533076,3.1553054034697783,12.838860872203783,4.133360563477549
sub-10400,1,alpha,12.6,f,TD,64,61.998046875,0.3664673349280153,0.3510529415475761,23.08744210046497,0.1550235866516174,0.3333422553973109,0.401514007753558,2.81392143476442,14.85975300315246,4.128877727619502
sub-10400,1,beta,12.6,f,TD,64,61.998046875,0.2636248654509856,0.2502101112283522,16.60836652341209,0.1366231929099168,0.224954824767386,0.3106533622107327,3.676473602713165,9.824885644913426,4.130163720709308
sub-10400,1,gamma,12.6,f,TD,64,61.998046875,0.2412476824654114,0.2134788249789461,15.198603995320925,0.1980486877744265,0.2071827326763789,0.2832367516996442,4.118658445627846,6.401777102252137,4.118924546591805
sub-10400,2,theta,12.6,f,TD,64,62.998046875,0.3034924728276867,0.2792123527980924,19.12002578814426,0.1647066726615882,0.2654068768112272,0.3497956326306041,3.2950181007837744,7.891188162717892,4.125423286065711
sub-10400,2,alpha,12.6,f,TD,64,62.998046875,0.3113123092452956,0.2877305569114,19.61267548245363,0.1600376160002894,0.276075959903815,0.3528194193062404,3.2634093989831494,8.1924654123948,4.126662260922532
sub-10400,2,beta,12.6,f,TD,64,62.998046875,0.2626291032186777,0.2424431471309494,16.545633502776695,0.174219823085031,0.2199725247717706,0.3139459109560918,3.675059413589944,6.594548419815663,4.123302366355622
sub-10400,2,gamma,12.6,f,TD,64,62.998046875,0.288521753855688,0.2720100379294708,18.17687049290835,0.180412797688061,0.248434198679028,0.332546220363853,3.4782271017217767,9.220008180594691,4.123250004555701
sub-10400,3,theta,12.6,f,TD,64,62.998046875,0.3173926508107884,0.2949367669705169,19.995737001079668,0.1978950859034121,0.2777000063797588,0.364439790379461,3.1642762090163736,10.785532313821228,4.1200498489997655
sub-10400,3,alpha,12.6,f,TD,64,62.998046875,0.3232478519518075,0.3037700173468453,20.36461467296387,0.1838673416478035,0.2827475985257891,0.3702404933767009,3.0918077928129213,11.490175102032008,4.123025348755351
sub-10400,3,beta,12.6,f,TD,64,62.998046875,0.2406541705407646,0.2132042716969796,15.16121274406817,0.1734174143864808,0.2032492709586478,0.2877755449231471,4.066090340901769,6.882006044277782,4.123149469907176
sub-10400,3,gamma,12.6,f,TD,64,62.998046875,0.2433419074451042,0.2106653457320661,15.33054016904157,0.2165844350241271,0.205831270032737,0.2882229930862475,4.124390519632713,7.362376980372165,4.114186884008349
sub-10400,4,theta,12.6,f,TD,64,61.998046875,0.339472935931437,0.3240902503054328,21.386794963680533,0.1918664359725452,0.2988655955526328,0.385378987555649,2.9769696449071903,12.986980838559472,4.121501820634934
sub-10400,4,alpha,12.6,f,TD,64,61.998046875,0.3054037191153729,0.2878581837431233,19.2404343042685,0.1544481765220781,0.2648598852404942,0.3538617879541506,3.2053851721248963,12.725474818777714,4.128269193017417
sub-10400,4,beta,12.6,f,TD,64,61.998046875,0.2262557834981015,0.2004151776952563,14.254114360380395,0.1913258119051975,0.1915165338777779,0.2706756625165035,4.332592580160172,7.960713307542738,4.120472917241869
sub-10400,4,gamma,12.6,f,TD,64,61.998046875,0.1879281868663482,0.1569130505037013,11.839475772579938,0.2559550374782747,0.1571321131443909,0.2283588030577773,5.281702905312559,5.3139416546306215,4.105040862924116
sub-10400,5,theta,12.6,f,TD,64,62.998046875,0.3048245132491418,0.2872276524607572,19.203944334695933,0.1360853901780212,0.2618272677234383,0.3549057954516297,3.194000788184331,12.539657312327778,4.130752747560862
sub-10400,5,alpha,12.6,f,TD,64,62.998046875,0.3519590569591696,0.338230227041843,22.173420588427685,0.1602849859652805,0.3162215346888307,0.3920498551044349,2.890718289114566,14.458761081124043,4.1278133083703645
sub-10400,5,beta,12.6,f,TD,64,62.998046875,0.2687073924190258,0.2574498094401554,16.92856572239863,0.1208098281515317,0.2313555266863939,0.3136212649509532,3.620215854846101,11.305640277165182,4.132662576340126
sub-10400,5,gamma,12.6,f,TD,64,62.998046875,0.2261375652486257,0.2102017350064902,14.24666661066342,0.1894767423709406,0.195460121664997,0.2625961583775013,4.377102237025914,8.016904757447948,4.121809219844706
sub-10400,6,theta,12.6,f,TD,64,62.998046875,0.3129492770382103,0.2950609870829541,19.71580445340725,0.1101381703097251,0.2717010885082073,0.3611198557172692,3.136331425764024,13.536493652726818,4.134142915059496
sub-10400,6,alpha,12.6,f,TD,64,62.998046875,0.3633706917106589,0.3509272216272985,22.892353577771512,0.1762617907090218,0.3291317009593691,0.400200243154439,2.8426890664491227,14.454985505039794,4.125097290749636
sub-10400,6,beta,12.6,f,TD,64,62.998046875,0.2601418834453258,0.2468239821722066,16.388938657055522,0.1318118171099064,0.2228498722217026,0.3045963584476293,3.73988095318557,10.667204417811464,4.131090189718271
sub-10400,6,gamma,12.6,f,TD,64,62.998046875,0.219228929567967,0.2027383011867394,13.81142256278192,0.1824365214233649,0.1874204513307506,0.2570372035948196,4.466409769791664,8.735328077676314,4.1232384897119925
sub-10434,1,theta,8.7,m,TD,64,62.998046875,0.2728431927012244,0.2457596515343343,17.18912114017714,0.1381966223155913,0.2381240330998267,0.3179840671957619,3.5860088686494054,10.633204345549956,4.130238124399914
sub-10434,1,alpha,8.7,m,TD,64,62.998046875,0.3012973492571096,0.2776121417278872,18.98173300319791,0.170778559905656,0.2620712514109684,0.3477996797953858,3.3023896267343105,11.751741538148282,4.1252983682417605
sub-10434,1,beta,8.7,m,TD,64,62.998046875,0.1912319678604253,0.1604878092387513,12.047613975206795,0.2445561485831593,0.1606208646573002,0.2346578450251858,5.1253782868470426,5.6425473802278745,4.107140807334217
sub-10434,1,gamma,8.7,m,TD,64,62.998046875,0.1661194588472681,0.1257280160147686,10.465525907377891,0.2872356356635755,0.1376635927689191,0.2099505615519888,5.869090787902012,3.7723352602808937,4.093621878105108
sub-10434,2,theta,8.7,m,TD,64,62.998046875,0.2746429050174044,0.2472820377670333,17.302503016096477,0.1408668275652801,0.2395278019633602,0.3213562389085485,3.543412890096524,11.52002056573338,4.130072249587471
sub-10434,2,alpha,8.7,m,TD,64,62.998046875,0.3516346726185251,0.3324005769428488,22.152984374967083,0.2128362653777534,0.3148360564956072,0.3927152261202815,2.928780400159691,11.872796865583254,4.1172532536091495
sub-10434,2,beta,8.7,m,TD,64,62.998046875,0.1950015406975641,0.1662861280874024,12.28509706394654,0.2469903054069241,0.1637579964610246,0.2390438130164415,5.032950660854213,4.988540835969994,4.105895911078981
sub-10434,2,gamma,8.7,m,TD,64,62.998046875,0.1675718659503705,0.1328741701161679,10.557027554873349,0.2733458324109111,0.1391660765206063,0.2095367280514473,5.866425636778726,4.144134048207879,4.098262870320135
sub-10434,3,theta,8.7,m,TD,64,62.998046875,0.274301947386847,0.2498798027760283,17.28102268537136,0.1284267945105853,0.2363342397508098,0.3236809960118481,3.5225295052828627,10.893884844829934,4.131366929316763
sub-10434,3,alpha,8.7,m,TD,64,62.998046875,0.2777080645512922,0.2519501850755878,17.495608066731414,0.1782085987383043,0.2397851050763146,0.3259436508930344,3.5372617408891687,9.283585795428491,4.123524711541896
sub-10434,3,beta,8.7,m,TD,64,62.998046875,0.1867259114230911,0.1548218307295002,11.763732419654742,0.2259190165418598,0.1556745631053092,0.2310346761378862,5.217633646924324,5.416222107236056,4.111120088114363
sub-10434,3,gamma,8.7,m,TD,64,62.998046875,0.1698402735187165,0.1340164953257428,10.699937231679144,0.2574470465736012,0.1391651029424847,0.2153810232295735,5.683727863868722,4.285562898950842,4.102561475357431
sub-10434,4,theta,8.7,m,TD,64,61.998046875,0.2792083188244861,0.2508261201328983,17.590124085942623,0.14463865010092,0.2408742500828639,0.3283719848125089,3.4819981148343886,11.086697063957985,4.129195024382279
sub-10434,4,alpha,8.7,m,TD,64,61.998046875,0.3177815697997734,0.2944127600023274,20.020238897385724,0.1556387538368678,0.2792263954371048,0.3617666127206896,3.165449015888916,12.854128670590514,4.128061222822341
sub-10434,4,beta,8.7,m,TD,64,61.998046875,0.201708240493645,0.175803694622559,12.70761915109964,0.2159195261377503,0.1698229321785183,0.2460091128805701,4.819301893678446,5.631650948639273,4.114024353288838
sub-10434,4,gamma,8.7,m,TD,64,61.998046875,0.17233333051851,0.1420723931486907,10.856999822666127,0.2569982096328084,0.1445039442555846,0.2140580551916398,5.700177468638438,4.267336164968041,4.103186418793989
sub-10434,5,theta,8.7,m,TD,64,61.998046875,0.2827348374744668,0.2572053270105652,17.812294760891415,0.1334513564399503,0.2463731726833709,0.3295105791087057,3.4574700750138225,11.529337927617268,4.131079618488452
sub-10434,5,alpha,8.7,m,TD,64,61.998046875,0.2879322450390543,0.2603272896270825,18.13973143746042,0.1624496436522532,0.2523285537578337,0.331716735451972,3.459631941128729,11.673132512110469,4.126755087602057
sub-10434,5,beta,8.7,m,TD,64,61.998046875,0.1798812511908324,0.1462265211366173,11.332518825022444,0.2586236265811936,0.1492495448331385,0.2237127229292492,5.468181167404095,5.047080924854607,4.102792869429568
sub-10434,5,gamma,8.7,m,TD,64,61.998046875,0.1578606541337351,0.1207929011655308,9.945221210425313,0.2924247977240342,0.1293657839190808,0.2021339886020236,6.184823589229941,4.081687024636765,4.0925858300422
sub-10434,6,theta,8.7,m,TD,64,62.998046875,0.2736396443439676,0.2499044693569926,17.23929759366996,0.127649269094326,0.2354217525073732,0.3231012521639355,3.517479526917868,11.410218613137918,4.13164528192028
sub-10434,6,alpha,8.7,m,TD,64,62.998046875,0.3381758831992987,0.3151670329777651,21.305080641555826,0.1915927846826829,0.3021830840937861,0.3768707337095401,3.0459651055749086,12.702378856926138,4.121766688610626
sub-10434,6,beta,8.7,m,TD,64,62.998046875,0.1911583972806882,0.1606957804726709,12.04297902868336,0.2543542933233753,0.159267965178367,0.2358135832024331,5.138566290953237,4.882001718782172,4.103362493680185
sub-10434,6,gamma,8.7,m,TD,64,62.998046875,0.1669936731924864,0.1323074093735347,10.52060141112665,0.2763600467682114,0.138437622254435,0.210265322555446,5.876757730242102,3.764052415581673,4.096671181432464
sub-10520,1,theta,11.0,m,TD,64,151.998046875,0.2813732575079802,0.2580991287570149,17.726515223002753,0.1369901348853402,0.2415654200874736,0.3316721828632024,3.4280974631221137,11.5912140224077,4.130451128539185
sub-10520,1,alpha,11.0,m,TD,64,151.998046875,0.3557821967644839,0.3500104438986225,22.414278396162487,0.2018460650216053,0.3211458618199121,0.3938355353349011,2.90662190074416,12.765503945313291,4.119757439826235
sub-10520,1,beta,11.0,m,TD,64,151.998046875,0.2003347037457255,0.1736913088574723,12.62108633598071,0.2047293974384539,0.1690064410505019,0.2445305451254811,4.778504618420183,5.725837803623513,4.1172939674850175
sub-10520,1,gamma,11.0,m,TD,64,151.998046875,0.1360757665869248,0.104447733587593,8.572773294976264,0.2787352460442155,0.1105456374014069,0.1787373117786711,6.8501345864285215,3.942549932602082,4.096714185261908
sub-10520,2,theta,11.0,m,TD,64,152.998046875,0.2943432093770166,0.2720198610397938,18.54362219075205,0.1458731387745542,0.2565669877156269,0.3412661028365897,3.3321311071127964,12.126713148374188,4.12948378109359
sub-10520,2,alpha,11.0,m,TD,64,152.998046875,0.4596370767028521,0.4704939118208813,28.957135832279683,0.2494481660034702,0.4260887707065401,0.4870745475028136,2.3995166520056324,11.133500214523728,4.10683698871403
sub-10520,2,beta,11.0,m,TD,64,152.998046875,0.2164464204082501,0.1914304548505438,13.636124485719758,0.1874786158384574,0.1828389903218908,0.2622170450398841,4.434431889708648,5.693703412711097,4.12079995075287
sub-10520,2,gamma,11.0,m,TD,64,152.998046875,0.1582369332958069,0.1275144775979539,9.968926797635834,0.2442833977912143,0.1301907832435682,0.2017336183296141,5.929856733675367,4.525125578233001,4.106257328462851
sub-10520,3,theta,11.0,m,TD,64,151.998046875,0.2901305256991942,0.2689558204425956,18.27822311904924,0.1616818170474952,0.2494099213235468,0.3395165411764734,3.361258284182369,11.706176557505414,4.126843793155758
sub-10520,3,alpha,11.0,m,TD,64,151.998046875,0.4344988973819836,0.4395879000069289,27.373430535064973,0.2453380117189749,0.4010430171172358,0.4639354361336352,2.50952783821901,11.4079906260008,4.108182522301576
sub-10520,3,beta,11.0,m,TD,64,151.998046875,0.2032644067205008,0.1786308633174876,12.805657623391554,0.2106733258492941,0.1708479664697175,0.2484028750398853,4.710623749709287,5.63556316950854,4.116196425552679
sub-10520,3,gamma,11.0,m,TD,64,151.998046875,0.145711123321387,0.114615910638208,9.17980076924738,0.2720708042151347,0.1180856913495814,0.1902271477442295,6.390004487458233,4.634551610911571,4.099143981686011
sub-10593,1,theta,9.4,f,TD,64,152.998046875,0.2896190729225781,0.2707747771722975,18.24600159412242,0.1335461535782496,0.2506041598835478,0.3373297280127598,3.3748002779456567,11.471172227860976,4.1309886633381625
sub-10593,1,alpha,9.4,f,TD,64,152.998046875,0.2645741437598513,0.2377374273190431,16.668171056870634,0.1366105454182134,0.2277093101204036,0.3116267613876802,3.662009786413289,10.257055415490562,4.130349041273652
sub-10593,1,beta,9.4,f,TD,64,152.998046875,0.2313691382501577,0.2105254606744862,14.57625570975994,0.170329135837254,0.1962824124426267,0.2744601977175313,4.216698966497448,8.324057302428512,4.124696552731693
sub-10593,1,gamma,9.4,f,TD,64,152.998046875,0.1984012716403673,0.1729298171457431,12.49928011334314,0.2288919244882794,0.1680066471350182,0.2369370521438394,4.980321735203993,6.038386710388295,4.112164720976576
sub-10593,2,theta,9.4,f,TD,64,62.998046875,0.3089849302090509,0.2921847578602249,19.46605060317021,0.1773123512128621,0.2688379911540487,0.356841918909699,3.1914672936029143,12.498150134599866,4.124413683775347
sub-10593,2,alpha,9.4,f,TD,64,62.998046875,0.2766020878655003,0.2555714538633066,17.42593153552652,0.1543379042441555,0.24081825928269,0.3206060331115086,3.5523995104337587,10.865566261525908,4.12817824672989
sub-10593,2,beta,9.4,f,TD,64,62.998046875,0.2157245642907637,0.1947738966883455,13.590647550318115,0.1612882779737505,0.183373709166345,0.2590462655589011,4.465701940993946,8.444491115332955,4.126197190906666
sub-10593,2,gamma,9.4,f,TD,64,62.998046875,0.1874382554467864,0.1546973665109183,11.808610093147546,0.2079881884266344,0.1591868206595995,0.2274623601969027,5.208803759458995,6.295813589409299,4.116885200288185
sub-10741,1,theta,11.7,f,TD,64,62.998046875,0.3383879764936759,0.3198658304314524,21.318442519101588,0.1869438811912219,0.3007086446041815,0.3804650109161592,3.0087041479410703,13.00206513249001,4.122844907517348
sub-10741,1,alpha,11.7,f,TD,64,62.998046875,0.3801506034097877,0.3814969009947987,23.949488014816627,0.1499537025860627,0.3402651472968617,0.4187940121613009,2.7127738795801526,14.739262521292536,4.129342172903246
sub-10741,1,beta,11.7,f,TD,64,62.998046875,0.2973486181270233,0.2946470294649587,18.73296294200247,0.1656947901043017,0.2624929721667333,0.3353396296555119,3.382259596685482,11.882062711344997,4.126825598030114
sub-10741,1,gamma,11.7,f,TD,64,62.998046875,0.2233622675506731,0.2121614887010919,14.071822855692409,0.1764670641590665,0.1934584771132657,0.2586262336791954,4.407780066299548,6.885373021053306,4.1238860254092815
sub-10741,2,theta,11.7,f,TD,64,62.998046875,0.3386663892252033,0.3243913894208536,21.33598252118781,0.1945427863436798,0.2989912535792622,0.3825251876128918,2.994569825887234,12.964605885919433,4.12118308586682
sub-10741,2,alpha,11.7,f,TD,64,62.998046875,0.3914047782801915,0.3908816110388116,24.65850103165207,0.1566340830378269,0.3548388170019236,0.4264780751834565,2.663572220556427,15.049602544772569,4.128435486120547
sub-10741,2,beta,11.7,f,TD,64,62.998046875,0.3092266420647739,0.3021634942096821,19.48127845008076,0.1436780760436515,0.2809954546733146,0.3409395919001139,3.3006456113195424,12.56068566812529,4.130557265000987
sub-10741,2,gamma,11.7,f,TD,64,62.998046875,0.236213517614291,0.22972846675206,14.881451609700337,0.1590595136869139,0.2045265752940143,0.2723296725824279,4.1553668759577445,9.07998590151842,4.127492661880281
sub-10741,3,theta,11.7,f,TD,64,62.998046875,0.3373897391454551,0.327404183808782,21.25555356616368,0.2023834960588397,0.2978083168680553,0.38051018218383,3.009429177134783,13.226818895457836,4.119800591778004
sub-10741,3,alpha,11.7,f,TD,64,62.998046875,0.3960338694047791,0.3951247144206612,24.950133772501083,0.1644911743406072,0.3587959219650236,0.4314641150625653,2.6352061021669355,15.9501054370675,4.1273204848378615
sub-10741,3,beta,11.7,f,TD,64,62.998046875,0.3014067698902533,0.2968078638895062,18.98862650308596,0.1488647326271153,0.2708414161859949,0.3360624800153901,3.3603847642780624,11.338234818334367,4.129575758303989
sub-10741,3,gamma,11.7,f,TD,64,62.998046875,0.2272740858903749,0.2196274839713925,14.318267411093618,0.1437526857394514,0.1972422885635733,0.261525168545007,4.331755398540005,8.587737437801453,4.129732408235651
sub-10741,4,theta,11.7,f,TD,64,62.998046875,0.3365321457821522,0.3134883397757729,21.20152518427559,0.2272493349847126,0.2974830973115082,0.3806544803479854,3.035211005587727,12.079371522924026,4.1141586148214015
sub-10741,4,alpha,11.7,f,TD,64,62.998046875,0.4106976138111192,0.4116264862793623,25.87394967010051,0.1750924864412882,0.3717166487105405,0.4464540555799602,2.559250677913776,15.559531774758586,4.12539391047371
sub-10741,4,beta,11.7,f,TD,64,62.998046875,0.307537453468901,0.3004599379376699,19.374859568540764,0.1611622769031504,0.2771540914083809,0.341770992726908,3.315396044572718,11.460288229430176,4.127636090359786
sub-10741,4,gamma,11.7,f,TD,64,62.998046875,0.2227530298036893,0.2097159458098562,14.033440877632426,0.1889851583193863,0.1922561711238188,0.2581661149163966,4.467686546773863,5.639780346016378,4.121036176269803
sub-10741,5,theta,11.7,f,TD,64,62.998046875,0.328152970790505,0.3131945228770169,20.67363715980181,0.1864365703250664,0.2901508480926464,0.3717516457395964,3.0642946137357456,13.310756866378394,4.123152041855226
sub-10741,5,alpha,11.7,f,TD,64,62.998046875,0.349375454283036,0.3416414713108063,22.01065361983128,0.1737904884635381,0.3093229096230274,0.3933325275913124,2.885632300043873,14.476453808210891,4.1254878299646265
sub-10741,5,beta,11.7,f,TD,64,62.998046875,0.2898069493145763,0.2798195862504594,18.2578378068183,0.1675459700618845,0.2598431620658675,0.3238504966001181,3.529480887665794,8.373685429572255,4.125917902781006
sub-10741,5,gamma,11.7,f,TD,64,62.998046875,0.2201176270012737,0.2073302813415649,13.867410501080244,0.1809791839138548,0.1911276573659325,0.2546753030304678,4.515489347841811,6.05114035407057,4.122728677560918
sub-10741,6,theta,11.7,f,TD,64,62.998046875,0.3271351005458891,0.312538269608053,20.60951133439101,0.2126545266551051,0.2856084255079005,0.3732558135856033,3.075922566046235,12.302582134660502,4.117411136148165
sub-10741,6,alpha,11.7,f,TD,64,62.998046875,0.3695754590805181,0.3526839880520945,23.28325392207264,0.1657276312345641,0.330867896584151,0.4103983903316964,2.789081468958824,12.524373760789524,4.126643757576483
sub-10741,6,beta,11.7,f,TD,64,62.998046875,0.2986829620787404,0.2780914851430939,18.81702661096065,0.1788275514703512,0.2695263816307383,0.3312559336347248,3.5084939729298115,6.9502620104308015,4.123082688491708
sub-10741,6,gamma,11.7,f,TD,64,62.998046875,0.2122362608696502,0.185198660372526,13.370884434787968,0.1727294032609384,0.1819925050742508,0.2487145075623204,4.671841661738125,7.287459008047026,4.124102731518095
sub-10747,1,theta,9.2,m,TD,64,62.998046875,0.3098121867370089,0.2818783293497083,19.51816776443156,0.1843588857657127,0.2719653935222362,0.3558838960654159,3.2294826184257235,10.455580456258398,4.122710152155945
sub-10747,1,alpha,9.2,m,TD,64,62.998046875,0.3060801050103551,0.2936093321047592,19.283046615652378,0.1710960929392269,0.2714405388848784,0.3483726859046327,3.246380547098197,9.835884569314812,4.125391373719248
sub-10747,1,beta,9.2,m,TD,64,62.998046875,0.179203268944392,0.133938140031435,11.2898059434967,0.2474523831797505,0.1471603900468617,0.2244265845197905,5.457382713988974,5.064946827135644,4.105484449059272
sub-10747,1,gamma,9.2,m,TD,64,62.998046875,0.1715749334804813,0.1240374312503872,10.809220809270323,0.3313622737707309,0.1408102157988821,0.2140341077110377,5.926247036008323,3.372992536886791,4.079650964977319
sub-10747,2,theta,9.2,m,TD,64,61.998046875,0.3050117381002962,0.2796411982834025,19.215739500318666,0.2331418554087074,0.2617944199171765,0.3571777643326019,3.277578742080044,8.985544408870958,4.111631573614545
sub-10747,2,alpha,9.2,m,TD,64,61.998046875,0.3136891330357209,0.297343776240654,19.76241538125042,0.2343456385333201,0.278007371172857,0.3545667204591162,3.270151953301718,8.585225964341896,4.111532677052348
sub-10747,2,beta,9.2,m,TD,64,61.998046875,0.1812953287935755,0.1523099498262388,11.42160571399526,0.219395979828215,0.1511760775736898,0.2257828021218325,5.270719772285244,4.152890350146855,4.112338809069231
sub-10747,2,gamma,9.2,m,TD,64,61.998046875,0.1654420073589614,0.1254785385371484,10.422846463614572,0.2548423200183554,0.1357815955730285,0.2092467751819444,5.863511370778107,4.329223545060192,4.1032110658112
sub-10747,3,theta,9.2,m,TD,64,61.998046875,0.2947990542030965,0.2670057184216612,18.57234041479508,0.1981560899822977,0.2574424232215688,0.3420004248441803,3.385673827743965,9.728836492306332,4.119597126813465
sub-10747,3,alpha,9.2,m,TD,64,61.998046875,0.307702981743966,0.293238082939669,19.38528784986985,0.2047661615091173,0.274165114986774,0.3472333654606071,3.289930154703642,10.651404684132848,4.118744460014056
sub-10747,3,beta,9.2,m,TD,64,61.998046875,0.1825571028122748,0.1484301891100969,11.501097477173314,0.2254262294034607,0.1517071514078477,0.2252469305057849,5.366753946613955,5.317609817288059,4.110824363100401
sub-10747,3,gamma,9.2,m,TD,64,61.998046875,0.1603041983758653,0.1183319320538179,10.099164497679515,0.2749468434063207,0.1314139476786986,0.2033030036673243,6.090407392626752,4.616939812789968,4.097792949349853
sub-10747,4,theta,9.2,m,TD,64,62.998046875,0.2948912460166945,0.2728465317437377,18.57814849905176,0.1730441051767852,0.2560830562661009,0.3439550707540293,3.3323178982573216,10.54131798939684,4.124621425015658
sub-10747,4,alpha,9.2,m,TD,64,62.998046875,0.4119376986906824,0.4246077682482451,25.952075017513,0.2085497255986148,0.385919672735022,0.4352817123584346,2.615126738725949,9.450784890489688,4.117627892624505
sub-10747,4,beta,9.2,m,TD,64,62.998046875,0.1904623657677866,0.158501925477298,11.99912904337056,0.2131761398590696,0.1606385360215808,0.2320176745488376,5.139562254884992,5.678722983606741,4.1148079318261965
sub-10747,4,gamma,9.2,m,TD,64,62.998046875,0.1628906041689631,0.1201297642072372,10.262108062644678,0.2866579121131504,0.1348419472024494,0.2033792049398431,6.128013840638472,5.03306370305038,4.095676090936772
sub-10747,5,theta,9.2,m,TD,64,62.998046875,0.292576779059625,0.2657648935570486,18.432337080756373,0.1754110853730198,0.2535634895449646,0.3412762263193316,3.372638265512101,10.731391345367047,4.124315475530118
sub-10747,5,alpha,9.2,m,TD,64,62.998046875,0.402416566787102,0.4066623937359165,25.352243707587427,0.2067000430044548,0.3761262658476503,0.4253939591861913,2.6867932736227806,10.638560080007588,4.118386740668427
sub-10747,5,beta,9.2,m,TD,64,62.998046875,0.1954995837933499,0.1681684626360418,12.316473778981049,0.1939189203165029,0.1644420553535271,0.2382532053669994,4.947576237401083,5.5877224115810025,4.11914768772812
sub-10747,5,gamma,9.2,m,TD,64,62.998046875,0.1696229539815841,0.1440248798324426,10.686246100839805,0.237135573413086,0.1417643245925259,0.2094292052467564,5.704754521027985,4.163511721533936,4.109026106889356
sub-10747,6,theta,9.2,m,TD,64,62.998046875,0.3016221924306724,0.2730396792967613,19.00219812313236,0.1938336698064763,0.2632166532913539,0.348336483940224,3.304846709816589,10.577437160146358,4.120917525165714
sub-10747,6,alpha,9.2,m,TD,64,62.998046875,0.3613588377219693,0.3597683119073525,22.76560677648407,0.2151140686944549,0.329997301784578,0.3933910500024476,2.896596696663002,11.0518265992446,4.116416115854446
sub-10747,6,beta,9.2,m,TD,64,62.998046875,0.1872483505034347,0.1459371605036538,11.79664608171639,0.2355794318582615,0.154581072094214,0.2330979441623275,5.2155957370691794,4.18409604080024,4.107638899651199
sub-10747,6,gamma,9.2,m,TD,64,62.998046875,0.1685414396577135,0.1133797523220895,10.618110698435952,0.2942607569674518,0.1360027578353171,0.2158499277090417,5.831820297877141,4.366804176933623,4.091076852976085
sub-10752,1,theta,11.9,m,TD,64,61.998046875,0.3038638148764699,0.2859376922035785,19.14342033721761,0.1279111789244848,0.2630811428166189,0.3530764394841721,3.209329740408716,12.83697037614977,4.131930131209959
sub-10752,1,alpha,11.9,m,TD,64,61.998046875,0.3035573387866558,0.2878623209006485,19.12411234355931,0.1307757376086524,0.26355526454745,0.3512402211823078,3.222689084038441,12.893163808706689,4.131541837922035
sub-10752,1,beta,11.9,m,TD,64,61.998046875,0.2154863299074719,0.1801069477272417,13.575638784170732,0.1761188129067542,0.1816840735977939,0.2610028158918481,4.516911121570461,8.055475031139807,4.122833685480297
sub-10752,1,gamma,11.9,m,TD,64,61.998046875,0.2213933716585741,0.179926922683007,13.94778241449017,0.2344135954020084,0.1914873293367847,0.2612709040558265,4.580435263556806,6.511943418980882,4.110453851374189
sub-10752,2,theta,11.9,m,TD,64,62.998046875,0.3013780280305279,0.2809536434085306,18.98681576592326,0.1344103207455054,0.2614297688687019,0.3498536099583131,3.245251307950093,12.346484229754669,4.131021873392811
sub-10752,2,alpha,11.9,m,TD,64,62.998046875,0.2985682645133898,0.2770962041264818,18.80980066434356,0.1589472781605733,0.2618746662884135,0.3431749028326912,3.3202471153374526,12.446886467663706,4.127562608893745
sub-10752,2,beta,11.9,m,TD,64,62.998046875,0.2094992577056959,0.1771960958588608,13.198453235458846,0.1886536192833333,0.1750441330712743,0.2548795170159761,4.6436544137298,7.159415947547605,4.120325271192073
sub-10752,2,gamma,11.9,m,TD,64,62.998046875,0.1938891587908033,0.1585371620019325,12.215017003820613,0.2201423559489687,0.1637574205259237,0.2348018984921754,5.147486713888253,6.328289106433134,4.113371967425172
sub-10752,3,theta,11.9,m,TD,64,62.998046875,0.3177374589086797,0.3024260855485504,20.017459911246824,0.1306216427940842,0.27593417208689,0.366765831625152,3.091090521085254,13.62269417664464,4.131741980345884
sub-10752,3,alpha,11.9,m,TD,64,62.998046875,0.3002649049161251,0.2860378697513269,18.91668900971588,0.1290398884264049,0.2591853021999812,0.3472938165589943,3.272046617376997,12.855211444346224,4.131713113499393
sub-10752,3,beta,11.9,m,TD,64,62.998046875,0.2466834492348103,0.2308528132840591,15.54105730179305,0.1412608101065976,0.2109748417866875,0.2902111459919502,3.945570501686981,10.120584779736356,4.129614624329458
sub-10752,3,gamma,11.9,m,TD,64,62.998046875,0.2092127573971466,0.1835783735120411,13.180403716020235,0.1890193075659591,0.1789471791117076,0.2486625022133599,4.721132055926934,7.654466844559071,4.120932319494793
sub-10752,4,theta,11.9,m,TD,64,62.998046875,0.3046238607036284,0.2888583228647033,19.1913032243286,0.1266336257158115,0.2634327793791016,0.3539761740792103,3.2004044297019507,13.12738055712436,4.132154782469471
sub-10752,4,alpha,11.9,m,TD,64,62.998046875,0.3145615638020376,0.2998626637092283,19.81737851952837,0.1446672467659268,0.2755464880676834,0.3597748741064239,3.1634972608338976,13.082093534416654,4.129704960897241
sub-10752,4,beta,11.9,m,TD,64,62.998046875,0.2442067790777031,0.2257450216709883,15.385027081895297,0.1476347221854966,0.2086015213397595,0.2881099137051966,3.9932965572006873,8.792142664858002,4.128259725662388
sub-10752,4,gamma,11.9,m,TD,64,62.998046875,0.2187439893571553,0.194114875435012,13.780871329500789,0.1918850180423602,0.1886565322127458,0.2583279227486994,4.531363828355396,7.135989602408879,4.120065099839996
sub-10752,5,theta,11.9,m,TD,64,62.998046875,0.3103927615564559,0.2926046910891322,19.554743978056724,0.1532582467716298,0.2729935566102182,0.3544918268528129,3.213389436793267,12.673630060497382,4.128564009071497
sub-10752,5,alpha,11.9,m,TD,64,62.998046875,0.3353532602477394,0.3211337016758201,21.12725539560758,0.1734849266803772,0.295592325202375,0.3794817975379894,3.00221257950476,12.75086848162015,4.124984743280418
sub-10752,5,beta,11.9,m,TD,64,62.998046875,0.2429142751905051,0.2265340543460031,15.303599337001824,0.1297567659724701,0.2082404654579909,0.2862353806707492,3.989740211771032,10.030749843159072,4.131180680668892
sub-10752,5,gamma,11.9,m,TD,64,62.998046875,0.2195083054201919,0.1941874507509748,13.829023241472091,0.1884064519785762,0.1898587734882392,0.2580571082666115,4.519085792859293,7.655817912820197,4.121209301453408
sub-10752,6,theta,11.9,m,TD,64,62.998046875,0.3144904364659929,0.2996235271622953,19.81289749735756,0.127517861278467,0.2719368397442429,0.3644346080807351,3.10884936497198,13.213643009013303,4.132022132164161
sub-10752,6,alpha,11.9,m,TD,64,62.998046875,0.3353462914987715,0.3222456199620721,21.1268163644226,0.1586289722905394,0.2930157878834162,0.3824347465753254,2.9719264753417765,13.167086636518125,4.127520255710851
sub-10752,6,beta,11.9,m,TD,64,62.998046875,0.2416922286955946,0.2224295635115994,15.22661040782246,0.1490790713335954,0.2053704917804108,0.286151690396432,4.009374159195387,9.211512907765892,4.128255972032484
sub-10752,6,gamma,11.9,m,TD,64,62.998046875,0.2170084926037941,0.1925108801550173,13.671535034039028,0.1932683996246546,0.1864714804268482,0.2563450847498748,4.550179696486947,7.373821997347432,4.120243606686466
sub-10764,1,theta,12.9,f,TD,64,62.998046875,0.3032914859908089,0.2776592314167342,19.107363617420965,0.161057138612259,0.2657107597428451,0.3497316005597375,3.27344111815706,11.351424628651792,4.126839696065868
sub-10764,1,alpha,12.9,f,TD,64,62.998046875,0.3649858575724964,0.3484995014171047,22.99410902706728,0.1487033485160163,0.3357016024881476,0.3945453562093445,2.8589772094482213,13.770289694310817,4.129771548853516
sub-10764,1,beta,12.9,f,TD,64,62.998046875,0.2203202090213319,0.186413940501474,13.880173168343912,0.1679863043028311,0.1843209899109323,0.2678038435688254,4.427171731754466,7.154537452507607,4.123580019318558
sub-10764,1,gamma,12.9,f,TD,64,62.998046875,0.1800781724390628,0.1432998834233505,11.344924863660962,0.1952004543161375,0.1485695957218064,0.2251567799400479,5.342343217126107,6.172121695065139,4.118088793345208
sub-10764,2,theta,12.9,f,TD,64,62.998046875,0.3086944002487728,0.2866278403283706,19.447747215672685,0.1797994892524826,0.2675399719636425,0.3570873783128506,3.217780242767136,10.800474156701886,4.123331012428894
sub-10764,2,alpha,12.9,f,TD,64,62.998046875,0.3148891300579851,0.2918613347823872,19.838015193653064,0.1518798802628792,0.2815283179460667,0.3552680958380555,3.198419730985089,11.356011620969486,4.12877956453347
sub-10764,2,beta,12.9,f,TD,64,62.998046875,0.2330707238105241,0.201463673627283,14.683455600063024,0.1444937720097903,0.1974561106626508,0.2793424500119169,4.173564362867235,8.291823609277584,4.128271597076057
sub-10764,2,gamma,12.9,f,TD,64,62.998046875,0.1858001259047592,0.153223891510442,11.705407931999837,0.1790392914227284,0.1543226020108413,0.2296216184557114,5.1921489258802,6.964609295088269,4.121693105843512
sub-10764,3,theta,12.9,f,TD,64,62.998046875,0.3071270562568696,0.2816169066416156,19.349004544182783,0.168383609778427,0.2715247325907691,0.3492623439431956,3.2917149216206374,10.806635295624735,4.125725600204833
sub-10764,3,alpha,12.9,f,TD,64,62.998046875,0.3559548334262558,0.341319666106159,22.42515450585412,0.1958408988440209,0.321427505291911,0.3936839967510909,2.909670261453765,13.241464781180545,4.120998676663652
sub-10764,3,beta,12.9,f,TD,64,62.998046875,0.237092853467344,0.2043893404730632,14.936849768442675,0.1470866225614409,0.2012849703095907,0.2840758736761422,4.117246161663001,8.082095882486387,4.127586241268495
sub-10764,3,gamma,12.9,f,TD,64,62.998046875,0.1999486769717378,0.1652840168129514,12.596766649219486,0.1558748813968165,0.165371601399862,0.2433191773026322,4.909986273729113,7.099858868976629,4.125711481308153
sub-10764,4,theta,12.9,f,TD,64,62.998046875,0.3186712856091432,0.2935646213326779,20.076290993376027,0.1829808417826141,0.2840641571472689,0.3587903346493332,3.2080511075736733,10.19336732697471,4.1229161150096365
sub-10764,4,alpha,12.9,f,TD,64,62.998046875,0.4023778078051523,0.3854482649054782,25.3498018917246,0.1717948425318642,0.3783593979895416,0.4227357214480345,2.675766553928872,13.66725765729633,4.1260775626025055
sub-10764,4,beta,12.9,f,TD,64,62.998046875,0.2196297069467093,0.1905953288375304,13.836671537642689,0.1497855654630074,0.1846614077500716,0.2658437542164514,4.406595852129476,7.926819696901804,4.127192625614296
sub-10764,4,gamma,12.9,f,TD,64,62.998046875,0.1767719583578662,0.1321724243552263,11.136633376545571,0.2112038586448943,0.1441380188202703,0.2221690931915346,5.522588648257431,5.454316983071492,4.114036943788765
sub-10764,5,theta,12.9,f,TD,64,61.998046875,0.3056755971471949,0.2805698724506927,19.25756262027328,0.1551494150559975,0.2679839531305044,0.3508533853524124,3.2580633525115807,11.656323680982783,4.127815406782515
sub-10764,5,alpha,12.9,f,TD,64,61.998046875,0.4360180036952009,0.4446642499528886,27.469134232797657,0.1999731377749814,0.4086076644030023,0.4601310943063207,2.4735840764592747,12.713485520927522,4.1198280914277525
sub-10764,5,beta,12.9,f,TD,64,61.998046875,0.215230021866826,0.1781701598218252,13.55949137761004,0.1688117038614403,0.1802277959338096,0.2616752017254687,4.545115510019451,7.050309932156805,4.123460055668044
sub-10764,5,gamma,12.9,f,TD,64,61.998046875,0.1772115790651031,0.1338112131800911,11.164329481101497,0.1977181986981652,0.1469701997228963,0.2215658462551981,5.488651447054475,5.440651169926381,4.116987922171769
sub-10764,6,theta,12.9,f,TD,64,61.998046875,0.3090579401051309,0.2820356483696384,19.47065022662325,0.1462160667906996,0.2706635134996965,0.3539676074578945,3.231079278023843,11.802402680149749,4.129215379169737
sub-10764,6,alpha,12.9,f,TD,64,61.998046875,0.3692313423061134,0.3572629707424281,23.261574565285144,0.1908281265096783,0.3358526073349617,0.4050773571089388,2.811835692596873,13.731674939747576,4.122107943635296
sub-10764,6,beta,12.9,f,TD,64,61.998046875,0.2333490943751709,0.1989528041917856,14.700992945635768,0.1395446848700638,0.1988685859575415,0.2782558809753854,4.201336584315691,8.16867325123582,4.128864886203259
sub-10764,6,gamma,12.9,f,TD,64,61.998046875,0.1957229577518069,0.1629931227927267,12.330546338363837,0.1612364696075613,0.164603632415284,0.2367445774165001,5.019468025858204,7.010490903003668,4.1250901931904345
sub-10769,1,theta,12.0,m,TD,64,152.998046875,0.295865729915896,0.2824569251348227,18.639540984701448,0.1786599401854709,0.257075947489166,0.3407873196209492,3.348856088032964,11.863459246722396,4.124197062079512
sub-10769,1,alpha,12.0,m,TD,64,152.998046875,0.3659711324322047,0.3642474786721073,23.0561813432289,0.195695499198938,0.3325285328089388,0.4008228276251823,2.838078060223489,12.353383019149453,4.121160479006267
sub-10769,1,beta,12.0,m,TD,64,152.998046875,0.1823950643516752,0.15492536044143,11.490889054155538,0.2549668580969518,0.1524796024838349,0.2234608850610934,5.362737846817799,4.034880040717084,4.1046909645709935
sub-10769,1,gamma,12.0,m,TD,64,152.998046875,0.1305892890376695,0.0971834608495225,8.227125209373181,0.3273934712651589,0.1070195629720459,0.1659409508128377,7.576698881846843,3.584144138178655,4.082298759780555
sub-10769,2,theta,12.0,m,TD,64,152.998046875,0.2818665112100748,0.2502228663675823,17.757590206234713,0.1841479545089724,0.2419022210374889,0.3308912007934081,3.49512805836377,10.018219812449487,4.122475912984322
sub-10769,2,alpha,12.0,m,TD,64,152.998046875,0.3779142911004915,0.3689065815286786,23.808600339330965,0.2130693184693996,0.3431853667163471,0.4133384052703386,2.775861864331843,12.979950792976108,4.117394656660991
sub-10769,2,beta,12.0,m,TD,64,152.998046875,0.1868602117477554,0.1590829453986617,11.772193340108592,0.237199548446877,0.1576808597465971,0.2275401513655599,5.21639950414475,6.47047513254631,4.109782961344979
sub-10769,2,gamma,12.0,m,TD,64,152.998046875,0.1256537181646385,0.095698265754955,7.91618424437223,0.3088243726202833,0.1038818973708594,0.1581243259515865,7.895265040904246,3.571107469277637,4.088753256953915
sub-10769,3,theta,12.0,m,TD,64,152.998046875,0.2863384364556299,0.2619624018317011,18.03932149670469,0.2117143353000119,0.2542616913077636,0.3236993116026749,3.5652175215190955,9.6915830366847,4.117338703923974
sub-10769,3,alpha,12.0,m,TD,64,152.998046875,0.2889208285485939,0.2773664354492201,18.20201219856142,0.150137815369116,0.2556762304148572,0.3294178446035035,3.424204620798384,11.217088872315443,4.128935239830573
sub-10769,3,beta,12.0,m,TD,64,152.998046875,0.158961179949114,0.1402428340857691,10.01455433679418,0.2244453665373534,0.1337538096061725,0.1946766694608082,5.974801122006285,4.883987054490403,4.112946391883849
sub-10769,3,gamma,12.0,m,TD,64,152.998046875,0.0993434489354236,0.0788106684562523,6.25863728293169,0.2872702651844709,0.0829345583442089,0.1268828598495403,9.408555532237669,2.745385886416921,4.095896844668236
sub-10777,1,theta,9.0,m,TD,64,62.998046875,0.2709351250517881,0.2433362843905689,17.06891287826265,0.148138107887055,0.2373322299052682,0.3152235470736678,3.6217648881508815,10.24281917204048,4.129034707407184
sub-10777,1,alpha,9.0,m,TD,64,62.998046875,0.2696751663128909,0.2460037476059607,16.98953547771213,0.1176514295175665,0.2334572827799626,0.3158823101505703,3.600279234652172,11.316193050907756,4.132864179848748
sub-10777,1,beta,9.0,m,TD,64,62.998046875,0.2156203641121012,0.1919783113883444,13.58408293906238,0.1725976756827424,0.1826831336363946,0.2606262702147518,4.463920930534638,6.7195817312691934,4.123343906704252
sub-10777,1,gamma,9.0,m,TD,64,62.998046875,0.1951502964129029,0.1643797771959416,12.294468674012888,0.1910057538649751,0.1664163710039667,0.2352682005790521,5.006625385801941,5.209283033541288,4.118952988188483
sub-10777,2,theta,9.0,m,TD,64,62.998046875,0.2720534520866898,0.2486875897442184,17.139367481461456,0.1722240114240361,0.2387635605338662,0.3146726881352895,3.636586505003964,10.353005796492594,4.125285702692376
sub-10777,2,alpha,9.0,m,TD,64,62.998046875,0.2754948507387812,0.2558478938807706,17.356175596543217,0.1231247439893335,0.2390878741678139,0.3201776789226139,3.5505301652094645,11.850000824779409,4.132412106004441
sub-10777,2,beta,9.0,m,TD,64,62.998046875,0.2217662620593743,0.200256925565978,13.97127450974058,0.1866994257260937,0.1892172121280184,0.2649806941688927,4.38106076887232,6.387720637852311,4.121105179353078
sub-10777,2,gamma,9.0,m,TD,64,62.998046875,0.1937342703043648,0.1691125700438879,12.205259029174988,0.221607182831196,0.1648953656050134,0.2314276496504746,5.129704979395662,4.431491634054981,4.11224475830211
sub-10777,3,theta,9.0,m,TD,64,62.998046875,0.2371996879996099,0.2021335483140093,14.943580343975428,0.1812514250404401,0.1998729657860379,0.28652209122648,4.09005936997987,8.62874937083656,4.122177871417583
sub-10777,3,alpha,9.0,m,TD,64,62.998046875,0.2406067775284165,0.2121787912404298,15.158226984290245,0.1337226373346031,0.2039731113145242,0.2893606388148101,3.9913668231607726,9.864138962069145,4.130067745426477
sub-10777,3,beta,9.0,m,TD,64,62.998046875,0.1809862456845294,0.1365857931209723,11.402133478125355,0.214967526337633,0.1470437951499926,0.2315290896115699,5.256099621008254,4.529524166531279,4.112158602406288
sub-10777,3,gamma,9.0,m,TD,64,62.998046875,0.1791983359363651,0.1255294938663277,11.289495163991004,0.1969067746251613,0.142115557581794,0.231682460980719,5.344190844002049,4.931577003769981,4.115289316657399
sub-10777,4,theta,9.0,m,TD,64,62.998046875,0.2926261512900285,0.2491637314447713,18.4354475312718,0.1443595695725364,0.2489641101223642,0.3353213336578807,3.5955550550705464,8.621902600902494,4.127680232378117
sub-10777,4,alpha,9.0,m,TD,64,62.998046875,0.2188466105147165,0.1544337447263489,13.787336462427144,0.1280609483895782,0.1765720101261712,0.2719475719350794,4.547825818431647,7.495069384065079,4.1287863488468926
sub-10777,4,beta,9.0,m,TD,64,62.998046875,0.1851290000218809,0.1259309149249428,11.663127001378498,0.1309298424338782,0.1442096238640574,0.2391935045803123,5.223493582376131,5.803207006069035,4.127243660400693
sub-10777,4,gamma,9.0,m,TD,64,62.998046875,0.1762895881433552,0.1124024641734655,11.10624405303138,0.1690354688770088,0.1337945874585685,0.2261738075111654,5.605128752138535,4.9842249345135565,4.121110629523363
sub-10777,5,theta,9.0,m,TD,64,125.998046875,0.7611132691129107,0.7688297512018828,47.95013595411337,0.092948905583484,0.756321052666928,0.7611178696294235,1.381178530231417,16.344045115106262,4.137442475588531
sub-10777,5,alpha,9.0,m,TD,64,125.998046875,0.494883267285761,0.4714479317033424,31.177645839002945,0.121967474507281,0.4784159528125738,0.4973441368921096,2.2628043852754662,10.856583238362212,4.13359233676457
sub-10777,5,beta,9.0,m,TD,64,125.998046875,0.4210443000371704,0.3819193647829526,26.52579090234174,0.1579799535282115,0.4063236922036908,0.4228101538483349,2.7203867392920773,7.958235948259571,4.127984662313909
sub-10777,5,gamma,9.0,m,TD,64,125.998046875,0.3090710959039887,0.2739347729133554,19.47147904195129,0.2579260333568595,0.2809733878313893,0.3319179836121979,3.701558677248911,7.387250669904091,4.104220364394712
sub-10787,1,theta,12.9,f,TD,64,62.998046875,0.2812842440547251,0.2562903886803804,17.72090737544768,0.1490022717391152,0.2447718337255421,0.3278238409988498,3.4747103325762945,9.808835705616744,4.12860892752671
sub-10787,1,alpha,12.9,f,TD,64,62.998046875,0.4116527974458223,0.4110634372013033,25.9341262390868,0.203506609209198,0.3842678957007132,0.4360178513313577,2.616422719339143,12.354327381451842,4.119385921172827
sub-10787,1,beta,12.9,f,TD,64,62.998046875,0.2290403445748338,0.2013746008934408,14.429541708214533,0.1757904054688034,0.1953413907643785,0.2733115468945971,4.2726047843324695,7.410270269439684,4.122996190575894
sub-10787,1,gamma,12.9,f,TD,64,62.998046875,0.1851456315240233,0.1543183972237471,11.664174786013472,0.2318765923587315,0.153551053341828,0.2271818195603612,5.296157024687748,4.382388535287204,4.1086052633664
sub-10787,2,theta,12.9,f,TD,64,62.998046875,0.2890884110640351,0.259361030556409,18.21256989703421,0.1634582677982575,0.2511198038625606,0.3358696021089435,3.4162922807617604,9.026799202060287,4.126345549261474
sub-10787,2,alpha,12.9,f,TD,64,62.998046875,0.3342214140646977,0.3225967984430727,21.055949086075955,0.1728568012571621,0.2947934529861196,0.3803175692969521,2.986113580816113,13.26693362917867,4.125197408755763
sub-10787,2,beta,12.9,f,TD,64,62.998046875,0.2314054087687368,0.2058436103631022,14.578540752430422,0.1555265899758424,0.1964142995804806,0.2780741846381064,4.18024684905749,7.833524740344972,4.126483364780801
sub-10787,2,gamma,12.9,f,TD,64,62.998046875,0.2071278413618735,0.1781434368696039,13.049054005798034,0.2014666193005246,0.1743065567269532,0.2506258284229788,4.755567007812428,3.7970549409582,4.1159710512784775
sub-10787,3,theta,12.9,f,TD,64,62.998046875,0.2749525612774116,0.2470769591911584,17.322011360476928,0.165714207719106,0.2365714532120007,0.3232572167509133,3.5692606165319343,7.506363798281072,4.125278972247874
sub-10787,3,alpha,12.9,f,TD,64,62.998046875,0.3613817393578137,0.3550886204361703,22.76704957954226,0.2061465601252244,0.327212869684824,0.3989779883329428,2.871307711413185,11.969350769173884,4.11867277352733
sub-10787,3,beta,12.9,f,TD,64,62.998046875,0.2353491790910609,0.2114510833548383,14.82699828273684,0.1509726739591879,0.2003904858652829,0.2800356638918834,4.14647724636708,7.670517882771895,4.127384208460654
sub-10787,3,gamma,12.9,f,TD,64,62.998046875,0.1892966430621538,0.1614046966490472,11.92568851291569,0.2242160319399719,0.159794200222387,0.2291576373693387,5.225920418689166,4.302441013694554,4.111244037183419
sub-10787,4,theta,12.9,f,TD,64,61.998046875,0.2810781941401338,0.2577016022319222,17.707926230828434,0.137065424479488,0.2421825769795571,0.3302125041940941,3.45707517282326,9.903480721215184,4.130171754084679
sub-10787,4,alpha,12.9,f,TD,64,61.998046875,0.4291253204417596,0.4191434369965038,27.03489518783085,0.1809360534681739,0.4049013677832155,0.4474427639178209,2.526077782756066,14.966775878891044,4.124572351363657
sub-10787,4,beta,12.9,f,TD,64,61.998046875,0.2314453645928928,0.2059489968348845,14.581057969352244,0.1719289166642341,0.1940338976585713,0.2782321375150759,4.205580885182644,7.421657030910992,4.1233545518931685
sub-10787,4,gamma,12.9,f,TD,64,61.998046875,0.2061299452115257,0.1743619534412897,12.986186548326122,0.216527417565461,0.1709553184154894,0.2479253216703795,4.937223766657138,3.587506666992068,4.11146499852414
sub-10787,5,theta,12.9,f,TD,64,62.998046875,0.2806392544728147,0.2545416129610142,17.68027303178733,0.1415389251420551,0.2417318843462854,0.3298626024442797,3.4517727019080024,11.208737443394142,4.129712113727855
sub-10787,5,alpha,12.9,f,TD,64,62.998046875,0.4028239002824387,0.3952202626618233,25.37790571779364,0.1757864647319038,0.3762577277855983,0.426414608512181,2.655780030612649,13.564336496909991,4.125339124881708
sub-10787,5,beta,12.9,f,TD,64,62.998046875,0.2222856238723443,0.1897185961500935,14.003994303957692,0.1782937405552528,0.1875958334751347,0.2680978366155648,4.429810007702702,6.557105048723617,4.121502305022897
sub-10787,5,gamma,12.9,f,TD,64,62.998046875,0.1708433504170945,0.1361046548063544,10.76313107627696,0.2373687384332862,0.1425181000756548,0.2097262330914608,5.8530414979409535,4.743236197983738,4.107449028996574
sub-10787,6,theta,12.9,f,TD,64,62.998046875,0.28612146685566,0.2637613747497351,18.025652411906577,0.159219853683293,0.2484666417543418,0.3320634061033848,3.4460157182782853,10.608685136190362,4.127120862277634
sub-10787,6,alpha,12.9,f,TD,64,62.998046875,0.3852520505290183,0.379136221952386,24.27087918332815,0.1988552443093511,0.3555552584144834,0.414512980538804,2.7561839022062657,13.547402329465983,4.120526301225707
sub-10787,6,beta,12.9,f,TD,64,62.998046875,0.2363001419093597,0.2110891482428009,14.88690894028966,0.1706601115593253,0.2021332153072394,0.2813250715625224,4.130686986808589,7.974087390274036,4.124249453849785
sub-10787,6,gamma,12.9,f,TD,64,62.998046875,0.1998672895536759,0.173236930944385,12.591639241881584,0.2034366662641019,0.1681351155956483,0.242140791972984,4.870442311615975,4.805451157599067,4.115937922657171
sub-10788,1,theta,8.6,m,TD,64,61.998046875,0.2908876848349448,0.2667622104680837,18.32592414460152,0.1323841639830828,0.252418063630765,0.3388076418272245,3.3707351889622683,12.147928121935507,4.1311928597448455
sub-10788,1,alpha,8.6,m,TD,64,61.998046875,0.3474947872849413,0.3290316374269838,21.8921715989513,0.1825711234306728,0.3104957506289573,0.3861461897400803,2.9769012997009177,11.766255808559205,4.123402132393973
sub-10788,1,beta,8.6,m,TD,64,61.998046875,0.2414796424075311,0.218163910343236,15.21321747167446,0.1920932787816781,0.2064062470023636,0.2857417622275098,4.086131033625807,8.18957854434223,4.120467790775494
sub-10788,1,gamma,8.6,m,TD,64,61.998046875,0.19574906600257,0.1597784277094272,12.332191158161908,0.2589860593900369,0.1661211981934109,0.2351599698689084,5.218400789494484,5.066439881463724,4.103789797836812
sub-10788,2,theta,8.6,m,TD,64,62.998046875,0.2946885402701473,0.2727341105525431,18.56537803701928,0.1302497231178362,0.2544456856759953,0.3430247755200228,3.327875272709288,11.9319591005021,4.131347579106817
sub-10788,2,alpha,8.6,m,TD,64,62.998046875,0.3051612648147201,0.2861775549687342,19.225159683327373,0.1237907191225939,0.2691976233049035,0.3463391609332426,3.2827311635836702,12.87093624351914,4.132553044603129
sub-10788,2,beta,8.6,m,TD,64,62.998046875,0.228280588636084,0.2035468497510041,14.381677084073296,0.1842345378937518,0.194013087852121,0.2733128519571951,4.243111249871242,8.468395725488467,4.12228807803188
sub-10788,2,gamma,8.6,m,TD,64,62.998046875,0.183277521944031,0.1512590778782531,11.546483882473956,0.2278910511621544,0.1548300401561326,0.223739129342114,5.383212353207382,6.207164200799301,4.111863960316671
sub-10788,3,theta,8.6,m,TD,64,61.998046875,0.3017505517992621,0.277098809138942,19.01028476335351,0.1826467060174993,0.2622359287304378,0.3496465380013728,3.2862771169114064,11.333919694499778,4.123207079865217
sub-10788,3,alpha,8.6,m,TD,64,61.998046875,0.3307566755021633,0.3162920617444117,20.83767055663629,0.1721942142556758,0.2969297437743696,0.3681740197241452,3.0966647659466804,11.82221221150653,4.125480748509175
sub-10788,3,beta,8.6,m,TD,64,61.998046875,0.2286875612513646,0.1977240303918629,14.407316358835974,0.1997753670237383,0.1935932017263354,0.2736733042115764,4.317068938487328,7.388289647140093,4.1186318108256925
sub-10788,3,gamma,8.6,m,TD,64,61.998046875,0.1945572634350343,0.1593063655475362,12.257107596407163,0.2410753946046737,0.1643723500897903,0.2360911067179819,5.1116283365238,6.276447907287988,4.108928277950279
sub-10788,4,theta,8.6,m,TD,64,62.998046875,0.3067673803733907,0.284169650555473,19.326344963523617,0.1728558817194561,0.2666198350917208,0.3541074342767732,3.240923474704586,11.7623898103259,4.125034704573012
sub-10788,4,alpha,8.6,m,TD,64,62.998046875,0.323015675783545,0.301834311056835,20.34998757436334,0.1496304010474387,0.2902620749452744,0.3616783036340409,3.142454407973454,12.414154706958804,4.129264895346316
sub-10788,4,beta,8.6,m,TD,64,62.998046875,0.226289268363232,0.1997522144068059,14.256223906883616,0.1784694776722624,0.1926098874346333,0.2710839611015109,4.301649961938228,8.259301356328958,4.123055428014055
sub-10788,4,gamma,8.6,m,TD,64,62.998046875,0.1882185569196061,0.1553205104844689,11.857769085935187,0.2405551333160155,0.1580739204367886,0.2296894941059523,5.234254191296233,6.052077343569452,4.109146235000279
sub-10788,5,theta,8.6,m,TD,64,61.998046875,0.2825142069662784,0.2574246930682112,17.79839503887554,0.1538748924670871,0.2426467062728753,0.332169419885884,3.4560577078313823,10.936436185191836,4.127798980181025
sub-10788,5,alpha,8.6,m,TD,64,61.998046875,0.3970791668827665,0.3862316664582774,25.0159875136143,0.1734376725307103,0.3672784680707432,0.4240028538275472,2.674113002286437,14.367082729402409,4.125720473897248
sub-10788,5,beta,8.6,m,TD,64,61.998046875,0.235724286741442,0.2075165117721999,14.85063006471085,0.1845547605412518,0.2003235784058558,0.28123597253318,4.149541605905977,7.793200045061477,4.1216406623787325
sub-10788,5,gamma,8.6,m,TD,64,61.998046875,0.181178333954181,0.1443419272239713,11.414235039113404,0.2476300386304878,0.151965998831992,0.2222838781869631,5.466706636126274,5.633319176220368,4.106771280955448
sub-10788,6,theta,8.6,m,TD,64,62.998046875,0.2882699392629349,0.2624100612486975,18.1610061735649,0.1572935986928524,0.2518094284555866,0.3331018539023466,3.4499736511862933,11.435806268267438,4.127459960635859
sub-10788,6,alpha,8.6,m,TD,64,62.998046875,0.3404962377906285,0.3178229419036537,21.45126298080959,0.1730061726578507,0.3073906248513561,0.3765894751852393,3.0363654293259885,12.82235260023952,4.125387757145892
sub-10788,6,beta,8.6,m,TD,64,62.998046875,0.2217037049213147,0.1956453611484239,13.96733341004283,0.1608256406729039,0.1890868224592449,0.266400909923061,4.353635224836846,8.433507812816002,4.126160491719699
sub-10788,6,gamma,8.6,m,TD,64,62.998046875,0.1872860428807878,0.152568713877019,11.799020701489637,0.2239218695795904,0.1583820947492923,0.2272038981086715,5.298095457651043,6.346963703728522,4.11308346483102
sub-10790,1,theta,11.1,m,TD,64,62.998046875,0.3324713218151689,0.3143331258629426,20.945693274355644,0.1776159758009358,0.2923931864041032,0.3786150669241325,3.010293678941237,12.923163229738362,4.124343120093124
sub-10790,1,alpha,11.1,m,TD,64,62.998046875,0.3903998774041795,0.380892575195499,24.59519227646331,0.202214074512273,0.3524110927883976,0.4295362610969377,2.6675226700235464,14.466010219371254,4.119617707269001
sub-10790,1,beta,11.1,m,TD,64,62.998046875,0.2560901036157165,0.2385231330281018,16.133676527790143,0.1864680596707148,0.2207135579183627,0.2988246802486503,3.8756591105312266,6.879084366713482,4.12130203819156
sub-10790,1,gamma,11.1,m,TD,64,62.998046875,0.1767985956358416,0.1445910829653895,11.138311525058022,0.2406921560107548,0.149358828702174,0.2178547105143378,5.473221271003722,5.125292601300054,4.108188494594104
sub-10790,2,theta,11.1,m,TD,64,61.998046875,0.3307685062368285,0.3156800194850305,20.8384158929202,0.1587020529142867,0.2900368906774695,0.3776905017752126,3.008710125539246,13.36353592274626,4.127497081037949
sub-10790,2,alpha,11.1,m,TD,64,61.998046875,0.3709165398099653,0.3559159025109235,23.36774200802781,0.1866266272219579,0.3320615917204714,0.4131038312750877,2.76106696103688,14.408688593573885,4.122759575564696
sub-10790,2,beta,11.1,m,TD,64,61.998046875,0.2383068886211544,0.2157086780560559,15.013333983132732,0.189121938413165,0.2029378638680309,0.2832255578584319,4.10053973197152,8.222290695324288,4.121022086198948
sub-10790,2,gamma,11.1,m,TD,64,61.998046875,0.1762147486924064,0.1462349810949595,11.101529167621605,0.2184846009301118,0.1457991925679863,0.2198644125401169,5.43814762725469,5.257802315745837,4.113185182188109
sub-10790,3,theta,11.1,m,TD,64,183.998046875,0.1205764758349228,0.1138885949194815,7.59631797760014,0.1610818975375338,0.1066011930398548,0.1389766974481368,8.063159002668995,4.839384213743036,4.127350908537869
sub-10790,3,alpha,11.1,m,TD,64,183.998046875,0.1390103848154967,0.1369619899026496,8.757654243376292,0.2111245811910902,0.124140992919305,0.155926973038662,7.306488660166637,4.324408004393994,4.117247400063916
sub-10790,3,beta,11.1,m,TD,64,183.998046875,0.0949539394657672,0.0883497460729586,5.982098186343336,0.1596421820845125,0.08247593885635,0.1111923529584473,10.198322815789366,3.528415702607423,4.12706025810402
sub-10790,3,gamma,11.1,m,TD,64,183.998046875,0.0763166143368417,0.0668295146754543,4.80794670322103,0.1948579694470405,0.0655280492777054,0.0916943881340468,12.575216742168626,2.4015064246279643,4.119814943346988
sub-10790,4,theta,11.1,m,TD,64,61.998046875,0.3245797672910263,0.3022171139374013,20.44852533933465,0.1767284751141745,0.2857676431776154,0.3692606989425938,3.09416546253132,12.387380113158008,4.12438415535044
sub-10790,4,alpha,11.1,m,TD,64,61.998046875,0.3761839299475861,0.3676371917599481,23.699587586697923,0.2054963795259467,0.3377214477174098,0.4180689553702521,2.7410948229193624,13.880262605781748,4.118884336751689
sub-10790,4,beta,11.1,m,TD,64,61.998046875,0.2721233930012269,0.2550414738444015,17.1437737590773,0.161745833230459,0.2356119845574637,0.315279332831868,3.637807145250443,9.777323279577256,4.1266186203368695
sub-10790,4,gamma,11.1,m,TD,64,61.998046875,0.2124207885394999,0.1878488415764224,13.382509677988493,0.2133801396529815,0.1805836812196211,0.2533253466935521,4.623212156619245,6.177160225324649,4.11556613688821
sub-10790,5,theta,11.1,m,TD,64,62.998046875,0.3095122787059191,0.2914765598495039,19.4992735584729,0.1693018765637164,0.2689938298411206,0.3564137515505403,3.202230793979876,12.249720968832271,4.12572511962717
sub-10790,5,alpha,11.1,m,TD,64,62.998046875,0.3662436963016149,0.3622544995661875,23.07335286700173,0.1898311102492206,0.3263464223769614,0.4087522164087716,2.8026706191795707,12.352770143370275,4.122131273271275
sub-10790,5,beta,11.1,m,TD,64,62.998046875,0.2405984531558834,0.2181325615078684,15.157702548820655,0.2008084258712634,0.2079780626365442,0.2810995808444935,4.151492563697098,7.631802587580989,4.118770616862453
sub-10790,5,gamma,11.1,m,TD,64,62.998046875,0.1732297480482444,0.1444673244379971,10.9134741270394,0.2313519302419399,0.1463442755107261,0.212430948981757,5.546316538228225,4.141931800156474,4.110696357326956
sub-10790,6,theta,11.1,m,TD,64,61.998046875,0.3193579769360379,0.3016276892949807,20.11955254697039,0.1643068345315244,0.2811564926199759,0.3651483176867212,3.109013114914109,11.909918849605283,4.126561362892207
sub-10790,6,alpha,11.1,m,TD,64,61.998046875,0.3743382192089943,0.3739930393438059,23.583307810166644,0.1678461442128962,0.331000145728042,0.4184816330375661,2.7317828124631864,10.992141173484262,4.125757468172406
sub-10790,6,beta,11.1,m,TD,64,61.998046875,0.259733470973775,0.2432391996513542,16.363208671347827,0.1575445346766579,0.2249068333679753,0.3007920464166511,3.813418537532472,8.796752516951633,4.127164805754866
sub-10790,6,gamma,11.1,m,TD,64,61.998046875,0.1895961966246968,0.1670835176650763,11.9445603873559,0.2229225770863347,0.162780166384206,0.2259246037574944,5.161797571313636,5.8102874742587405,4.113732750676546
sub-10809,1,theta,11.6,f,TD,64,62.998046875,0.2963036404343305,0.2812388888386246,18.667129347362824,0.1355649313967976,0.2581024257326851,0.3413887418405985,3.3235572251347945,12.671116276721497,4.131004077287587
sub-10809,1,alpha,11.6,f,TD,64,62.998046875,0.2824639221537502,0.2658832322329147,17.795227095686265,0.1367384049761164,0.2456530894872256,0.3269838864867221,3.4693270871583413,11.98765506179796,4.130763466437144
sub-10809,1,beta,11.6,f,TD,64,62.998046875,0.2435185005409473,0.2212293793395402,15.34166553407968,0.1847576404432857,0.2080376822079061,0.2864091496047492,4.0387551693386206,8.563072935507506,4.122508850307986
sub-10809,1,gamma,11.6,f,TD,64,62.998046875,0.1915516000793922,0.170614036587879,12.067750805001708,0.2381080747601645,0.1621022359832973,0.2300709792172621,5.115188950900509,5.168043881411229,4.1104665930297495
sub-10809,2,theta,11.6,f,TD,64,62.998046875,0.2821939619232036,0.2579297717829403,17.77821960116183,0.124008747706349,0.2423608097926234,0.3313746196003027,3.429513233784105,11.966285717541185,4.132179417404025
sub-10809,2,alpha,11.6,f,TD,64,62.998046875,0.2889728185881374,0.2745394704539951,18.20528757105265,0.1425126733358727,0.2473838636308078,0.3371805821512234,3.372852600365896,11.759768046310349,4.129774496031258
sub-10809,2,beta,11.6,f,TD,64,62.998046875,0.2663342753358253,0.2387741450250977,16.77905934615699,0.1672355419499837,0.2285636988890771,0.3112728891218401,3.704856960047521,10.522527195933066,4.125599677096896
sub-10809,2,gamma,11.6,f,TD,64,62.998046875,0.2140448404220687,0.1846582536520162,13.484824946590328,0.2573880111560583,0.1830117765892766,0.2533794799478551,4.665780031763542,5.993901022015746,4.106252973287512
sub-10809,3,theta,11.6,f,TD,64,62.998046875,0.2914450926661201,0.2620482223542066,18.36104083796557,0.1327422793495372,0.2538224595932937,0.3375080427719083,3.3933765719908138,11.827215538967032,4.131007414409765
sub-10809,3,alpha,11.6,f,TD,64,62.998046875,0.296566435687316,0.2773261766467046,18.683685448300903,0.1526469807448281,0.2550837073662877,0.3447315237384202,3.320819168744198,12.110611349070265,4.128161550391526
sub-10809,3,beta,11.6,f,TD,64,62.998046875,0.2745660536669436,0.2507632266769583,17.29766138101744,0.1580851307544106,0.2354052798456259,0.3200077058257895,3.6034605331274623,10.965805659923918,4.127135153703142
sub-10809,3,gamma,11.6,f,TD,64,62.998046875,0.2310204899609788,0.2063530347097081,14.554290867541669,0.2258083544826881,0.1982498972881419,0.270468630592362,4.3220710803210975,8.175861577397104,4.114055829125725
sub-10809,4,theta,11.6,f,TD,64,62.998046875,0.3195556210925589,0.2962851046382752,20.132004128831213,0.1588090361095973,0.2802491769959924,0.3643934815587302,3.1361137289787457,13.199190793724917,4.12771207498751
sub-10809,4,alpha,11.6,f,TD,64,62.998046875,0.3064539943162868,0.2842387630619453,19.30660164192608,0.1588017761019336,0.2655128390638189,0.3528487926399293,3.249171332486625,12.610449069563552,4.12747629997481
sub-10809,4,beta,11.6,f,TD,64,62.998046875,0.2948789667021593,0.271606547370046,18.57737490223604,0.1958147620466303,0.2563239633481714,0.3387371561904975,3.427397526470012,11.138545633624966,4.120746321642395
sub-10809,4,gamma,11.6,f,TD,64,62.998046875,0.2428692302826701,0.21724703781774,15.300761507808216,0.2563401752412382,0.2085026620273003,0.2825377421901814,4.181747046514432,7.003003103027596,4.106384527770193
sub-10809,5,theta,11.6,f,TD,64,62.998046875,0.2786001804597681,0.2473851031276622,17.551811368965392,0.11455322720103,0.2386411167283958,0.3260195249088539,3.557040830197582,10.522274034941065,4.132710159629578
sub-10809,5,alpha,11.6,f,TD,64,62.998046875,0.2824624837471393,0.2596792092538992,17.795136476069775,0.141391153429976,0.2415364260605284,0.3319780346650982,3.45925637620542,10.398257877300956,4.129567640549231
sub-10809,5,beta,11.6,f,TD,64,62.998046875,0.2563529507482232,0.2321405702426383,16.15023589713806,0.1362721959466798,0.2190580205842519,0.3015025389255186,3.812916516985915,8.777932705925336,4.129924607468327
sub-10809,5,gamma,11.6,f,TD,64,62.998046875,0.2003987641145575,0.1753778067571736,12.625122139217122,0.2097425653015045,0.1714711414975779,0.238289881371374,4.89444913662755,5.695938880942387,4.117020940009501
sub-10809,6,theta,11.6,f,TD,64,61.998046875,0.2988556334136242,0.2714232741088502,18.827904905058325,0.1279823353239384,0.2596761597418633,0.3452393363278818,3.314010031258236,10.00572353510454,4.131520265229307
sub-10809,6,alpha,11.6,f,TD,64,61.998046875,0.2979136664013654,0.285250541879992,18.768560983286022,0.1198326512017949,0.258211400001774,0.3438363725384656,3.306292958697744,12.31723427783222,4.132766841616457
sub-10809,6,beta,11.6,f,TD,64,61.998046875,0.2609848059168321,0.2401035410146326,16.442042772760423,0.1520625526906199,0.2196217302544253,0.3070876371557588,3.7790689369558255,7.070170639727303,4.127060537426946
sub-10809,6,gamma,11.6,f,TD,64,61.998046875,0.2130052162533775,0.1862224910563362,13.419328623962784,0.2204895390898733,0.1806432498144535,0.2515942853651239,4.724797996781265,5.080270006938024,4.113965855393149
sub-10825,1,theta,8.5,m,TD,64,61.998046875,0.2777257981930771,0.256226246691258,17.49672528616386,0.2157133047215228,0.2419903086613387,0.3223627577167112,3.582980098315923,9.394935364722937,4.116154459786984
sub-10825,1,alpha,8.5,m,TD,64,61.998046875,0.2676845654716414,0.242572811054394,16.86412762471341,0.150649062527966,0.2328448459841532,0.3115120120789363,3.6709655064697055,10.665255971038912,4.128485242237406
sub-10825,1,beta,8.5,m,TD,64,61.998046875,0.1949124624526277,0.1747118281623569,12.279485134515548,0.1901864831306002,0.1668972166968615,0.2333551091244227,5.0160830038439,6.124625302285768,4.120625371430368
sub-10825,1,gamma,8.5,m,TD,64,61.998046875,0.1327050686566771,0.1052309633252545,8.36041932537066,0.2600728327058519,0.1111543331772268,0.1674134323152106,7.238965660935309,3.792776491742046,4.102686598323023
sub-10825,2,theta,8.5,m,TD,64,61.998046875,0.2809008157227106,0.2515200864631265,17.69675139053077,0.2041266261516225,0.2469412106082059,0.3234431560972194,3.584370094656099,9.965329790651596,4.119022479610004
sub-10825,2,alpha,8.5,m,TD,64,61.998046875,0.2988192134839368,0.2799256779477641,18.82561044948802,0.159860367152086,0.261080086870908,0.3440882131687375,3.314577548828378,10.54425770667449,4.127082082336674
sub-10825,2,beta,8.5,m,TD,64,61.998046875,0.1843602549577814,0.1556401375835199,11.61469606234023,0.2241521706106858,0.1561183091662889,0.2240801419996385,5.322411922432665,6.338499356628319,4.112963202841254
sub-10825,2,gamma,8.5,m,TD,64,61.998046875,0.1198157281852229,0.0885037538416602,7.548390875669048,0.3054143945539711,0.0986245076236357,0.1552626440857721,8.133147300283456,3.1989113906423343,4.087835674285707
sub-10825,3,theta,8.5,m,TD,64,61.998046875,0.3025247978671815,0.2756813990246051,19.05906226563244,0.2281559552624945,0.2691443749001093,0.3425595232822238,3.3939819177419186,9.767377959220507,4.11331070984996
sub-10825,3,alpha,8.5,m,TD,64,61.998046875,0.326656700698643,0.3045136309853226,20.57937214401452,0.19994254883284,0.2909011192150817,0.3663703774944082,3.138077355131539,12.478162677870678,4.1202695899241615
sub-10825,3,beta,8.5,m,TD,64,61.998046875,0.2040483211712637,0.1792515196636108,12.855044233789616,0.2059644749353621,0.1739521167163467,0.2449111065391698,4.784721887952359,6.502531127978839,4.117360550550866
sub-10825,3,gamma,8.5,m,TD,64,61.998046875,0.1400333969631909,0.1114088682548941,8.822104008681027,0.283026766271278,0.1172476895021554,0.175079547037024,7.000921456846899,3.622068859073332,4.09547978003777
sub-10825,4,theta,8.5,m,TD,64,62.998046875,0.3286300433395099,0.3126460078208513,20.703692730389136,0.1950327546032677,0.3002147841145255,0.3598601609968062,3.181847309614932,11.145427206162031,4.121299615867671
sub-10825,4,alpha,8.5,m,TD,64,62.998046875,0.3168696327562563,0.2997048924370064,19.962786863644148,0.1898295492968396,0.2850653020386023,0.3552911579207961,3.200504390199717,10.40679011518153,4.122030538023489
sub-10825,4,beta,8.5,m,TD,64,62.998046875,0.1743547550651003,0.1433212679836762,10.984349569101324,0.209996299362581,0.1467299952807857,0.2143924580575928,5.611806378716865,5.858267660326834,4.115450563031172
sub-10825,4,gamma,8.5,m,TD,64,62.998046875,0.1243501825393785,0.0923385024131698,7.83406149998085,0.2693638232033644,0.1018906646302285,0.1625871780091456,7.694018186251862,3.254432449830659,4.098010620705184
sub-10825,5,theta,8.5,m,TD,64,61.998046875,0.2971129443466155,0.2747689657875286,18.718115493836777,0.2130877345852615,0.2620529375099938,0.3398689639007074,3.397559528855544,10.181217683131528,4.117099320965907
sub-10825,5,alpha,8.5,m,TD,64,61.998046875,0.3268895147125301,0.3087439577653751,20.594039426889392,0.2137079672118702,0.2926016125409382,0.3656136118003497,3.1451866154789223,11.417099376451317,4.117047773895905
sub-10825,5,beta,8.5,m,TD,64,61.998046875,0.1977290294134682,0.1695139130242305,12.4569288530485,0.2104644375816562,0.1679509239932626,0.2391837803304173,4.929229043366237,5.590467548531912,4.115936377024204
sub-10825,5,gamma,8.5,m,TD,64,61.998046875,0.132148297990101,0.1030465446979652,8.325342773376363,0.282453669842144,0.1106198466360385,0.1665367148411969,7.422170425835607,3.543715789955358,4.09569561210901
sub-10825,6,theta,8.5,m,TD,64,61.998046875,0.2874918949154504,0.261111677131436,18.11198937967337,0.2012496913637113,0.2515683719834531,0.3318019314805144,3.480346672858184,9.96537419261626,4.119382261577751
sub-10825,6,alpha,8.5,m,TD,64,61.998046875,0.3161818507319737,0.2932242096537685,19.919456596114347,0.2038890275011907,0.2823223919091291,0.3565295023621933,3.217996228917136,12.028556895007688,4.119331940707086
sub-10825,6,beta,8.5,m,TD,64,61.998046875,0.19173827012056,0.1683705026940105,12.079511017595278,0.1952127539137205,0.1630524898322178,0.2321534274254514,5.059194676173659,5.96443107905384,4.119325042548463
sub-10825,6,gamma,8.5,m,TD,64,61.998046875,0.1380035294530805,0.1080406025906034,8.694222355544072,0.2746291898125799,0.1159962537029987,0.1727306917499729,7.088220262149306,3.894773617356379,4.098658616818882
sub-10842,1,theta,8.2,f,TD,64,62.998046875,0.286946992843673,0.2584725092588555,18.0776605491514,0.1432325134710461,0.2471910036468576,0.3363179460371209,3.405796912099784,11.522571543143435,4.129445287819261
sub-10842,1,alpha,8.2,f,TD,64,62.998046875,0.3298625175414454,0.3041408126390631,20.78133860511106,0.1666051393626374,0.2992634531089974,0.3625774534599045,3.149290934795025,13.181330500637689,4.126955852111441
sub-10842,1,beta,8.2,f,TD,64,62.998046875,0.259588615871402,0.2407037612053723,16.35408279989833,0.1276662467049157,0.2240749432719981,0.3022047777636006,3.792128658961046,10.76648651933475,4.131475270752061
sub-10842,1,gamma,8.2,f,TD,64,62.998046875,0.2205859760279913,0.1964887315373592,13.896916489763454,0.2166767073720585,0.1888277686475669,0.2613576869525879,4.502542675677961,5.671312493852849,4.113917762830814
sub-10842,2,theta,8.2,f,TD,64,62.998046875,0.2969933598698733,0.2744905401529152,18.71058167180201,0.1563927519046274,0.2586567368099545,0.3433023011597008,3.328781908466143,11.41931911258856,4.127635928076373
sub-10842,2,alpha,8.2,f,TD,64,62.998046875,0.3236236985597869,0.3073243167422355,20.38829300926658,0.1550844597673683,0.2881891201030944,0.3637317034755492,3.1258349703323542,12.409794545812128,4.128245720500283
sub-10842,2,beta,8.2,f,TD,64,62.998046875,0.2539101988179839,0.2316354756687252,15.996342525532985,0.1290461878247366,0.2186683091157776,0.2969020956989409,3.866264650233623,10.255993234203448,4.131196970838582
sub-10842,2,gamma,8.2,f,TD,64,62.998046875,0.2149869923919924,0.1909417555306625,13.54418052069552,0.2111598637437724,0.1831364200863082,0.2556116128953967,4.611795569899196,5.41785564096011,4.114985171707995
sub-10842,3,theta,8.2,f,TD,64,62.998046875,0.3044850786951006,0.2808423223570991,19.18255995779134,0.1533433270632022,0.2717184154535056,0.3442101834287134,3.3121682509906925,11.936882684934336,4.128406518394166
sub-10842,3,alpha,8.2,f,TD,64,62.998046875,0.3773670600468719,0.3643042011096699,23.77412478295293,0.183718439578146,0.3480103874810966,0.405160954555244,2.8067429512321005,12.105217153792289,4.123319654714415
sub-10842,3,beta,8.2,f,TD,64,62.998046875,0.2527259791290879,0.2334656186077756,15.921736685132537,0.1327056876766988,0.2173470272233042,0.2957848192075576,3.879768116081641,10.294059229968576,4.130680629483025
sub-10842,3,gamma,8.2,f,TD,64,62.998046875,0.2144792144909556,0.1869138104546204,13.512190512930202,0.2276224687291184,0.1828952111283032,0.255036204171395,4.642204734946963,5.54590446542538,4.111283622716706
sub-10842,4,theta,8.2,f,TD,64,62.998046875,0.2956368231974674,0.2749397723754277,18.625119861440453,0.1802116661254489,0.2531442436316468,0.3456245043944732,3.3258604933026943,10.817090909265408,4.123305273582847
sub-10842,4,alpha,8.2,f,TD,64,62.998046875,0.3335233262513863,0.3133302182286279,21.01196955383734,0.1484922675689397,0.3036430741435066,0.3637601003452752,3.1262191244022985,14.082278815350683,4.129808588479628
sub-10842,4,beta,8.2,f,TD,64,62.998046875,0.2549834444064484,0.2312198561770537,16.063956997606248,0.1349488426041777,0.2201143723362248,0.2975510270404289,3.858028208623324,10.77054109734502,4.130508421870284
sub-10842,4,gamma,8.2,f,TD,64,62.998046875,0.2282491550424277,0.2070415087889376,14.379696767672948,0.1768950209496141,0.1949269580104047,0.26895058980261,4.278413021706662,8.880598074926576,4.1238776899781575
sub-10842,5,theta,8.2,f,TD,64,62.998046875,0.2822068063224207,0.2547513469066221,17.779028798312503,0.1373554251990819,0.2464259094992056,0.3272948381531417,3.4884568661232,11.353473020970334,4.130453083538507
sub-10842,5,alpha,8.2,f,TD,64,62.998046875,0.3424390355513534,0.3185398038535255,21.573659239735264,0.1882762647799765,0.3138357340070556,0.3709235215457506,3.091157811538957,12.254054702111624,4.1227806604850805
sub-10842,5,beta,8.2,f,TD,64,62.998046875,0.2517820150376662,0.229896898334189,15.862266947372971,0.15787286301491,0.21634941940949,0.2942221092567372,3.937781211645412,8.648456639955874,4.1266105187661
sub-10842,5,gamma,8.2,f,TD,64,62.998046875,0.226485574910317,0.1964715270590766,14.268591219349975,0.1962319208434291,0.1908375090201244,0.2695478528400349,4.441163421984797,4.173504008608201,4.117235327815703
sub-10842,6,theta,8.2,f,TD,64,62.998046875,0.2953144041975158,0.2710981443081182,18.6048074644435,0.1472981882020278,0.2589586732819464,0.3399183740835386,3.353992131313304,11.04817246826956,4.129116696341518
sub-10842,6,alpha,8.2,f,TD,64,62.998046875,0.3325294129226248,0.3189561952508317,20.949353014125364,0.1710264465108214,0.2997324718692337,0.3685528224865629,3.0869569202930984,12.350714208102868,4.125746603509567
sub-10842,6,beta,8.2,f,TD,64,62.998046875,0.2532312785164663,0.2330322480709119,15.953570546537378,0.1351564745887367,0.217492411038261,0.2959838714343993,3.878810367894922,10.373075003331165,4.130380260091759
sub-10842,6,gamma,8.2,f,TD,64,62.998046875,0.219976374973137,0.1985343886350283,13.858511623307637,0.1947441560902675,0.1883425392445007,0.2596581194096443,4.478903819185677,6.962973078719855,4.119695635426984
sub-10846,1,theta,8.3,m,TD,64,152.998046875,0.2714915924010969,0.2430930710058124,17.103970321269106,0.16364678887575,0.2368215834946172,0.3152431029405077,3.64060144835248,11.064363223813922,4.126658333891851
sub-10846,1,alpha,8.3,m,TD,64,152.998046875,0.3335277690408747,0.3218045913136838,21.012249449575112,0.1856085875586051,0.2956660162554671,0.3721136683958788,3.0892689122798744,12.47593570641162,4.122917187174193
sub-10846,1,beta,8.3,m,TD,64,152.998046875,0.2475366278469162,0.2223028485892403,15.594807554355723,0.1885549886462788,0.212348991630064,0.29148729312113,3.971314297397984,8.836653091892558,4.121555226443477
sub-10846,1,gamma,8.3,m,TD,64,152.998046875,0.1755937736323045,0.148117589019152,11.062407738835184,0.2226265145286655,0.1481866188301269,0.2127987310659283,5.613962691055441,5.1680919606625135,4.112341554690213
sub-10846,2,theta,8.3,m,TD,64,151.998046875,0.2368056263678959,0.188735674681427,14.918754461177446,0.1678436660777882,0.1988925086335852,0.2864288157542486,4.1521751992296725,8.673852568365115,4.124410703112783
sub-10846,2,alpha,8.3,m,TD,64,151.998046875,0.2584300134522897,0.2296574943795353,16.28109084749425,0.1814211631085012,0.2193011415564769,0.3058014181325503,3.8201559070943456,8.270855021517562,4.121917939445777
sub-10846,2,beta,8.3,m,TD,64,151.998046875,0.2220293036757539,0.1876256495035229,13.987846131572496,0.2059953188412137,0.1861614103604228,0.2679764684469667,4.4193701639855805,7.334681200146602,4.116869753090769
sub-10846,2,gamma,8.3,m,TD,64,151.998046875,0.160327867904743,0.1260138523177898,10.100655677998812,0.2250579145636652,0.1319296953587582,0.1999394201533175,6.1224482219770415,4.8559267806392175,4.110652724599451
sub-10846,3,theta,8.3,m,TD,64,152.998046875,0.2744714143593021,0.2515699503847723,17.29169910463604,0.1675669523846872,0.2385634313433101,0.3191466877587913,3.5931309315085347,11.085344248163716,4.1259716317428206
sub-10846,3,alpha,8.3,m,TD,64,152.998046875,0.2833610602217291,0.2633717036644315,17.851746793968932,0.176739895268478,0.2451364879852282,0.3278515996775069,3.497104787133236,10.884612729412623,4.124112100533952
sub-10846,3,beta,8.3,m,TD,64,152.998046875,0.2340556275834087,0.2121640589122017,14.745504537754746,0.1760975666701554,0.199969872903557,0.2775164956215269,4.157888440159798,8.995173362651634,4.123798355452858
sub-10846,3,gamma,8.3,m,TD,64,152.998046875,0.1703453119104812,0.1450174862312677,10.731754650360315,0.221462654641283,0.1447148247710087,0.2069444226250195,5.709854689457595,5.313223772661009,4.1133295862152925
sub-10862,1,theta,12.6,f,TD,64,62.998046875,0.2869593287069847,0.2654524973368681,18.07843770854004,0.1661051410026077,0.2476436832548379,0.3348503884102398,3.4226454284205072,9.8092362081717,4.125613569537767
sub-10862,1,alpha,12.6,f,TD,64,62.998046875,0.4027832146841706,0.3887474679258013,25.375342525102752,0.2070197818940387,0.3731445518522828,0.4305968603629439,2.6599520951511173,11.742635204717628,4.118904751643821
sub-10862,1,beta,12.6,f,TD,64,62.998046875,0.2363325016967542,0.2094801582808212,14.88894760689552,0.2043170212232961,0.201577123450421,0.2797879008900475,4.198065497517054,7.617501881648844,4.117692860479432
sub-10862,1,gamma,12.6,f,TD,64,62.998046875,0.1845724912202982,0.1515223925076286,11.628066946878793,0.2848127938643498,0.1554104168084249,0.2222846552594811,5.548648055152449,4.119962809008554,4.095881412627386
sub-10862,2,theta,12.6,f,TD,64,62.998046875,0.2911889543566451,0.2630550390896675,18.34490412446865,0.184350411555404,0.2529447199499059,0.3376737574904724,3.434281534506587,8.161298358054639,4.122142456255022
sub-10862,2,alpha,12.6,f,TD,64,62.998046875,0.3812321059182499,0.3672697678561935,24.017622672849743,0.2258731146242391,0.3490886586899603,0.414246856246116,2.7792207837815663,11.198521027766986,4.114159824039389
sub-10862,2,beta,12.6,f,TD,64,62.998046875,0.2433958072532179,0.2201019211957847,15.33393585695273,0.2119769556516897,0.2076165290911359,0.2872149768128676,4.117306584132094,5.960675640603839,4.115588334497222
sub-10862,2,gamma,12.6,f,TD,64,62.998046875,0.1973784195930743,0.1648482915213914,12.434840434363686,0.2788412687652165,0.1662244456756432,0.2375807531888105,5.094660287028294,4.222911241316003,4.098293210661219
sub-10862,3,theta,12.6,f,TD,64,62.998046875,0.3100248477664777,0.2878858737674388,19.5315654092881,0.1582029326010385,0.2706332168944882,0.3573979784568835,3.1893357789271977,11.450785746709633,4.127485535068568
sub-10862,3,alpha,12.6,f,TD,64,62.998046875,0.354322079762314,0.3371072931144058,22.322291025025784,0.1919431600635792,0.3224290457740962,0.3889585754387465,2.9317094696839323,12.42462268079062,4.122007153144876
sub-10862,3,beta,12.6,f,TD,64,62.998046875,0.2391323585642884,0.2113237526995403,15.06533858955017,0.209838912123922,0.2032875958206018,0.2835950211079918,4.133133691671199,8.062075851568311,4.116720804375289
sub-10862,3,gamma,12.6,f,TD,64,62.998046875,0.1779764925862907,0.1436372317926372,11.212519032936312,0.2948309732448534,0.1481476618593162,0.2189394998528449,5.634405214305863,4.211416426869858,4.09290254219582
sub-10862,4,theta,12.6,f,TD,64,62.998046875,0.3030561790952623,0.2861922864877463,19.092539283001525,0.1479272387267897,0.2644984438559675,0.3495661613856128,3.2469291764249304,12.226249148960132,4.129248049213883
sub-10862,4,alpha,12.6,f,TD,64,62.998046875,0.4055086772659773,0.3894523628587102,25.54704666775657,0.1816719426469864,0.3759506978831134,0.4319821179787115,2.628831744136854,14.445898139726086,4.124368169547635
sub-10862,4,beta,12.6,f,TD,64,62.998046875,0.2475277343294419,0.2291668005848025,15.59424726275484,0.1808966019601884,0.2120120390659811,0.2918039536135754,3.95338447952659,9.314374707050709,4.123165284141983
sub-10862,4,gamma,12.6,f,TD,64,62.998046875,0.1897046882756157,0.1601590181507163,11.95139536136379,0.2673900359942254,0.1603191869325769,0.2290113653112772,5.221551234411849,5.70061483004414,4.1027295909082815
sub-10862,5,theta,12.6,f,TD,64,61.998046875,0.2974743291823901,0.2831107640135579,18.740882738490576,0.1396563117056717,0.2576216674245015,0.3447033123623422,3.286895672170921,12.294832402364706,4.130331843557428
sub-10862,5,alpha,12.6,f,TD,64,61.998046875,0.3775242154752354,0.3631421100249296,23.78402557493983,0.1830956901044888,0.3452863286818361,0.4111056255902714,2.760873031680375,14.599025037131335,4.123902698884778
sub-10862,5,beta,12.6,f,TD,64,61.998046875,0.243074959981644,0.219524379239915,15.313722478843577,0.1852819098153758,0.207895184033328,0.2870489573828855,4.04963403898777,8.325180476601222,4.122047008588252
sub-10862,5,gamma,12.6,f,TD,64,61.998046875,0.2047271308122957,0.1769162201038985,12.897809241174633,0.2335523141715033,0.1751353676194069,0.243895480237659,4.857787946823081,5.01777555426035,4.111083656647393
sub-10862,6,theta,12.6,f,TD,64,62.998046875,0.2957333870855905,0.2721989774077821,18.631203386392205,0.1528381662120344,0.2564477836389762,0.3440826296505399,3.3166875530596496,10.838318445087616,4.128116285389363
sub-10862,6,alpha,12.6,f,TD,64,62.998046875,0.363381411574345,0.3542478873635576,22.89302892918373,0.1899287447287775,0.326379290991566,0.4047200389261856,2.8055120982865853,14.295290233638054,4.122281649719701
sub-10862,6,beta,12.6,f,TD,64,62.998046875,0.2392127248462991,0.2120569691069295,15.07040166531685,0.209411197623862,0.2026605510097306,0.2845254087602348,4.127683081895101,7.894189814949876,4.116569836598856
sub-10862,6,gamma,12.6,f,TD,64,62.998046875,0.1857820510953878,0.152188556249877,11.704269219009436,0.2634211683809592,0.1559071026277561,0.2250012713381119,5.391123486808336,5.775043282327579,4.102216933315111
sub-10876,1,theta,11.5,m,TD,64,152.998046875,0.2627992217148158,0.2373778698065781,16.5563509680334,0.1568643165488924,0.225828777576383,0.3100617271919735,3.703127058660232,8.671878317284909,4.126868135279179
sub-10876,1,alpha,11.5,m,TD,64,152.998046875,0.2626572102750565,0.2380192139282393,16.547404247328558,0.1846853627886367,0.2262197578209025,0.3092971527419222,3.739963480287563,8.041955611288852,4.1217759060370405
sub-10876,1,beta,11.5,m,TD,64,152.998046875,0.2152961974891314,0.1847826669008657,13.563660441815284,0.2020912876516961,0.1809392992363842,0.2596968972979624,4.621922696961736,5.271595464593882,4.115875388606451
sub-10876,1,gamma,11.5,m,TD,64,152.998046875,0.2192592623180695,0.181840845600791,13.81333352603838,0.2108598056211356,0.1825013329387299,0.2661401266664834,4.491658891721772,6.795776861174007,4.114926892689621
sub-10876,2,theta,11.5,m,TD,64,152.998046875,0.2616575497865415,0.2363405716600607,16.484425636552118,0.1561610896295651,0.2272036367239018,0.3056658764208791,3.762755681048474,9.416530779685308,4.127181363855756
sub-10876,2,alpha,11.5,m,TD,64,152.998046875,0.2636170837004811,0.2416863036932592,16.60787627313031,0.17226420302547,0.225742858855662,0.3104159347070468,3.7066062707204384,9.719647813483808,4.124600539534231
sub-10876,2,beta,11.5,m,TD,64,152.998046875,0.2182653609704177,0.1924412303177189,13.750717741136318,0.2056164231971371,0.1824944977469755,0.2638885712242723,4.540528152737164,4.78104283759542,4.114857027556516
sub-10876,2,gamma,11.5,m,TD,64,152.998046875,0.2105543071801635,0.1755192404734891,13.264921352350305,0.221672724530571,0.1748648847419883,0.2557961390661967,4.726599854198506,5.195101375924675,4.111124629479615
sub-10876,3,theta,11.5,m,TD,64,152.998046875,0.2637080546888519,0.2399331414687775,16.613607445397673,0.1474787547472258,0.2262773096363554,0.310643415396873,3.701987658954464,8.82556864728839,4.1280435231882056
sub-10876,3,alpha,11.5,m,TD,64,152.998046875,0.2600973104420078,0.2328636691584397,16.386130557846492,0.1818925879137014,0.2203466700220304,0.3086031683203061,3.785377644921406,6.576804922241944,4.121465340263032
sub-10876,3,beta,11.5,m,TD,64,152.998046875,0.2228035037669029,0.1923528175353589,14.036620737314886,0.2163972319812879,0.1862577242422097,0.2698072940718228,4.474586861825167,4.917362594043109,4.112013345644076
sub-10876,3,gamma,11.5,m,TD,64,152.998046875,0.2252120129474078,0.1863677476965483,14.188356815686692,0.2164218596337948,0.1869516426015835,0.2735181570631593,4.374633677323987,6.797258512608656,4.113505246567403
sub-10883,1,theta,10.7,f,TD,64,62.998046875,0.3166221447190859,0.2933580937055177,19.94719511730241,0.1320109559419557,0.2735614664496606,0.3675351055985687,3.094680689229042,12.982128148881266,4.131288421264591
sub-10883,1,alpha,10.7,f,TD,64,62.998046875,0.315438278797006,0.2988893996937357,19.87261156421138,0.1281980188867848,0.2773311336102755,0.3592409526274382,3.1559539594076016,12.57504988066365,4.13200445690002
sub-10883,1,beta,10.7,f,TD,64,62.998046875,0.2658952702318625,0.23745063562398,16.751402024607337,0.1966248097246072,0.2274219341204824,0.310614519439815,3.78302343868347,7.853422932038194,4.119471742188238
sub-10883,1,gamma,10.7,f,TD,64,62.998046875,0.1987733451307868,0.1499956457063915,12.52272074323957,0.215703627048011,0.1641986326420113,0.2448141121761022,5.012525708371356,5.8331031084876495,4.112944925081991
sub-10883,2,theta,10.7,f,TD,64,61.998046875,0.3281320407380232,0.306909212682238,20.672318566495463,0.1147466943515755,0.2868305030146173,0.3750648445031955,3.02380561271366,13.943984326182738,4.133706832425341
sub-10883,2,alpha,10.7,f,TD,64,61.998046875,0.3196442520524258,0.3025404576506779,20.137587879302828,0.1434211745790592,0.2794444437123212,0.3666127449963366,3.0977103630869225,13.26462348734118,4.129984960781147
sub-10883,2,beta,10.7,f,TD,64,61.998046875,0.2556782013930128,0.2147641039760347,16.107726687759804,0.2143851803857683,0.2162406087029392,0.301448692636859,3.967505884581792,7.375669285289694,4.1153376193145945
sub-10883,2,gamma,10.7,f,TD,64,61.998046875,0.2036889839023875,0.1521512366086033,12.832405985850412,0.2245412640136405,0.1683928939101217,0.2505270056630849,4.92763407526732,5.954614607885941,4.110863740144671
sub-10883,3,theta,10.7,f,TD,64,62.998046875,0.3368343093278136,0.3145346039990278,21.22056148765226,0.1735904615500112,0.2957408493623802,0.3844034098369183,2.9965057017464067,8.103143106565557,4.124244791521916
sub-10883,3,alpha,10.7,f,TD,64,62.998046875,0.3173001205246875,0.2908597766643968,19.98990759305532,0.1435738771692904,0.2830669073210906,0.3576901590270382,3.214678718206274,7.03147872133772,4.129038159141627
sub-10883,3,beta,10.7,f,TD,64,62.998046875,0.252103276087266,0.2114275987175324,15.882506393497763,0.2491778890434746,0.2134796152461665,0.2964627304654779,4.130585774949796,4.892855911792287,4.10601660490575
sub-10883,3,gamma,10.7,f,TD,64,62.998046875,0.2047962571750251,0.147589153293052,12.902164202026588,0.2549695037300847,0.1700093469602638,0.250104695021683,5.053321418769746,5.139166580929692,4.102839698466727
sub-10883,4,theta,10.7,f,TD,64,62.998046875,0.3674372329297058,0.3503184341127897,23.148545674571466,0.2055145185650846,0.3250195554000699,0.4137384846773247,2.780445007026459,13.402542660200538,4.118723342060848
sub-10883,4,alpha,10.7,f,TD,64,62.998046875,0.3683127251339339,0.3540603407703845,23.20370168343784,0.1551582548495031,0.3367047336035571,0.4016513571345562,2.812128873024111,13.72446067556486,4.128604778478361
sub-10883,4,beta,10.7,f,TD,64,62.998046875,0.274904106906135,0.2542341931148274,17.318958735086504,0.1983897987026797,0.2365420464311936,0.3187138872825468,3.6685626496254704,7.16118474729684,4.119334704165166
sub-10883,4,gamma,10.7,f,TD,64,62.998046875,0.1880258671662822,0.1394021934637396,11.84562963147578,0.2643723095523706,0.1542918333863368,0.2331193132308706,5.480733307126439,4.128163157555071,4.099197081108385
sub-10883,5,theta,10.7,f,TD,64,62.998046875,0.3383672321649627,0.3139166076567274,21.31713562639265,0.1461842395121185,0.2944288498555764,0.3894463238064873,2.920719094850616,13.399920542005397,4.12943928511544
sub-10883,5,alpha,10.7,f,TD,64,62.998046875,0.3473207797239467,0.3334975703732883,21.881209122608645,0.12580707890856,0.3104074886595593,0.3880778885447024,2.9123640826115755,14.029534658099092,4.132556612484899
sub-10883,5,beta,10.7,f,TD,64,62.998046875,0.2677355365860393,0.2380158832259031,16.86733880492048,0.2226471961413171,0.2294351735738828,0.3118954781388627,3.798993131152125,8.328853600286413,4.114257293584196
sub-10883,5,gamma,10.7,f,TD,64,62.998046875,0.1957076885711376,0.1443537685628496,12.329584379981672,0.2509662057436235,0.162373489335073,0.2405104828168309,5.211073282539107,4.520394638273708,4.103649617399165
sub-10883,6,theta,10.7,f,TD,64,62.998046875,0.3616021024700053,0.3404813176704279,22.780932455610333,0.1602883768599592,0.3210924754683901,0.4062201841131976,2.8076510926045417,14.389722098389974,4.127509103299116
sub-10883,6,alpha,10.7,f,TD,64,62.998046875,0.358120210611865,0.3319276672281785,22.56157326854749,0.1265119505693288,0.3234498124116521,0.3964327457587894,2.8493550367543863,14.941003831202968,4.132741911825418
sub-10883,6,beta,10.7,f,TD,64,62.998046875,0.2487775068953457,0.217383365267855,15.67298293440678,0.1952522925109804,0.2106637682128626,0.2942760824077932,4.019508966315731,8.108522840240653,4.119716985545684
sub-10883,6,gamma,10.7,f,TD,64,62.998046875,0.1956877194603101,0.1400653197857457,12.32832632599954,0.244306455064175,0.1616858164344776,0.2409867356894725,5.244409120156865,4.67420063979784,4.105185958245489
sub-10918,1,theta,12.4,m,TD,64,62.998046875,0.3055154216873826,0.2867002920599313,19.24747156630511,0.1569534859753185,0.266959107369412,0.3496760649837913,3.2694667981820267,12.436602486382924,4.127796081042567
sub-10918,1,alpha,12.4,m,TD,64,62.998046875,0.2848069617909685,0.2691305205571047,17.942838592831016,0.121920124139949,0.2465829857628041,0.3300562537630589,3.441003967808776,12.096090818583145,4.1324827108287705
sub-10918,1,beta,12.4,m,TD,64,62.998046875,0.2352668284417269,0.2152135754075632,14.821810191828796,0.1593706864214429,0.1991675927058152,0.2800600311905543,4.1303284636785,7.634964344963253,4.1262179834745325
sub-10918,1,gamma,12.4,m,TD,64,62.998046875,0.1841459800857051,0.1518992008678586,11.601196745399424,0.2435221812448329,0.1558933711203884,0.2226212355081986,5.404999357959404,4.768476507149155,4.106906253202799
sub-10918,2,theta,12.4,m,TD,64,62.998046875,0.2857592176376894,0.2661630155192149,18.002830711174433,0.1178246217187843,0.2479850768750984,0.3314005819560677,3.425566668934281,12.36499705790742,4.133101799779023
sub-10918,2,alpha,12.4,m,TD,64,62.998046875,0.2899196393990293,0.2770441323952728,18.264937282138845,0.1086386070831643,0.2541026000943286,0.3318220605047216,3.411965893412091,12.07559230072905,4.134220774049386
sub-10918,2,beta,12.4,m,TD,64,62.998046875,0.2532798328968864,0.23433376630772,15.956629472503844,0.1479936514748765,0.2177453401951949,0.2971376279251447,3.8447102516331833,9.411454786479638,4.128694587465911
sub-10918,2,gamma,12.4,m,TD,64,62.998046875,0.2040210064060742,0.1871078907663371,12.853323403582678,0.1707064820251943,0.1740225058912828,0.2413190414908761,4.774728299357146,5.305303648544854,4.124439126531815
sub-10918,3,theta,12.4,m,TD,64,62.998046875,0.2911321847414004,0.273429640635955,18.34132763870823,0.1195776410664631,0.2520452561922188,0.3379596360587956,3.358181304415509,12.487178760568892,4.132898451561975
sub-10918,3,alpha,12.4,m,TD,64,62.998046875,0.304244480108061,0.2899425033245978,19.16740224680784,0.1148239067031865,0.271237430219629,0.3432048511108267,3.2876165072212475,12.91699884113276,4.13385945126531
sub-10918,3,beta,12.4,m,TD,64,62.998046875,0.2628228185166643,0.2445445942887963,16.55783756654985,0.1520909074097708,0.2253643229357951,0.3080589419712197,3.699010354768276,10.915474815468258,4.128269712360873
sub-10918,3,gamma,12.4,m,TD,64,62.998046875,0.2007252851311015,0.1801964315849072,12.6456929632594,0.1825875021402118,0.1727714281913167,0.2368797862086056,4.87430661758433,6.183258141032622,4.1226527097755366
sub-10918,4,theta,12.4,m,TD,64,62.998046875,0.3157701208560554,0.2979917193172444,19.893517613931493,0.1806311520516264,0.2789380753482623,0.3583996373988807,3.195284075978845,12.773072299983662,4.124035578918141
sub-10918,4,alpha,12.4,m,TD,64,62.998046875,0.2883238960236685,0.2716446764473321,18.16440544949112,0.1456186707810031,0.2501740948196643,0.3330597560484876,3.418600479844592,11.888047271828892,4.129410938023496
sub-10918,4,beta,12.4,m,TD,64,62.998046875,0.2461863671512359,0.2291051041530161,15.50974113052787,0.1350041989198916,0.2103360169152435,0.290541230884984,3.9286626866946177,9.500367580789058,4.13050002666782
sub-10918,4,gamma,12.4,m,TD,64,62.998046875,0.2091129968867901,0.1909893045645989,13.17411880386778,0.1722515452522007,0.1798922598847498,0.2457649971151827,4.7001888288920215,5.779920261726518,4.124268875655365
sub-10918,5,theta,12.4,m,TD,64,62.998046875,0.3175318348540354,0.3018233275241836,20.00450559580424,0.1864489750255056,0.2789685773774266,0.3616881005256353,3.16353264983444,11.88574376439808,4.122723672172401
sub-10918,5,alpha,12.4,m,TD,64,62.998046875,0.2788386141051315,0.2628984950339335,17.566832688623286,0.1343787655500888,0.2403331151925641,0.3252424726828613,3.4966166181996816,12.027290123874424,4.130974558814311
sub-10918,5,beta,12.4,m,TD,64,62.998046875,0.252274164305801,0.2352014946258025,15.89327235126546,0.1311416348965814,0.215253499766292,0.2973169179854789,3.834128374888512,10.615917061317308,4.131156384895338
sub-10918,5,gamma,12.4,m,TD,64,62.998046875,0.2091320854634117,0.1920904295321126,13.175321384194936,0.1590927637385603,0.1788246099114697,0.246703949549153,4.651219838089873,7.172645787608593,4.12687178745082
sub-10918,6,theta,12.4,m,TD,64,62.998046875,0.2955899278876336,0.2768543557699459,18.62216545692092,0.1318635328031253,0.2599718129601615,0.3382259194102548,3.3520843106926703,12.776406330123644,4.131620611871942
sub-10918,6,alpha,12.4,m,TD,64,62.998046875,0.2927227982547867,0.2811429839257746,18.44153629005156,0.1310244536892054,0.2538645814345219,0.3386389166195622,3.3536411036179645,12.256470808849008,4.131487190479007
sub-10918,6,beta,12.4,m,TD,64,62.998046875,0.2593906063436605,0.2413609137638011,16.341608199650615,0.1555214403130025,0.2219852350814492,0.303700254457613,3.763219835984233,10.439518026530704,4.127687519173275
sub-10918,6,gamma,12.4,m,TD,64,62.998046875,0.1852723460428251,0.1625764413300717,11.67215780069798,0.222067760488024,0.1586150615836269,0.2204753017843875,5.341474741644976,4.236251312981803,4.11321996200462
sub-10950,1,theta,,,,64,62.998046875,0.2857257445402263,0.2635654693677296,18.00072190603426,0.0963777634010987,0.2516061352931111,0.3276833907580777,3.443189515192513,12.3031489019906,4.135625181611152
sub-10950,1,alpha,,,,64,62.998046875,0.2763492324002276,0.2607668479629228,17.410001641214333,0.1454354140983107,0.2391264118325152,0.3222687403619629,3.522303840752462,10.1197200119728,4.129377267587292
sub-10950,1,beta,,,,64,62.998046875,0.1650734425994176,0.1345814041604757,10.399626883763316,0.1952550081917348,0.1416766777918853,0.2023900355721052,5.818863854448808,6.103232034120443,4.119143411291262
sub-10950,1,gamma,,,,64,62.998046875,0.1423654256559645,0.1138885044822265,8.969021816325766,0.2276778743073889,0.1215640219958692,0.1781447499575436,6.682141203777548,5.093810006857975,4.112545328986532
sub-10950,2,theta,,,,64,62.998046875,0.3068630825584504,0.2862886559054681,19.33237420118237,0.1169128358327271,0.2707199987600798,0.3509123843892161,3.2223900007737707,13.17462166951506,4.133598530962882
sub-10950,2,alpha,,,,64,62.998046875,0.3230431901139341,0.3074373286091193,20.35172097717785,0.1726356323683999,0.2867508258747796,0.3651107853798979,3.106776984718686,11.70000424810666,4.125349746620843
sub-10950,2,beta,,,,64,62.998046875,0.1728891147931119,0.1472563575474827,10.892014231966051,0.1962709820549401,0.1486307799031619,0.2103567281945002,5.559652819030995,6.293957175758608,4.119396094958387
sub-10950,2,gamma,,,,64,62.998046875,0.1406090924843859,0.1125679871335237,8.858372826516314,0.2372633872875362,0.1195833803080662,0.1759884546992229,6.708503560874831,4.468039032630016,4.110149540051691
sub-10950,3,theta,,,,64,61.998046875,0.2893924133792902,0.2712798492655165,18.231722042895285,0.1082275316596688,0.2490330164837016,0.3381933060393366,3.3541392438792754,12.498702667465649,4.134084283453271
sub-10950,3,alpha,,,,64,61.998046875,0.3152536251377901,0.2973869378902775,19.86097838368078,0.1494122517524548,0.2757007213206507,0.3621087496240467,3.1313043410896984,13.14823061680139,4.1290657510082
sub-10950,3,beta,,,,64,61.998046875,0.1830492799131907,0.155768950215184,11.53210463453102,0.2013581906709204,0.1573367385951893,0.2214665004309691,5.279967691702338,6.917505378191673,4.1184815205663865
sub-10950,3,gamma,,,,64,61.998046875,0.1503098334837492,0.1240806990125292,9.469519509476203,0.2443153521905939,0.1274577499583357,0.1862121631400461,6.363312204627156,4.711141993583642,4.10840730799471
sub-10950,4,theta,,,,64,62.998046875,0.288893258517722,0.2714957843622295,18.20027528661649,0.1205635051442821,0.2488709542493616,0.3377982816269925,3.355360895996404,11.35349191569374,4.1325887271841
sub-10950,4,alpha,,,,64,62.998046875,0.302931385433243,0.2842661136004799,19.084677282294308,0.1524125258808333,0.2627766730162827,0.3503813270673944,3.2436268730976145,12.253386741967097,4.128390302021771
sub-10950,4,beta,,,,64,62.998046875,0.2147684088814809,0.1942524369814934,13.5304097595333,0.1718434846194943,0.1874193833422801,0.2518395249846615,4.574010426551868,7.024426128750472,4.124615908477532
sub-10950,4,gamma,,,,64,62.998046875,0.1811028318542638,0.1549633756090451,11.40947840681862,0.2078356594764509,0.1552295866306244,0.2182646291666422,5.346917060231353,4.585415086048256,4.11685753733076
sub-10959,1,theta,8.0,f,TD,64,62.998046875,0.3237147655439457,0.304749562810726,20.394030229268573,0.1878048921822654,0.2845237673059581,0.370012261050555,3.0920794737153567,10.526570569875236,4.122132347950047
sub-10959,1,alpha,8.0,f,TD,64,62.998046875,0.3108232830813508,0.2876476770729194,19.5818668341251,0.1518469696584606,0.2708730777500004,0.3566044420305765,3.207171941703833,10.648881336530108,4.128365230689994
sub-10959,1,beta,8.0,f,TD,64,62.998046875,0.2196105066917425,0.194393695590655,13.835461921579782,0.2246185796501472,0.1875541078070213,0.2621535363768787,4.494204774507176,6.161511141987493,4.11318574113646
sub-10959,1,gamma,8.0,f,TD,64,62.998046875,0.1444453252095186,0.109582432614424,9.10005548819967,0.2728867291628332,0.1193922507494592,0.1828434071005525,6.77393427600902,3.989066080181659,4.098574691647497
sub-10959,2,theta,8.0,f,TD,64,61.998046875,0.3260155645028642,0.3119384516562251,20.538980563680447,0.1760982335337383,0.2855671773479457,0.3728302199513492,3.05467519396316,12.18106081069976,4.124643338254474
sub-10959,2,alpha,8.0,f,TD,64,61.998046875,0.3261976925324142,0.3051671374945949,20.5504546295421,0.1577062023597082,0.2831110057553785,0.3742738470139468,3.053617347776964,12.890149677246567,4.127334239876551
sub-10959,2,beta,8.0,f,TD,64,61.998046875,0.2110234388643039,0.1790979902243076,13.294476648451148,0.2516792382575342,0.1787836618811487,0.2538485666814605,4.738414034504847,5.650415734175787,4.105667816209551
sub-10959,2,gamma,8.0,f,TD,64,61.998046875,0.1517949814833332,0.1161278862848124,9.563083833449996,0.2828279753216303,0.1244878071414076,0.1953416789446472,6.28891774705675,3.877931628824213,4.095170240286728
sub-10959,3,theta,8.0,f,TD,64,62.998046875,0.3130077827070188,0.2969423933488202,19.719490310542188,0.1902968575926049,0.2730072996575533,0.3603030305341884,3.199125392381057,8.0908925663283,4.121230416667463
sub-10959,3,alpha,8.0,f,TD,64,62.998046875,0.3292042130637351,0.3016399416734454,20.73986542301531,0.1863971639471125,0.2901449570206676,0.3725525982721607,3.1360969151122084,7.253856200583591,4.121805992549596
sub-10959,3,beta,8.0,f,TD,64,62.998046875,0.2290493335809569,0.2017249000572211,14.43010801560029,0.2142017467438945,0.1932993510362402,0.2746042802888256,4.31638554512185,5.706279892084661,4.114349594691913
sub-10959,3,gamma,8.0,f,TD,64,62.998046875,0.1896081893940336,0.1579341715940723,11.94531593182412,0.2230610573051296,0.1581637841738534,0.2340602519035581,5.155750505432097,4.529166112706433,4.110854830767446
sub-10959,4,theta,8.0,f,TD,64,62.998046875,0.3124246281671082,0.2910761287930195,19.68275157452782,0.2065673880939214,0.2754374851858425,0.3578842105761764,3.221365644513607,8.643078356948838,4.118152535938683
sub-10959,4,alpha,8.0,f,TD,64,62.998046875,0.300741203652881,0.2764844058988273,18.946695830131503,0.1487759411543889,0.2653660478701155,0.3421845112516923,3.359165881782936,8.84387024156993,4.12863451892558
sub-10959,4,beta,8.0,f,TD,64,62.998046875,0.2011465730812034,0.1640559722633134,12.672234104115816,0.2224024241542843,0.1699351752610507,0.2437430597444749,4.972289325814752,5.459082044016389,4.112828646178395
sub-10959,4,gamma,8.0,f,TD,64,62.998046875,0.1588981451504405,0.1145253138663222,10.010583144477756,0.2631318270005859,0.1297404366781094,0.2052186243339501,6.035894007628072,3.654478197563892,4.100580836075304
sub-10959,5,theta,8.0,f,TD,64,62.998046875,0.3376855204887639,0.3285815738014515,21.274187790792126,0.1976699657045282,0.3002064172519787,0.3811718342389315,2.986966426282689,12.274848808349178,4.120584160054712
sub-10959,5,alpha,8.0,f,TD,64,62.998046875,0.3620991493450676,0.3397484062006856,22.812246408739263,0.1901537600690863,0.3254274919560441,0.401009498333498,2.864784422073543,13.336181522624344,4.121998466617464
sub-10959,5,beta,8.0,f,TD,64,62.998046875,0.2570562672017353,0.2326084830686996,16.194544833709326,0.2060793955176008,0.2197621695251244,0.3018711753738912,3.868045411927969,7.230923848324332,4.117643172922048
sub-10959,5,gamma,8.0,f,TD,64,62.998046875,0.1827979265970435,0.1511681194700243,11.516269375613744,0.2532505648769789,0.154650745216172,0.224033237201194,5.311211150065151,5.00359005056741,4.104898004202689
sub-10959,6,theta,8.0,f,TD,64,62.998046875,0.3178699393660532,0.3003217893746889,20.025806180061352,0.185377911727442,0.278914245966154,0.3636641629725573,3.146459371159507,11.37960751907652,4.1227236726640815
sub-10959,6,alpha,8.0,f,TD,64,62.998046875,0.3615374180964576,0.3407493149678373,22.776857340076827,0.1828641567655055,0.3275363517336085,0.3957216385903156,2.9061090270822345,12.347292216864792,4.123666195574806
sub-10959,6,beta,8.0,f,TD,64,62.998046875,0.2311353382495443,0.2068651314476823,14.561526309721296,0.1970415766045112,0.19631645681811,0.2748173114700197,4.252370446559111,6.509227874925363,4.119253862659151
sub-10959,6,gamma,8.0,f,TD,64,62.998046875,0.1606979899800972,0.1298002500944082,10.123973368746128,0.2452596615322687,0.1333922625996472,0.20195817946114,5.963159538071416,4.627524367354647,4.106378313027628
sub-10970,1,theta,9.0,f,TD,64,62.998046875,0.3085583239834346,0.2803454888823323,19.439174410956383,0.1592706248108216,0.2689758743754403,0.3569281222513572,3.1988574810161814,11.831176166417944,4.127108281260753
sub-10970,1,alpha,9.0,f,TD,64,62.998046875,0.2532941339978199,0.2338105026463476,15.957530441862655,0.1354099253854148,0.2199531947427773,0.2972710736675303,3.832104004040421,10.687562650079418,4.130711899708659
sub-10970,1,beta,9.0,f,TD,64,62.998046875,0.1704784120111767,0.1382690705963915,10.740139956704134,0.2536285508687898,0.1409235499139404,0.2146201029251173,5.640992241384119,5.446006693539376,4.105094216989365
sub-10970,1,gamma,9.0,f,TD,64,62.998046875,0.1387890347068802,0.092173896045225,8.743709186533453,0.3269034966449441,0.1097140989258388,0.1864475698675347,6.78256654757433,3.4403077219622133,4.080433425830551
sub-10970,2,theta,9.0,f,TD,64,62.998046875,0.3080254793677789,0.2848022485747717,19.405605200170072,0.1330681797903525,0.2667917398132322,0.3578125035147773,3.1806871691133973,12.83040703550401,4.131066123154354
sub-10970,2,alpha,9.0,f,TD,64,62.998046875,0.2665018433295835,0.2401208486153689,16.789616129763765,0.1319457178846118,0.2334410594676814,0.3097063549912905,3.6801924752573902,10.847404709717894,4.131317797560748
sub-10970,2,beta,9.0,f,TD,64,62.998046875,0.1823113610953112,0.1528104719197142,11.485615749004609,0.2454656803736881,0.1510231596970953,0.2278532799416569,5.251753199779762,5.73167839649413,4.107367821149502
sub-10970,2,gamma,9.0,f,TD,64,62.998046875,0.1354152584042232,0.0958085341007844,8.531161279466064,0.2993261959533593,0.1087216370469261,0.181809017722987,6.841258321512032,3.6456920247604345,4.089741369323624
sub-10970,3,theta,9.0,f,TD,64,62.998046875,0.3330696382318517,0.3133516819802427,20.98338720860666,0.1373328621710948,0.2953432652770874,0.3763127282183476,3.0175898129800034,13.465188379166625,4.1308083607695325
sub-10970,3,alpha,9.0,f,TD,64,62.998046875,0.2738974424175576,0.2466868151969762,17.25553887230613,0.1342557771607845,0.2372394197338534,0.3205171143787318,3.56613749356022,10.8929592498373,4.130796727700901
sub-10970,3,beta,9.0,f,TD,64,62.998046875,0.1960248222440808,0.1645098304368845,12.34956380137709,0.2194592381297946,0.1647028359393401,0.241207327976384,4.888909877436426,6.518582125305757,4.114080448440664
sub-10970,3,gamma,9.0,f,TD,64,62.998046875,0.1382055879790904,0.0988382022876021,8.706952042682698,0.29942839007086,0.1119639164403166,0.1841158403970326,6.734186703721716,4.04956157701925,4.091088630696053
sub-10970,4,theta,9.0,f,TD,64,62.998046875,0.2977561455054555,0.2707840219967072,18.75863716684369,0.1313465141314129,0.2579673615057958,0.346843843898472,3.286779786128386,12.174828459817284,4.13123089401508
sub-10970,4,alpha,9.0,f,TD,64,62.998046875,0.2865103459250607,0.2613540387935085,18.05015179327883,0.13729947297662,0.2534459241023526,0.3282128430473181,3.463592891740344,11.637896606595117,4.130818799391782
sub-10970,4,beta,9.0,f,TD,64,62.998046875,0.2122327702126222,0.1830096124889808,13.3706645233952,0.2101393869308083,0.1798632513536587,0.2563059525577838,4.597869274745936,7.199233841105999,4.116112495511139
sub-10970,4,gamma,9.0,f,TD,64,62.998046875,0.1552244973389588,0.120019595039124,9.779143332354408,0.2843266145289899,0.1272643795496211,0.1987218416363253,6.176036444469628,4.274489753168357,4.096079334361145
sub-10970,5,theta,9.0,f,TD,64,62.998046875,0.3291884454993037,0.3076948408373991,20.73887206645613,0.1631856067824597,0.2891771220947219,0.3766599060641779,3.0256513519810246,13.150609795290896,4.126759170275094
sub-10970,5,alpha,9.0,f,TD,64,62.998046875,0.260889444967546,0.2364558580985684,16.436035032955402,0.123795991210521,0.2276670151950627,0.3036089855458643,3.7527753813429103,11.061982032095935,4.132255815687163
sub-10970,5,beta,9.0,f,TD,64,62.998046875,0.1948108859868822,0.1584012495836855,12.27308581717358,0.1987227419732977,0.1633460028172796,0.2387774728091455,5.023776683441773,7.34772346552518,4.1180396057054
sub-10970,5,gamma,9.0,f,TD,64,62.998046875,0.1445074299390018,0.0946801630579992,9.103968086157115,0.2910901337823771,0.1141885970858625,0.1909428985749027,6.732662106128157,3.481072855664239,4.091025257605362
sub-10970,6,theta,9.0,f,TD,64,61.998046875,0.3090709472200959,0.2847123994216082,19.471469674866043,0.1420291628188114,0.2684202139498419,0.357683476846906,3.191130993952845,12.242564912144296,4.129900154091729
sub-10970,6,alpha,9.0,f,TD,64,61.998046875,0.2582721647576385,0.2336240295734819,16.271146379731228,0.1718739104046579,0.2234248929741515,0.303736019928315,3.7902989837771393,8.427270408279007,4.12456662288818
sub-10970,6,beta,9.0,f,TD,64,61.998046875,0.1854279219513913,0.145856274113377,11.681959082937658,0.2668543578820742,0.1524621378985463,0.2342323421291826,5.223277528041114,3.999769167090249,4.100550838526546
sub-10970,6,gamma,9.0,f,TD,64,61.998046875,0.1705955014896826,0.129440508511971,10.747516593850005,0.2868615674426644,0.1401688072407289,0.2179299378641,5.6530595795821466,3.9152840631183694,4.094776873204353
sub-10990,1,theta,10.1,f,TD,64,62.998046875,0.2755386964275237,0.2496538895714911,17.358937874933993,0.1439023471393179,0.237268939742813,0.3249913198048165,3.5064690305381254,11.121859336343537,4.129469186744861
sub-10990,1,alpha,10.1,f,TD,64,62.998046875,0.3509852535230531,0.3277851407896786,22.11207097195235,0.1621173510185386,0.3208990398626359,0.3816786200843327,2.991535753455348,11.96192399296988,4.127478230366494
sub-10990,1,beta,10.1,f,TD,64,62.998046875,0.2251857230180407,0.1993879399011224,14.186700550136568,0.1938534425317603,0.1904862916032385,0.272368688963806,4.289642783681924,6.317389229806611,4.119013886242059
sub-10990,1,gamma,10.1,f,TD,64,62.998046875,0.1682586334348669,0.1397929326920934,10.600293906396615,0.2413137298562036,0.1405169034974538,0.2125968217844273,5.576769484859123,3.861565569349328,4.1072076992607975
sub-10990,2,theta,10.1,f,TD,64,62.998046875,0.2872113684705165,0.2634075244597388,18.094316213642543,0.1472255252105225,0.2486390244682642,0.3352696412835211,3.400596995251101,11.44602986035679,4.129111877964838
sub-10990,2,alpha,10.1,f,TD,64,62.998046875,0.3333147155671999,0.3138043552620025,20.998827080733594,0.1573036984102257,0.3007882034908324,0.3681072313841596,3.091292223953896,12.732443904796114,4.128198915683185
sub-10990,2,beta,10.1,f,TD,64,62.998046875,0.2409358775128533,0.2172872851448099,15.17896028330976,0.1546058621566659,0.204775776252306,0.2886144175880276,3.98230231681762,8.331352260576379,4.127195017995142
sub-10990,2,gamma,10.1,f,TD,64,62.998046875,0.1999451945110553,0.171388180879744,12.596547254196484,0.205360709176062,0.1691989743599628,0.2411912484574365,4.874347672944824,4.02864793312601,4.116431607883047
sub-10990,3,theta,10.1,f,TD,64,62.998046875,0.2923949662963465,0.2708147588359336,18.42088287666983,0.1460693494529784,0.2554538437777546,0.3381062773457719,3.3702138190404787,11.90081953416874,4.1293983395375085
sub-10990,3,alpha,10.1,f,TD,64,62.998046875,0.3513928293251609,0.3361990249613384,22.137748247485145,0.1657434497966258,0.3150129148680867,0.3892171038855242,2.928481386004423,13.282007562012303,4.126706317159992
sub-10990,3,beta,10.1,f,TD,64,62.998046875,0.2324368516637769,0.210449833496557,14.643521654817944,0.1360807898903095,0.1985308851033852,0.2780864625147933,4.129913516420274,8.948573367796538,4.129886684830657
sub-10990,3,gamma,10.1,f,TD,64,62.998046875,0.1713093275890194,0.1428900906696013,10.792487638108224,0.2238008102602085,0.1439982136027832,0.2123785820275526,5.574313003191924,4.135020250092733,4.111949593073947
sub-10990,4,theta,10.1,f,TD,64,62.998046875,0.2784225751885684,0.258474333977184,17.540622236879813,0.1300600826271405,0.2387986513455987,0.328555603251433,3.454695583604543,11.563671207554664,4.131299092489972
sub-10990,4,alpha,10.1,f,TD,64,62.998046875,0.412587233715289,0.395995308960589,25.992995724063213,0.165363331699901,0.3860292717489976,0.4336719705425594,2.6137910935758093,16.717411143618687,4.127641376243288
sub-10990,4,beta,10.1,f,TD,64,62.998046875,0.2357581073120068,0.2122228596051985,14.852760760656428,0.1296408497128142,0.1999585501150259,0.2831163751524986,4.050910618249797,8.749195055128853,4.130726053245546
sub-10990,4,gamma,10.1,f,TD,64,62.998046875,0.1860004492062979,0.1620709350110006,11.71802829999677,0.2099711470277286,0.158079553078668,0.2248542804569902,5.250855160118351,4.5870077768746,4.115291945827922
sub-10990,5,theta,10.1,f,TD,64,62.998046875,0.2918979206809675,0.2739013145912078,18.38956900290096,0.1431816664060476,0.2533040342057328,0.3388028186296959,3.3529727249153285,12.14450359422993,4.12977153523542
sub-10990,5,alpha,10.1,f,TD,64,62.998046875,0.4270620811793207,0.4067499102549901,26.904911114297203,0.1833663567646908,0.4010481076191414,0.4458111207902991,2.5589551225618137,16.887183669514588,4.12432305950863
sub-10990,5,beta,10.1,f,TD,64,62.998046875,0.234795676323749,0.211635908700505,14.792127608396187,0.1481694194570474,0.2016685476011438,0.2806519927586228,4.070438531419266,9.175330926680394,4.128473796067499
sub-10990,5,gamma,10.1,f,TD,64,62.998046875,0.1675042591772379,0.1389640222917355,10.552768328165994,0.2346527207531132,0.1406509404072199,0.2069945840510715,5.753723548830108,4.517792613733755,4.10929682242302
sub-10990,6,theta,10.1,f,TD,64,61.998046875,0.284779287608693,0.2646524621888197,17.941095119347658,0.114387183357994,0.246881506868268,0.3316180880206336,3.4192201304908822,12.369334291388592,4.133402860416113
sub-10990,6,alpha,10.1,f,TD,64,61.998046875,0.4116948067272367,0.3940943875012092,25.93677282381591,0.2237937504826171,0.3821911177335241,0.4352505458910341,2.655569506378196,12.9401796470037,4.115115629973799
sub-10990,6,beta,10.1,f,TD,64,61.998046875,0.2404187495608869,0.2208966262869269,15.146381222335874,0.1177733238647606,0.2064337520753542,0.2859498352638274,3.990240542898443,9.53523007754243,4.132448014667768
sub-10990,6,gamma,10.1,f,TD,64,61.998046875,0.1870656447197262,0.1621587097454059,11.785135617342752,0.2189663737898708,0.1583476765614513,0.2272495140383466,5.207899281107445,4.437838372611623,4.112854713807412
sub-11025,1,theta,9.3,m,ASD,64,62.998046875,0.2667060448467873,0.2430194734512719,16.802480825347597,0.172011207340466,0.231061189969345,0.3101316227767509,3.732271549584537,9.49654861542767,4.124466730123121
sub-11025,1,alpha,9.3,m,ASD,64,62.998046875,0.2515195214699403,0.2278751500533322,15.845729852606238,0.1229626606020046,0.2167207267668133,0.2968907925147747,3.842494135580163,10.140819114842104,4.132016259649458
sub-11025,1,beta,9.3,m,ASD,64,62.998046875,0.2309199501723119,0.1985613886854944,14.547956860855653,0.1943121853061728,0.1991293750336639,0.267966278703121,4.4614226472386616,6.349164991763418,4.1191633595570405
sub-11025,1,gamma,9.3,m,ASD,64,62.998046875,0.2582920766622107,0.2197074039623566,16.272400829719274,0.2925336337093687,0.2267867190065084,0.2932882567850279,4.188835001768505,6.782860629045393,4.094424418646928
sub-11025,2,theta,9.3,m,ASD,64,62.998046875,0.261058897513418,0.2353673198616691,16.446710543345333,0.1528364096819708,0.2232053475251724,0.307828438977107,3.732418723789967,9.974096913982583,4.127810125888726
sub-11025,2,alpha,9.3,m,ASD,64,62.998046875,0.2807041500112526,0.2596637778851087,17.684361450708913,0.1435035291654528,0.2489949708136722,0.3196928205730309,3.554754299068991,11.071900507003145,4.129983827783224
sub-11025,2,beta,9.3,m,ASD,64,62.998046875,0.2133148435577409,0.1819717986799891,13.438835144137675,0.1524846718124117,0.1803494966732439,0.2554472031338053,4.582613097109621,6.046691330826012,4.126497853391725
sub-11025,2,gamma,9.3,m,ASD,64,62.998046875,0.2057240403926141,0.1654960066866315,12.960614544734693,0.2246114834000325,0.1747531108550948,0.246442340830564,4.867398379874378,5.513367129700793,4.112702523412425
sub-11038,1,theta,10.7,m,ASD,64,62.998046875,0.3050574878193461,0.2893144887038061,19.2186217326188,0.2033636961275164,0.2679806761822336,0.3492384558296494,3.286674242767453,10.74736418801617,4.119222963489524
sub-11038,1,alpha,10.7,m,ASD,64,62.998046875,0.3136019551655655,0.2918200261116865,19.75692317543063,0.1705178319153453,0.273291184455526,0.3596192531539914,3.181074270108828,11.92989428415022,4.125473553385088
sub-11038,1,beta,10.7,m,ASD,64,62.998046875,0.2453987024258429,0.2202487824805191,15.460118252828106,0.2095583073096102,0.2103239118396835,0.2893843533426299,4.0447874167833655,6.528733958700829,4.116512164371293
sub-11038,1,gamma,10.7,m,ASD,64,62.998046875,0.1883441980292619,0.1571516248438029,11.8656844758435,0.2767600861815962,0.1593522126887993,0.2289780034798234,5.27460847273395,4.084913751831052,4.098236309937139
sub-11038,2,theta,10.7,m,ASD,64,62.998046875,0.3168855376807812,0.3021049067281048,19.96378887388921,0.1573885120133953,0.283779876116167,0.3550706441911986,3.1944520847891744,12.106281274944845,4.127924219043608
sub-11038,2,alpha,10.7,m,ASD,64,62.998046875,0.3084182485087416,0.2899427046543411,19.430349656050723,0.1410994727927491,0.2729900281576431,0.3511801463496757,3.229177049294049,12.597884657162078,4.130371259805489
sub-11038,2,beta,10.7,m,ASD,64,62.998046875,0.2226612076482703,0.1995560011592378,14.027656081841029,0.1880520002852914,0.1886456946743452,0.2673505145836211,4.343776077122389,8.06892143663798,4.121152867646368
sub-11038,2,gamma,10.7,m,ASD,64,62.998046875,0.1817263885779906,0.1505419498580633,11.448762480413404,0.2453564993525658,0.1527383488612411,0.2214830012626461,5.439826322082441,5.324681895075007,4.107159995598979
sub-11038,3,theta,10.7,m,ASD,64,62.998046875,0.2879349915421004,0.2642594829787154,18.13990446715233,0.1732958507622334,0.2509291509302965,0.3345325994187345,3.4153045076745507,10.94653391222096,4.124949639299816
sub-11038,3,alpha,10.7,m,ASD,64,62.998046875,0.3037020532741451,0.2838578482598222,19.133229356271144,0.1677645079903121,0.2653142561199604,0.3495599154874114,3.2628939547871982,12.024314912262634,4.126051207525624
sub-11038,3,beta,10.7,m,ASD,64,62.998046875,0.2388759188264714,0.2173048407506478,15.049182886067705,0.151156721744056,0.2041903598510668,0.2838168693598793,4.043313899006459,9.493815902232043,4.127910678722775
sub-11038,3,gamma,10.7,m,ASD,64,62.998046875,0.1971347465504476,0.1725846365864986,12.419489032678197,0.2046825337619221,0.1664785033114359,0.2378807037705318,4.928659296883056,5.5013272995017175,4.117302555783923
sub-11038,4,theta,10.7,m,ASD,64,62.998046875,0.2965588973175868,0.2720543392428333,18.683210531007965,0.1677263575724596,0.2588564956640997,0.34366940989715,3.3208815142283026,11.593487918318267,4.126045941052593
sub-11038,4,alpha,10.7,m,ASD,64,62.998046875,0.3403345414362437,0.3249041200206736,21.44107611048335,0.1683092921459614,0.3050339871257559,0.3796401606297475,2.991303198160141,13.677949404107942,4.126320536869141
sub-11038,4,beta,10.7,m,ASD,64,62.998046875,0.2560983491249556,0.237754738535364,16.134195994872208,0.1602802800066237,0.2199254025157667,0.3005504874410147,3.806351596630477,9.823082335169143,4.126841543881866
sub-11038,4,gamma,10.7,m,ASD,64,62.998046875,0.2139584792955624,0.1941173272228261,13.47938419562043,0.2141958778949421,0.1844414781349963,0.2511080353624037,4.620440222771836,5.652243633921879,4.1161793121644825
sub-11038,5,theta,10.7,m,ASD,64,62.998046875,0.3016142421396469,0.2822574582679065,19.001697254797755,0.1772973889056563,0.2639645204598395,0.3476499924971628,3.292674198890978,11.341274209829267,4.124269442729684
sub-11038,5,alpha,10.7,m,ASD,64,62.998046875,0.3186096786614485,0.2975757976441753,20.07240975567126,0.1672395009295642,0.279641384150807,0.3631290910798588,3.145862869078974,12.87638804022856,4.126104244750165
sub-11038,5,beta,10.7,m,ASD,64,62.998046875,0.2399241186568677,0.2172261210588456,15.115219475382672,0.1641249415997543,0.2057016550333192,0.282874143947524,4.067928215691495,8.794375313899442,4.125879364027527
sub-11038,5,gamma,10.7,m,ASD,64,62.998046875,0.1887010882794771,0.1625408740877355,11.888168561607056,0.2338172427765967,0.159010398303277,0.2283033301686391,5.1823700242557935,5.069207698122545,4.110467634469669
sub-11038,6,theta,10.7,m,ASD,64,62.998046875,0.3150029804548251,0.2950816543180681,19.845187768653982,0.1926887327145993,0.2790941255105633,0.3573325465698539,3.203030694030423,11.589721913809424,4.121489605551719
sub-11038,6,alpha,10.7,m,ASD,64,62.998046875,0.3038361587530686,0.2859271037579646,19.141678001443324,0.1431641560240576,0.2652817673739173,0.349068478254452,3.256174221703516,12.768579647219097,4.129821779041916
sub-11038,6,beta,10.7,m,ASD,64,62.998046875,0.2404003408240453,0.2184007844624669,15.14522147191486,0.1727640969628096,0.2051480339080333,0.2850315958172101,4.0494488060609735,6.494968494591191,4.123849818661582
sub-11038,6,gamma,10.7,m,ASD,64,62.998046875,0.1988664329495105,0.1748547957772716,12.528585275819164,0.2385203868165744,0.1694431605798066,0.2374726756192301,4.957161224459565,4.512817559828964,4.109406124078435
sub-11049,1,theta,11.9,m,ASD,64,61.998046875,0.2528906374345978,0.2260363738824592,15.932110158379665,0.2317053042017038,0.2206058469480695,0.2918337407516203,4.043368081346463,5.819750016666756,4.111708086491437
sub-11049,1,alpha,11.9,m,ASD,64,61.998046875,0.217384499410728,0.1878964301060507,13.695223462875862,0.2238047294053242,0.1862105028763804,0.2575314181340188,4.57651237700451,5.440920564301323,4.112753939182988
sub-11049,1,beta,11.9,m,ASD,64,61.998046875,0.1659283298196708,0.1266806689603622,10.45348477863926,0.284653019341249,0.1399136937422517,0.2046654115181994,5.978845080538363,3.801341961820933,4.096059124793917
sub-11049,1,gamma,11.9,m,ASD,64,61.998046875,0.1503023867942891,0.113653663979471,9.469050368040218,0.2757484530553381,0.1258014744886583,0.1880013073962416,6.5068928888825495,4.168872178985845,4.098596036025556
sub-11049,2,theta,11.9,m,ASD,64,61.998046875,0.2569539079894934,0.2319160207786231,16.188096203338084,0.1766975304842306,0.2266194051560965,0.2951496010375168,3.8751802841146112,8.162032822567124,4.1244931252300425
sub-11049,2,alpha,11.9,m,ASD,64,61.998046875,0.2188550751753856,0.1987952609453669,13.787869736049291,0.1787145313729667,0.1888207138623545,0.2579151776639018,4.447529449203065,7.022873498392803,4.12347778207355
sub-11049,2,beta,11.9,m,ASD,64,61.998046875,0.1828058054515611,0.1539303516255802,11.516765743448351,0.2301204209223646,0.1542344537424386,0.2229687449657046,5.290259358497206,5.691442791015986,4.111033910272458
sub-11049,2,gamma,11.9,m,ASD,64,61.998046875,0.1571643620689219,0.1251767897696675,9.901354810342085,0.2602738828246215,0.1318476371605331,0.1955411985017285,6.121256324546742,4.226013079724986,4.102659127016498
sub-11049,3,theta,11.9,m,ASD,64,62.998046875,0.2787700018089442,0.2537892168720377,17.562510113963484,0.1637149314233942,0.247084017390112,0.3183226466483366,3.5838859295780874,10.41410016055024,4.1269641609416725
sub-11049,3,alpha,11.9,m,ASD,64,62.998046875,0.2368992352417659,0.2168543939601589,14.924651820231254,0.151196466495376,0.2035410684387529,0.2793675761852953,4.085474026610747,9.488208159176883,4.128267114199102
sub-11049,3,beta,11.9,m,ASD,64,62.998046875,0.218611919246135,0.1959098937733571,13.77255091250651,0.1906837322195956,0.1860062179624934,0.2603063130215232,4.447799694092911,7.435717036130202,4.120544151406523
sub-11049,3,gamma,11.9,m,ASD,64,62.998046875,0.1910982161309271,0.1672190005692507,12.03918761624841,0.2560199101980917,0.162057316976207,0.2308230330348454,5.111505477468667,4.52796965858327,4.104242316381295
sub-11049,4,theta,11.9,m,ASD,64,62.998046875,0.2651199516846093,0.244211939415962,16.702556956130387,0.1946316986523892,0.2345055949854227,0.3013925618389242,3.801398751113711,9.641709034259616,4.121496235611295
sub-11049,4,alpha,11.9,m,ASD,64,62.998046875,0.2314431371753937,0.2110883106562373,14.580917642049808,0.1739805806078843,0.2005708488751115,0.2697438917950135,4.270177938516632,6.2496967439404525,4.124151700839009
sub-11049,4,beta,11.9,m,ASD,64,62.998046875,0.2067497468228656,0.1807360058388705,13.025234049840538,0.2269640113371822,0.1761312886293133,0.2451324452769291,4.777395837702891,5.719448618031024,4.112553646562593
sub-11049,4,gamma,11.9,m,ASD,64,62.998046875,0.1830520201524564,0.1605081643178018,11.532277269604757,0.2758385475191117,0.1571522990899511,0.2152560562016614,5.5044906658678245,4.607876044754024,4.100334138501695
sub-11049,5,theta,11.9,m,ASD,64,62.998046875,0.2515042827926609,0.2297911577340317,15.844769815937642,0.1974211390512,0.2210347476907405,0.2903045555257261,3.942333056596652,9.686973907981294,4.120772507800789
sub-11049,5,alpha,11.9,m,ASD,64,62.998046875,0.2369944006705548,0.2149672509954346,14.930647242244952,0.173725519560615,0.206141355550491,0.2768204028721873,4.1237595497567066,8.454591998783789,4.124872858488337
sub-11049,5,beta,11.9,m,ASD,64,62.998046875,0.2046578342901256,0.1779686689628451,12.893443560277918,0.2170476929489712,0.1747779577534922,0.2443942426723884,4.760531937213269,6.898451700914332,4.115459054810178
sub-11049,5,gamma,11.9,m,ASD,64,62.998046875,0.1747896800936383,0.1480731949908903,11.011749845899216,0.2743402160055968,0.1497973337231255,0.2099440787624518,5.619578324916113,4.757315124244781,4.101363784986689
sub-11049,6,theta,11.9,m,ASD,64,62.998046875,0.2845935240655383,0.2609536897850079,17.929392016128908,0.1762174948730162,0.2527608214282145,0.3232218446545047,3.534382049417754,11.861856245667418,4.124989861814813
sub-11049,6,alpha,11.9,m,ASD,64,62.998046875,0.2519468068456541,0.2321232656254671,15.872648831276209,0.1742939630568162,0.2199113733417792,0.2914392050046134,3.926104948727105,9.59144809954402,4.124877449101095
sub-11049,6,beta,11.9,m,ASD,64,62.998046875,0.2198886326309062,0.1967436927357317,13.852983855747093,0.199531400150361,0.1878086549092674,0.2611159200043148,4.435098585368575,7.306497864614787,4.1190524740927374
sub-11049,6,gamma,11.9,m,ASD,64,62.998046875,0.1956121443798472,0.1676137834263074,12.323565095930372,0.2667386625514593,0.1681198652003527,0.2315200755446097,5.100818255907131,5.26734231508995,4.103185314466147
sub-11053,1,theta,9.3,m,ASD,64,67.998046875,0.2972576059252856,0.2851808803105589,18.727229173293,0.1153578603687685,0.2567895887829016,0.3453947465693125,3.279084211313698,12.926199822048083,4.133413462930438
sub-11053,1,alpha,9.3,m,ASD,64,67.998046875,0.2636023082384618,0.2443776962406462,16.606945419023095,0.1049971681490516,0.2260994378332304,0.3097247905240055,3.660249618102198,11.493494321559057,4.13423047673357
sub-11053,1,beta,9.3,m,ASD,64,67.998046875,0.2430991236547957,0.2250023879738745,15.315244790252134,0.1414382476884567,0.2063092330536027,0.2874318208687101,3.9962604111160114,9.200044404902211,4.129082476886275
sub-11053,1,gamma,9.3,m,ASD,64,67.998046875,0.219311931465466,0.1920368575557735,13.816651682324355,0.1967347435387737,0.1859433496075095,0.2602752507021647,4.539052121594059,6.589296741445017,4.118231666870553
sub-11053,2,theta,9.3,m,ASD,64,62.998046875,0.2951363206062957,0.2849852955274694,18.59358819819663,0.1323151890725853,0.2524725202600433,0.3450886998026768,3.284950731836861,11.538057779443475,4.131047671234311
sub-11053,2,alpha,9.3,m,ASD,64,62.998046875,0.2869876899592185,0.2732126486470759,18.080224467430767,0.1174744778859422,0.2457400517457248,0.3347066409924949,3.3972473923406272,11.945578949193155,4.132913473002384
sub-11053,2,beta,9.3,m,ASD,64,62.998046875,0.2516562654078926,0.2286895010340192,15.854344720697236,0.1276423486630798,0.215331211287636,0.2972449305405035,3.8377831072562696,10.423053026787535,4.131267175445498
sub-11053,2,gamma,9.3,m,ASD,64,62.998046875,0.2326779475942085,0.2100661625169055,14.658710698435137,0.1843224190250752,0.2004379689167117,0.2710625189333288,4.28611010139174,7.070250174472892,4.121635484138271
sub-11053,3,theta,9.3,m,ASD,64,62.998046875,0.2988733030099616,0.272083689959456,18.82901808962758,0.1271582043406773,0.2594625841740461,0.3459235598183587,3.2963406095191004,12.031891379806408,4.1318938810391455
sub-11053,3,alpha,9.3,m,ASD,64,62.998046875,0.2711476483425953,0.2524329560933125,17.08230184558351,0.1353158910106411,0.2323589555934955,0.318314642578909,3.584358282300936,11.009777044354475,4.130512988503865
sub-11053,3,beta,9.3,m,ASD,64,62.998046875,0.2226189418887437,0.1952997300543414,14.024993338990855,0.1634768819625387,0.1871242960745064,0.2661853011967328,4.415358779658184,8.593560368488566,4.125274077612755
sub-11053,3,gamma,9.3,m,ASD,64,62.998046875,0.2055376130508931,0.167722284715558,12.948869622206267,0.1932892806926993,0.1761848495810027,0.2411463844647829,4.98302294623978,6.062504178277283,4.119263173023724
sub-11053,4,theta,9.3,m,ASD,64,61.998046875,0.3003701928006698,0.2771556583739709,18.9233221464422,0.1224290757883362,0.2617007275325348,0.3466483830823266,3.2887586678909697,12.796448254459586,4.132523725081446
sub-11053,4,alpha,9.3,m,ASD,64,61.998046875,0.2718520356484611,0.2466382801014462,17.126678245853054,0.116298039795787,0.2349400307107501,0.316654272830438,3.610273361748879,11.569746691836308,4.133023887734539
sub-11053,4,beta,9.3,m,ASD,64,61.998046875,0.2417526971133347,0.2188093704578191,15.230419918140086,0.1289840961947678,0.2054354619572195,0.2864826897207506,4.01928885077565,9.973423830020876,4.130896518216745
sub-11053,4,gamma,9.3,m,ASD,64,61.998046875,0.2159070355645209,0.1875952387462645,13.60214324056482,0.1908230979887059,0.1847080508304398,0.2539013876555492,4.65117071818053,7.865836265107172,4.120798351007638
sub-11053,5,theta,9.3,m,ASD,64,62.998046875,0.302369157218079,0.2795127643296475,19.049256904738986,0.117535001671432,0.2634923376085318,0.3475061637459108,3.28004929976743,12.938158096625028,4.1331274949960815
sub-11053,5,alpha,9.3,m,ASD,64,62.998046875,0.2740295913507437,0.2527687318442869,17.263864255096856,0.1423645604241211,0.2372545364169741,0.3194506894918106,3.578559915352757,10.825004598155008,4.129600204972058
sub-11053,5,beta,9.3,m,ASD,64,62.998046875,0.2355836835941401,0.211397672226003,14.841772066430828,0.1548861399181093,0.199342431262317,0.2805805756242533,4.136971655367156,8.665854599748371,4.126944978503146
sub-11053,5,gamma,9.3,m,ASD,64,62.998046875,0.2055091791252912,0.1703242158186695,12.947078284893347,0.1955923082792029,0.1723828691873536,0.246265587644889,4.848071422935679,7.138071577563384,4.119180507361924
sub-11055,1,theta,9.9,m,ASD,64,62.998046875,0.3223147765264622,0.3051243606409825,20.30583092116712,0.1093823015564825,0.284229633715637,0.3663372637323289,3.08256966297198,13.481945837261105,4.134406338813306
sub-11055,1,alpha,9.9,m,ASD,64,62.998046875,0.3453875541427104,0.3391080450861097,21.75941591099076,0.1210015560406786,0.3074074005218407,0.3865402818259406,2.92663917947128,12.061031586019524,4.1329018333632455
sub-11055,1,beta,9.9,m,ASD,64,62.998046875,0.2740965428813849,0.2513721509898152,17.26808220152725,0.149159184127065,0.2394025640672509,0.315595722895804,3.645350071522437,10.508200451821036,4.1286721372650765
sub-11055,1,gamma,9.9,m,ASD,64,62.998046875,0.2126423096803616,0.1854315032885116,13.396465509862782,0.1972215530909961,0.1798964325438387,0.2532997844047449,4.656635432240277,7.67093963494984,4.119404547701557
sub-11055,2,theta,9.9,m,ASD,64,62.998046875,0.2869415078455231,0.2609981216033047,18.07731499426796,0.1848235351235638,0.2511890149134081,0.3311504764408984,3.462520120210409,10.54137390044222,4.122851646874937
sub-11055,2,alpha,9.9,m,ASD,64,62.998046875,0.2538063547276533,0.2234962711127377,15.989800347842156,0.1619065306007701,0.2194606678121902,0.2993458133784012,3.872916737092181,7.69983923025725,4.125555761134055
sub-11055,2,beta,9.9,m,ASD,64,62.998046875,0.2321367053872569,0.2015588076280021,14.624612439397186,0.1771797976598883,0.1977997920653407,0.2772156691238095,4.2242737448010566,8.59057068679619,4.1230336634724
sub-11055,2,gamma,9.9,m,ASD,64,62.998046875,0.2327445169480787,0.1935618383949001,14.662904567728958,0.2457915540225041,0.1966732665444062,0.278272418475417,4.3468204031907325,6.535464192523772,4.107103779806244
sub-11057,1,theta,9.7,f,ASD,64,62.998046875,0.305012353496305,0.2843070413696079,19.21577827026721,0.191150623772512,0.2661625013982613,0.3498370041181243,3.280920034354748,11.092696949674451,4.121480788346362
sub-11057,1,alpha,9.7,f,ASD,64,62.998046875,0.319127440419415,0.3044545998940537,20.105028746423145,0.1637156958542344,0.2800647018130047,0.3609644601831263,3.1752152329614183,11.614611853840996,4.126190646937981
sub-11057,1,beta,9.7,f,ASD,64,62.998046875,0.2448108474990369,0.222761838481772,15.423083392439327,0.1777253662162385,0.211883339388786,0.2854617199754661,4.034515885919187,8.072204788809124,4.123561119739365
sub-11057,1,gamma,9.7,f,ASD,64,62.998046875,0.138183729148673,0.1120946761713466,8.705574936366402,0.2667000308932727,0.1165364550568115,0.1728594024414502,6.915335146916616,3.9063599688030433,4.101941709268718
sub-11057,2,theta,9.7,f,ASD,64,62.998046875,0.3060520640396811,0.2857258204225112,19.28128003449992,0.1826429858185496,0.2656525372211737,0.3539344081817407,3.2330712205316616,11.979847584922478,4.1232508814889846
sub-11057,2,alpha,9.7,f,ASD,64,62.998046875,0.3250459644490214,0.3073275605036615,20.477895760288348,0.1636748259686697,0.2856204701678635,0.3677734337985036,3.1052627224266693,11.550972358093022,4.126451260133748
sub-11057,2,beta,9.7,f,ASD,64,62.998046875,0.2637674101803278,0.2468003913235004,16.617346841360654,0.1488149861328615,0.2281030739653559,0.3053739128161679,3.7511887074642063,10.158326478061618,4.128619950022841
sub-11057,2,gamma,9.7,f,ASD,64,62.998046875,0.1996193472006185,0.1781476727564291,12.576018873638972,0.2182468706729418,0.1712674801531183,0.2362136033096792,4.912108855608851,5.924499494052914,4.115066925965712
sub-11057,3,theta,9.7,f,ASD,64,62.998046875,0.3023711647153759,0.2807322157439947,19.049383377068686,0.1515540805951911,0.2611540362772685,0.3513654497566448,3.2479582106688074,11.900434256861535,4.128201043264294
sub-11057,3,alpha,9.7,f,ASD,64,62.998046875,0.3257980752185695,0.3092485455851213,20.525278738769885,0.1498159311371836,0.2858968330473421,0.3684049788437648,3.1040266492990054,10.900941638040132,4.12840366470167
sub-11057,3,beta,9.7,f,ASD,64,62.998046875,0.2565878110110741,0.2375989103586255,16.16503209369767,0.140072670925625,0.220404150889677,0.299728239557849,3.8212307577159934,10.660862848705086,4.129764275207346
sub-11057,3,gamma,9.7,f,ASD,64,62.998046875,0.1854248028087808,0.1642429895406647,11.681762576953194,0.2119269508384692,0.1581014027304125,0.2221247297569991,5.213481909283641,5.596712677296456,4.11648938171098
sub-11057,4,theta,9.7,f,ASD,64,62.998046875,0.3365631773710894,0.3143601807101508,21.20348017437864,0.1944126513522809,0.2979946108014851,0.380917443446347,3.01248119510532,12.291226555026528,4.120965201901816
sub-11057,4,alpha,9.7,f,ASD,64,62.998046875,0.338679675068899,0.3219508373478779,21.33681952934064,0.1564376167353118,0.2988340644654305,0.381534914971504,2.994068030667465,11.55044082424545,4.127643700265286
sub-11057,4,beta,9.7,f,ASD,64,62.998046875,0.2714911918432607,0.2499179204340764,17.103945086125428,0.1617041618481987,0.2376989445214402,0.3116937691124198,3.6775173606548752,10.546023680970736,4.126811129311585
sub-11057,4,gamma,9.7,f,ASD,64,62.998046875,0.1839891896667373,0.1552670819450788,11.591318949004457,0.234977647669784,0.1569478825091899,0.2220256047250469,5.26762014443313,5.446061562949,4.110535741341219
sub-11057,5,theta,9.7,f,ASD,64,62.998046875,0.3194473081130685,0.3023223182314298,20.12518041112332,0.1769240519778389,0.2781582000810046,0.36615441595373,3.118997709213443,12.807382159402346,4.124492076831727
sub-11057,5,alpha,9.7,f,ASD,64,62.998046875,0.340608108501568,0.3206489398933182,21.458310835598784,0.1700243863847198,0.3049152815513795,0.3783139699434599,3.033389625054734,10.21990885908304,4.125054622133487
sub-11057,5,beta,9.7,f,ASD,64,62.998046875,0.2589847904527345,0.2406086976366011,16.31604179852227,0.1463519478826657,0.2239796239043621,0.3005594268954568,3.810776479836933,9.937925433823848,4.1288548668545495
sub-11057,5,gamma,9.7,f,ASD,64,62.998046875,0.1867899812358704,0.1622670219802652,11.767768817859835,0.2450991712254985,0.1592146920675951,0.221641278435358,5.376089689002623,4.012439750011308,4.107078661790814
sub-11057,6,theta,9.7,f,ASD,64,62.998046875,0.3255184108324094,0.3009373767654975,20.5076598824418,0.1954700878027588,0.2845444945952861,0.3708982834492899,3.1052051197011314,11.707167950676816,4.120760705856092
sub-11057,6,alpha,9.7,f,ASD,64,62.998046875,0.3325589156510706,0.3153361658478213,20.95121168601745,0.1584795937635448,0.2917428232909106,0.375282166449021,3.064911286769177,10.09285691744823,4.1268951762394535
sub-11057,6,beta,9.7,f,ASD,64,62.998046875,0.2752156975139269,0.260053544585152,17.338588943377395,0.1606450374417734,0.2394927680236154,0.316131879546336,3.621599725993522,9.54591347821478,4.126903922904766
sub-11057,6,gamma,9.7,f,ASD,64,62.998046875,0.1937727181752627,0.1674628208576427,12.207681245041554,0.2512712256084231,0.1650695818217331,0.2303654296135176,5.14448235519447,4.499070779720002,4.105905584875308
sub-11062,1,theta,12.9,f,ASD,64,61.998046875,0.3386790010137849,0.3261926790614741,21.33677706386845,0.1631670780822772,0.2947141170020333,0.3875504606671867,2.9477873412758004,12.271412107486976,4.126350861165557
sub-11062,1,alpha,12.9,f,ASD,64,61.998046875,0.3454298308458798,0.3333066121702247,21.76207934329043,0.1198870806169252,0.3045718933223242,0.3899988744836106,2.906701822444753,12.888601625457438,4.1329264086769015
sub-11062,1,beta,12.9,f,ASD,64,61.998046875,0.2710110337549285,0.2469710218455784,17.073695126560498,0.1549888647618191,0.2319114974039651,0.3164985169409131,3.657532775404075,9.8938694002167,4.1273024749983005
sub-11062,1,gamma,12.9,f,ASD,64,61.998046875,0.2018157378634105,0.1651426703909604,12.71439148539486,0.2183539808314863,0.1708447431625769,0.2423286626100358,4.966392187427587,6.570139599458027,4.113819170722775
sub-11062,2,theta,12.9,f,ASD,64,62.998046875,0.3479660470905235,0.3323155869746247,21.921860966702976,0.189303955051069,0.3023977876819599,0.3974452246155927,2.89277880854545,12.274601038401135,4.121511807736257
sub-11062,2,alpha,12.9,f,ASD,64,62.998046875,0.3755518949588768,0.3634858882409323,23.65976938240924,0.1470770985940061,0.3297192381708339,0.4207240224659547,2.7229749203297344,13.66785797379185,4.129201426957459
sub-11062,2,beta,12.9,f,ASD,64,62.998046875,0.3027060334676076,0.2905497525336786,19.07048010845928,0.1394723156045618,0.2594840319343692,0.3496546490642228,3.2685442822380346,12.388961290073365,4.129958055074102
sub-11062,2,gamma,12.9,f,ASD,64,62.998046875,0.2400744363483709,0.2194035062842488,15.124689489947368,0.1895350013916994,0.2053046967751453,0.2807757703628197,4.179394666208915,5.466617859771727,4.11973085704732
sub-11062,3,theta,12.9,f,ASD,64,62.998046875,0.3503134037722443,0.333088605500578,22.06974443765139,0.1835316659565798,0.3102659011279275,0.3944924378485213,2.909607801501079,12.617134458947705,4.123018336885865
sub-11062,3,alpha,12.9,f,ASD,64,62.998046875,0.3591117472978708,0.3524476290976266,22.624040079765862,0.1150770713042557,0.3158148669911138,0.4030204040155367,2.821575236145703,13.821346275807477,4.13358999481598
sub-11062,3,beta,12.9,f,ASD,64,62.998046875,0.3105000213922541,0.2963266797272501,19.56150134771201,0.1479999559085537,0.2700454132374233,0.355695176334051,3.200147526683424,12.44966536791539,4.12905826068554
sub-11062,3,gamma,12.9,f,ASD,64,62.998046875,0.2453158056012766,0.2332952606435701,15.454895752880432,0.1725648833705732,0.2119660562736196,0.2837630455859516,4.024054443697873,9.21003191077716,4.124835254599019
sub-11062,4,theta,12.9,f,ASD,64,44.998046875,0.3824737185211563,0.3718273716076201,24.09584426683285,0.2224449422989537,0.3385049258637511,0.4282601691999771,2.704544853011725,12.243411091499754,4.114509762521522
sub-11062,4,alpha,12.9,f,ASD,64,44.998046875,0.3733174035706193,0.3663928562175678,23.518996424949016,0.1418142982560073,0.3266735703926511,0.4209373761680167,2.712842691908288,12.62718602109862,4.129845754412199
sub-11062,4,beta,12.9,f,ASD,64,44.998046875,0.3276867523065833,0.3214159867144475,20.64426539531475,0.1370997234104326,0.2826659458051478,0.3750414539034632,3.036749154703974,12.834582381693204,4.130464864636492
sub-11062,4,gamma,12.9,f,ASD,64,44.998046875,0.2667137155938699,0.2540603857387014,16.80296408241381,0.1521229814797668,0.2306044931005152,0.3066817132290358,3.722875255335394,10.231575977341857,4.128160538483991
sub-11062,5,theta,12.9,f,ASD,64,62.998046875,0.349405227613832,0.3344116627950121,22.012529339671417,0.171762333004978,0.3039590520063846,0.3986533686837026,2.874472461272738,12.882362600350998,4.125052024716106
sub-11062,5,alpha,12.9,f,ASD,64,62.998046875,0.3656333430390872,0.3536436939800162,23.034900611462493,0.1282833679975018,0.3232979174582654,0.4095163314347612,2.7792367463196497,12.947179528196244,4.13182995517412
sub-11062,5,beta,12.9,f,ASD,64,62.998046875,0.3119726427094654,0.3008627340419705,19.65427649069632,0.118680199373414,0.2711026753127546,0.3574995770839195,3.18080194353734,12.78440698657804,4.132914133268161
sub-11062,5,gamma,12.9,f,ASD,64,62.998046875,0.2631964416015485,0.2527915720681272,16.581375820897556,0.1465950138842429,0.2279991155770538,0.3024067746221306,3.758167427575637,9.934764346134587,4.129121054253699
sub-11062,7,theta,12.9,f,ASD,64,61.998046875,0.3650260725318485,0.3506372863971755,22.996642569506456,0.2029929820951443,0.3184801063153559,0.4134426309295957,2.777636959838905,13.19192683533617,4.1189380548725865
sub-11062,7,alpha,12.9,f,ASD,64,61.998046875,0.3857455818128553,0.3816655104078422,24.301971654209883,0.1485139710096143,0.3424865732192886,0.4293130408635239,2.6586080999544923,12.486699808817022,4.1290137168846535
sub-11062,7,beta,12.9,f,ASD,64,61.998046875,0.3091997833161356,0.294532874343239,19.47958634891655,0.1412489913791263,0.2682512880725493,0.3544295323212018,3.215649056906664,12.269444488328576,4.129985287713428
sub-11062,7,gamma,12.9,f,ASD,64,61.998046875,0.2238002423315527,0.2062520023458383,14.099415266887824,0.1874448939715296,0.1904532098108114,0.2632717926748806,4.392630473044601,7.8266619753213424,4.121410601114649
sub-11062,8,theta,12.9,f,ASD,64,62.998046875,0.364561685644066,0.3538559863110099,22.96738619557616,0.1985717946550433,0.3209032769468239,0.4113611420803216,2.783812564934867,13.048477933673004,4.120093717010462
sub-11062,8,alpha,12.9,f,ASD,64,62.998046875,0.3809962689765512,0.3751259264861377,24.002764945522728,0.1322955120050649,0.3354164587822673,0.4270620019260976,2.6689151163377294,14.829848062175364,4.1314690758910855
sub-11062,8,beta,12.9,f,ASD,64,62.998046875,0.3180795904140476,0.3091253343159741,20.039014196085,0.160475826027428,0.2764408846180602,0.3628215523912109,3.148501070798678,12.377187024032676,4.127064591782757
sub-11062,8,gamma,12.9,f,ASD,64,62.998046875,0.2369858145703564,0.2240029798873906,14.930106317932452,0.1875883217400378,0.2044170620604217,0.2745729732230595,4.21878505223365,5.534874628036922,4.120870417610592
sub-11074,1,theta,10.7,m,ASD,64,152.998046875,0.2883127715025008,0.271995483955673,18.16370460465756,0.154038103988595,0.2505801605026275,0.3347731669548346,3.392231073909727,11.819224678368638,4.128142846974354
sub-11074,1,alpha,10.7,m,ASD,64,152.998046875,0.2695342508008579,0.254480061288818,16.980657800454054,0.1405008417098485,0.2308717029488985,0.3173404190113726,3.57224167389238,10.98624766192731,4.129900119600633
sub-11074,1,beta,10.7,m,ASD,64,152.998046875,0.1974277289491404,0.1699941522973692,12.437946923795844,0.2082052294269318,0.1656807513905191,0.2405551704298544,4.908425363488582,6.956047856793201,4.116508074686016
sub-11074,1,gamma,10.7,m,ASD,64,152.998046875,0.1466897366101673,0.1158963939641651,9.241453406440542,0.2450199979696039,0.1207816082886565,0.187261250185297,6.546307306764335,3.5885085413761963,4.105513904409263
sub-11074,2,theta,10.7,m,ASD,64,152.998046875,0.2901646555963433,0.268834871841815,18.28037330256963,0.1476118869174413,0.2500484681905218,0.3384658810183116,3.3732871658694727,10.157416279247492,4.128786734091512
sub-11074,2,alpha,10.7,m,ASD,64,152.998046875,0.2928589538161248,0.2729427796014363,18.450114090415862,0.1449129344115004,0.2522733519282334,0.3404352904685293,3.3500612369724485,10.418034349348742,4.129100581776911
sub-11074,2,beta,10.7,m,ASD,64,152.998046875,0.2399803849674026,0.2215333539550413,15.118764252946365,0.1483777806661737,0.2032419493314625,0.2852720565020841,4.030866811673256,7.715469709857112,4.128016668936255
sub-11074,2,gamma,10.7,m,ASD,64,152.998046875,0.2058075252962967,0.1890779776597905,12.965874093666692,0.1671327241961324,0.17442353546334,0.2453016203819869,4.734388720032903,4.793626677030716,4.124348463230667
sub-11074,3,theta,10.7,m,ASD,64,152.998046875,0.2998604483261059,0.2824728770401051,18.89120824454467,0.1650759207423802,0.2611351088862722,0.3464526809938263,3.286773041930294,11.931094574780978,4.126368164701548
sub-11074,3,alpha,10.7,m,ASD,64,152.998046875,0.2839886884580772,0.2676183118306048,17.891287372858866,0.1475458612019993,0.2426899272605477,0.3327372479785175,3.419492345248346,11.864848108111422,4.128818013570005
sub-11074,3,beta,10.7,m,ASD,64,152.998046875,0.2418997359917759,0.2239788450930573,15.23968336748188,0.1281723282133603,0.2055666964940939,0.2861658003706412,3.9957126744284657,10.075767947212922,4.131335034523602
sub-11074,3,gamma,10.7,m,ASD,64,152.998046875,0.1989623138967646,0.180724229269542,12.534625775496174,0.1539161156257102,0.1692062061360106,0.2375272058641661,4.866058326684342,7.482999098937468,4.127176813718337
sub-11078,1,theta,10.5,m,ASD,64,62.998046875,0.2357327653922066,0.2106214258305826,14.85116421970902,0.2335882977884301,0.2057863046369797,0.2750697524332416,4.230943284381494,7.875533498141285,4.112365503050818
sub-11078,1,alpha,10.5,m,ASD,64,62.998046875,0.2352427604925107,0.2059503911348308,14.820293911028172,0.2084144969451772,0.2043275607754408,0.2766614724750963,4.179351721677238,8.537326681585165,4.118201924832569
sub-11078,1,beta,10.5,m,ASD,64,62.998046875,0.2895137428226439,0.2335635701884862,18.239365797826565,0.3034829866285384,0.2581986257740327,0.3204654372574191,3.89941047375874,7.56101276747079,4.091318316091741
sub-11078,1,gamma,10.5,m,ASD,64,62.998046875,0.3082436299032431,0.2470022489909336,19.419348683904325,0.3503219898747873,0.2727181964394671,0.3428720944283742,3.783674505531805,6.131010316777485,4.073084053848923
sub-11078,2,theta,10.5,m,ASD,64,62.998046875,0.2651652660610307,0.2398925047324994,16.705411761844935,0.1667842232421886,0.2276722095399678,0.3121086587824024,3.66622478350516,10.074127688601228,4.125770584465596
sub-11078,2,alpha,10.5,m,ASD,64,62.998046875,0.311591871867208,0.302212913019607,19.630287927634104,0.1783155600837174,0.2737997557293243,0.3533168850669799,3.2294764495751807,11.876210074402575,4.1242411781710455
sub-11078,2,beta,10.5,m,ASD,64,62.998046875,0.1892956635302631,0.1641888807658581,11.92562680240658,0.21396155724414,0.1591188915078938,0.2306019029811851,5.101749405449732,6.81134966193359,4.115645026483408
sub-11078,2,gamma,10.5,m,ASD,64,62.998046875,0.1637561290789527,0.1364801168284031,10.316636131974022,0.2360734321990185,0.1376187150168639,0.2007753793145162,5.917856524215691,5.580715122312454,4.110545780610535
sub-11078,3,theta,10.5,m,ASD,64,62.998046875,0.2306233355750303,0.1781864322204519,14.529270141226911,0.2465773318129411,0.1904083461051181,0.280287133918683,4.3209774478422,7.297465992335293,4.107750292608512
sub-11078,3,alpha,10.5,m,ASD,64,62.998046875,0.2377364783548352,0.1998407887448407,14.97739813635462,0.1678514388540669,0.1992644873694657,0.2861414227834396,4.095692487306351,8.294208003627551,4.124646936157959
sub-11078,3,beta,10.5,m,ASD,64,62.998046875,0.1733290844779289,0.1138464132398237,10.919732322109525,0.2742245355992332,0.135809280813092,0.223644034578088,5.6786365100830025,4.3727471460176695,4.096993351887481
sub-11078,3,gamma,10.5,m,ASD,64,62.998046875,0.1611580549715298,0.1056259309385923,10.152957463206375,0.281320665389658,0.1270147435770806,0.2091975139405537,6.073886663580002,3.366819106863633,4.094327622942789
sub-11152,1,theta,8.1,m,ASD,64,62.998046875,0.2890634331911016,0.2693464258516725,18.2109962910394,0.1686684783090155,0.2500388821363861,0.3364541459850877,3.406497820812262,10.851933872896565,4.125661231371433
sub-11152,1,alpha,8.1,m,ASD,64,62.998046875,0.3002611544960556,0.2845120845082471,18.916452733251504,0.1461622682458847,0.2590176750959321,0.3478685480669441,3.27339284719425,11.150061381539937,4.129030541191787
sub-11152,1,beta,8.1,m,ASD,64,62.998046875,0.1663537217046042,0.1360422112447279,10.480284467390064,0.2436841047829665,0.1395432614046937,0.206119102443593,5.874366061155563,4.7529229991880175,4.107269901405839
sub-11152,1,gamma,8.1,m,ASD,64,62.998046875,0.1493225881795511,0.1123280881373792,9.40732305531172,0.2654085739376045,0.1239532666652909,0.1897861518133016,6.536340101765948,4.255317241316264,4.100064430531112
sub-11152,2,theta,8.1,m,ASD,64,62.998046875,0.2816857871284741,0.254601595835797,17.746204589093864,0.163548422601561,0.24225382958155,0.3301446543409052,3.475731725205308,10.901998553306,4.126258845578486
sub-11152,2,alpha,8.1,m,ASD,64,62.998046875,0.2908525346185943,0.2718080704959207,18.32370968097144,0.1438455503617868,0.250194880955228,0.3388975891190796,3.375897384805364,10.977097136680818,4.12920427278882
sub-11152,2,beta,8.1,m,ASD,64,62.998046875,0.2234803898986244,0.2072643535358181,14.079264563613345,0.1589253543205261,0.190810763277728,0.2651674718344488,4.321549594910201,7.594705463862086,4.126612225456994
sub-11152,2,gamma,8.1,m,ASD,64,62.998046875,0.1966260368447689,0.1827051501992989,12.387440321220442,0.191045736164983,0.1716390656408142,0.2293600620575328,5.008577582818394,5.379630581249433,4.121007722984811
sub-11152,3,theta,8.1,m,ASD,64,62.998046875,0.2839123303499569,0.2617475953000306,17.886476812047285,0.2032768333670053,0.2476343760700156,0.3280498580551972,3.522891256438491,10.102360131156102,4.119057105979691
sub-11152,3,alpha,8.1,m,ASD,64,62.998046875,0.2761289618666945,0.2564206318773062,17.396124597601755,0.1292511754349386,0.2391034640116331,0.3210244024819877,3.556300139773091,10.311290086865602,4.131287637442719
sub-11152,3,beta,8.1,m,ASD,64,62.998046875,0.2057234355551878,0.1846322073420727,12.960576439976837,0.1842471855242197,0.174579138238708,0.2482799999854048,4.649925864253575,5.302314519647155,4.121435048265293
sub-11152,3,gamma,8.1,m,ASD,64,62.998046875,0.1766540892676713,0.1527723294435318,11.129207623863296,0.2402741282149076,0.1511220002888676,0.2142990917359929,5.4827759218165495,4.737118753336244,4.108907200915066
sub-11152,4,theta,8.1,m,ASD,64,61.998046875,0.266315055078469,0.2419315273251119,16.777848469943557,0.1588058444091609,0.2339038631369102,0.3082326145817089,3.710134709482412,10.33379203279107,4.12720604849349
sub-11152,4,alpha,8.1,m,ASD,64,61.998046875,0.2488517346792931,0.2266365518627136,15.677659284795467,0.1503027704942637,0.2149209161430075,0.2918669478310548,3.942068539386793,8.95754259825551,4.1279131261464
sub-11152,4,beta,8.1,m,ASD,64,61.998046875,0.1728720522271598,0.1436758566543303,10.89093929031107,0.230604582815019,0.1449672738351111,0.2138775800926156,5.552466835623143,5.036277619873953,4.110513713610233
sub-11152,4,gamma,8.1,m,ASD,64,61.998046875,0.1503987870223428,0.1200089713688427,9.4751235824076,0.2522204956018237,0.1259138066934687,0.1890411591489537,6.383905218896244,5.046453907827849,4.10508133286466
sub-11152,5,theta,8.1,m,ASD,64,62.998046875,0.2735781818962411,0.2420253196260227,17.235425459463197,0.2042966120788997,0.2372585512347402,0.3189855559649832,3.6494291349982215,9.540445968020231,4.118105680943818
sub-11152,5,alpha,8.1,m,ASD,64,62.998046875,0.250669399629355,0.2241169650848561,15.792172176649366,0.1574942342197768,0.2138832833891614,0.2961866125145068,3.893134855331768,8.958865138871145,4.126542097736519
sub-11152,5,beta,8.1,m,ASD,64,62.998046875,0.1743092526574192,0.1450050815701836,10.981482917417411,0.2130005648154752,0.1448195061594593,0.2157503145330588,5.508700644577783,4.923704704037146,4.114877546862027
sub-11152,5,gamma,8.1,m,ASD,64,62.998046875,0.1473371301838476,0.1158451545972957,9.282239201582405,0.2595215493641924,0.1229972746504688,0.1846478410946383,6.62538427080721,4.641204216159434,4.102711166137686
sub-11161,1,theta,11.0,m,ASD,64,62.998046875,0.2756580830490638,0.2555925591248884,17.366459232091024,0.1013206288941128,0.2367380460743182,0.3257811608213161,3.4779961197188185,11.845343636383497,4.134685492107432
sub-11161,1,alpha,11.0,m,ASD,64,62.998046875,0.2605515368416084,0.2386759437451791,16.414746821021332,0.1237863657426817,0.2242882415554035,0.3084554128085831,3.7090598008058095,9.253590074422274,4.131573350507395
sub-11161,1,beta,11.0,m,ASD,64,62.998046875,0.23860436931597,0.1714777344759203,15.032075266906112,0.2511357699108552,0.2022319749405857,0.2800354145667794,4.493568558781642,7.837377185676031,4.106551029299029
sub-11161,1,gamma,11.0,m,ASD,64,62.998046875,0.3188893674594768,0.2383879890702913,20.090030149947044,0.3226911892045369,0.2833968237119033,0.3458677007614665,3.7899160184444094,8.86352984144164,4.085077569054347
sub-11161,2,theta,11.0,m,ASD,64,62.998046875,0.2756819047178234,0.2538850159036696,17.367959997222876,0.1347942898465297,0.239873230266664,0.3216071182184956,3.540516703427708,11.791027852579289,4.130932194916785
sub-11161,2,alpha,11.0,m,ASD,64,62.998046875,0.2765772593408738,0.2571513835052558,17.42436733847505,0.108428184501744,0.2389500650944487,0.3248173011885443,3.4950692539458683,11.698447761784449,4.133937543482083
sub-11161,2,beta,11.0,m,ASD,64,62.998046875,0.2140257863940861,0.1630374586482738,13.483624542827428,0.1709836138398448,0.179686847410015,0.259578593462182,4.645275791312585,7.6469177270513935,4.12337599022896
sub-11161,2,gamma,11.0,m,ASD,64,62.998046875,0.2364576634594566,0.1615423508338505,14.89683279794577,0.2640308110810143,0.2022850698886748,0.2732357349286479,4.658417943247241,7.437142194205539,4.102354451654959
sub-11161,3,theta,11.0,m,ASD,64,61.998046875,0.2911642741884152,0.2690236274170903,18.34334927387016,0.1150397266144656,0.2555844151191394,0.3354949907162737,3.383320383236837,12.618812644454344,4.133574120442229
sub-11161,3,alpha,11.0,m,ASD,64,61.998046875,0.2916995791487363,0.2731429747293026,18.37707348637038,0.0996303424212103,0.2566401997077739,0.3328939499537052,3.402584345566736,12.22361759794062,4.135223446959485
sub-11161,3,beta,11.0,m,ASD,64,61.998046875,0.2117255473230029,0.1754499936857463,13.338709481349188,0.1345731333017207,0.1779178666329339,0.2562793009716047,4.599063182475779,8.175812046150412,4.129273735409679
sub-11161,3,gamma,11.0,m,ASD,64,61.998046875,0.2080989890706397,0.1482680003496035,13.110236311450308,0.2106339352138656,0.1758544264619438,0.2477106106178662,5.04014236218792,4.910873493652347,4.114223014620062
sub-11161,4,theta,11.0,m,ASD,64,61.998046875,0.2716497139071384,0.2466024760947336,17.113931976149722,0.1291037111677663,0.2343208698992359,0.3196837623926828,3.5716675516413106,11.303867030892908,4.1314932557788255
sub-11161,4,alpha,11.0,m,ASD,64,61.998046875,0.2856458605226318,0.2588041523636235,17.995689212925804,0.131047263516977,0.2509917605779455,0.330232971725681,3.44265197197231,11.93199079651936,4.131462610217977
sub-11161,4,beta,11.0,m,ASD,64,61.998046875,0.2149700837855656,0.1734188603908573,13.543115278490632,0.1624110928054826,0.1828004693084179,0.2579085651570735,4.618603706705706,7.466868270872242,4.124937069364759
sub-11161,4,gamma,11.0,m,ASD,64,61.998046875,0.2372344880597148,0.1742760562684225,14.945772747762032,0.2497758207596627,0.2068587923008044,0.2672244002440974,4.731254933675013,6.076651045799379,4.105950283514622
sub-11161,5,theta,11.0,m,ASD,64,62.998046875,0.2981437216656164,0.2789970606727093,18.78305446493384,0.1676925659579766,0.2585276255566032,0.3458863013876867,3.308504991189466,11.766697565425671,4.125796369452394
sub-11161,5,alpha,11.0,m,ASD,64,62.998046875,0.2793067883384453,0.2590169948307238,17.596327665322054,0.1291592346328486,0.2418656595808331,0.3267089185859081,3.4810638658311794,11.520210806206894,4.131361624214947
sub-11161,5,beta,11.0,m,ASD,64,62.998046875,0.2394404811857953,0.1729596126860647,15.084750314705104,0.2203019426151339,0.205395792970188,0.2778196426562158,4.468833786759283,7.216511183592351,4.114188385601392
sub-11161,5,gamma,11.0,m,ASD,64,62.998046875,0.3198761027992575,0.2608913448039203,20.152194476353223,0.2573141262895181,0.2907249348873427,0.3361624429172045,3.705810848914316,9.21920303649895,4.106129783983164
sub-11161,6,theta,11.0,m,ASD,64,62.998046875,0.3061576743782896,0.2870657584480555,19.287933485832244,0.1714432072335202,0.2670586852710114,0.3523268515265033,3.2433249018103187,11.93710604239822,4.125244788334082
sub-11161,6,alpha,11.0,m,ASD,64,62.998046875,0.2804552948976635,0.2620217517076308,17.668683578552802,0.1187399451828536,0.2425499737054222,0.3286496243017184,3.444123453724873,11.660246330749622,4.132830186298883
sub-11161,6,beta,11.0,m,ASD,64,62.998046875,0.2205225885540416,0.1758911550555261,13.892923078904625,0.1478320789285181,0.1888541528986132,0.2613037582537114,4.543158347482543,7.957307013494585,4.127648654327013
sub-11161,6,gamma,11.0,m,ASD,64,62.998046875,0.2511896914004881,0.1909531317839209,15.824950558230752,0.2351181568619108,0.222457814776873,0.2784275975113418,4.47783027002251,6.415292024545163,4.10998542476902
sub-11181,1,theta,8.5,m,ASD,64,61.998046875,0.2899701507584322,0.2686461193413192,18.26811949778123,0.1534944945877225,0.2504209234048907,0.3366956598467485,3.40236813777393,12.1076584134516,4.12816119755688
sub-11181,1,alpha,8.5,m,ASD,64,61.998046875,0.2562971517560505,0.2316565011081007,16.146720560631184,0.1471048394409974,0.2215137856837303,0.298553795780714,3.859649739786638,10.60988422401992,4.128785564652248
sub-11181,1,beta,8.5,m,ASD,64,61.998046875,0.2048161698963472,0.1727871954015999,12.903418703469878,0.2155292539843145,0.1720216351811576,0.2483305122781368,4.8302334308685655,4.97509984133381,4.113703750215182
sub-11181,1,gamma,8.5,m,ASD,64,61.998046875,0.1958842041729445,0.1596479623845583,12.340704862895508,0.2553595403804021,0.1647550572861789,0.2382883104300537,5.1408012965111896,4.394027450611018,4.102956544947457
sub-11181,2,theta,8.5,m,ASD,64,62.998046875,0.3080273199297855,0.2843148704152097,19.405721155576483,0.1453719487037331,0.2674846786848035,0.3556664605984032,3.20169265234016,12.807373358886071,4.129478585097972
sub-11181,2,alpha,8.5,m,ASD,64,62.998046875,0.2623891559398821,0.2361850316347652,16.530516824212572,0.1886001454916753,0.225050547008812,0.3090898271275537,3.737635015254341,9.984768075558677,4.121711105503698
sub-11181,2,beta,8.5,m,ASD,64,62.998046875,0.2159730022232145,0.1839360588003169,13.60629914006251,0.2232171684192145,0.1828671490715898,0.2587097633349369,4.639559101544969,5.630945286263065,4.11198813791312
sub-11181,2,gamma,8.5,m,ASD,64,62.998046875,0.1946094760774641,0.1591580556236663,12.260396992880244,0.2609164763434577,0.1646055673490247,0.2346117181040788,5.244341030838258,4.613151595346853,4.101655575597687
sub-11181,4,theta,8.5,m,ASD,64,62.998046875,0.2808094216890222,0.2533519887379886,17.6909935664084,0.1205375296865149,0.2424005859249161,0.3291875292358203,3.460963489596741,12.076507752953338,4.132574630908657
sub-11181,4,alpha,8.5,m,ASD,64,62.998046875,0.2574419124578611,0.2337550332322098,16.218840484845252,0.1211966280729797,0.2240404373711378,0.3006254903281556,3.801376528756782,11.02155339948368,4.132482794316947
sub-11181,4,beta,8.5,m,ASD,64,62.998046875,0.2048969169258138,0.1778395331837309,12.908505766326275,0.1998632985745601,0.1743742586188817,0.2467006290834935,4.775672019620272,5.725501046489581,4.117887145720035
sub-11181,4,gamma,8.5,m,ASD,64,62.998046875,0.1834264961830792,0.1479697670114665,11.555869259533992,0.2647609382021983,0.1549735892419486,0.2239399824002484,5.408763491774552,4.934847903812742,4.101670081389807
sub-11181,5,theta,8.5,m,ASD,64,62.998046875,0.2922487999001534,0.2625136787537974,18.411674393709664,0.1743638120154012,0.2540520441753853,0.3386081853929002,3.390682196749515,11.585855786423746,4.124901684961824
sub-11181,5,alpha,8.5,m,ASD,64,62.998046875,0.2530151632028095,0.2223787170117938,15.939955281776996,0.1543374187289251,0.2188777040530999,0.2972118775789483,3.873125939049825,10.368183123670674,4.127871968182248
sub-11181,5,beta,8.5,m,ASD,64,62.998046875,0.2123017053586734,0.1837875539131008,13.375007437596429,0.1954810294660605,0.1806828570673434,0.254096505013419,4.627535320723506,6.531687875511383,4.119290982656895
sub-11181,5,gamma,8.5,m,ASD,64,62.998046875,0.1801622385250607,0.1452955935374929,11.35022102707883,0.2619845586430041,0.1514331594495526,0.2200722078707141,5.516378341830172,4.573549037989776,4.101985583985976
sub-11181,6,theta,8.5,m,ASD,64,62.998046875,0.2930811279347528,0.2671400089074963,18.464111059889422,0.1615957046997458,0.2521797618536838,0.341578879013045,3.359179934551595,11.665036911716722,4.12689717590456
sub-11181,6,alpha,8.5,m,ASD,64,62.998046875,0.2606518621403653,0.2317851638186733,16.421067314843015,0.1678511894897648,0.2266378715969187,0.3047464403689912,3.7798209559646216,10.375432690290069,4.125782246118653
sub-11181,6,beta,8.5,m,ASD,64,62.998046875,0.2127369858702603,0.181038356997891,13.402430109826405,0.2201316239236896,0.1804331136385196,0.2549349491265683,4.677280548514549,5.437441685568111,4.1132947955758885
sub-11181,6,gamma,8.5,m,ASD,64,62.998046875,0.1895232290596253,0.153413113091144,11.939963430756393,0.268694573099027,0.1603192213056415,0.2286657636033154,5.374525060549368,4.495310237785846,4.099707729722025
sub-11204,1,theta,11.3,m,ASD,64,62.998046875,0.2970337587130874,0.27757804820158,18.713126798924502,0.1063206209263955,0.2582773789846828,0.3442695789655896,3.289514003307996,12.792243678649076,4.134454755107256
sub-11204,1,alpha,11.3,m,ASD,64,62.998046875,0.2931478917981303,0.2753313566640091,18.46831718328221,0.0952012656975256,0.2513608127972755,0.3440541379239856,3.286085151894236,12.745196572875145,4.135411554287402
sub-11204,1,beta,11.3,m,ASD,64,62.998046875,0.2299702637224355,0.2070447020670358,14.48812661451344,0.1612470734915284,0.1962835339443324,0.2757433745053716,4.203601775689448,6.705966992925746,4.125226336914453
sub-11204,1,gamma,11.3,m,ASD,64,62.998046875,0.1682081251494269,0.1330708452799814,10.5971118844139,0.2302423032722952,0.1395809015266554,0.2139527576154677,5.600856614574944,3.825779028131016,4.109229976287005
sub-11204,2,theta,11.3,m,ASD,64,61.998046875,0.3005483519443819,0.2768182604890744,18.934546172496063,0.1118327629924169,0.2601591747422336,0.3507415596930599,3.228962419851668,12.939414020970892,4.133806441987994
sub-11204,2,alpha,11.3,m,ASD,64,61.998046875,0.2966835973577926,0.274310928652259,18.69106663354093,0.0999330585655707,0.2548995206951585,0.3468515876616823,3.267244440520835,13.135235197042933,4.134919682880304
sub-11204,2,beta,11.3,m,ASD,64,61.998046875,0.2426995370561806,0.2201715543572804,15.290070834539378,0.1415206839813342,0.2067604892427149,0.2895804221475053,3.9607742618359816,8.973755036252161,4.129021580839908
sub-11204,2,gamma,11.3,m,ASD,64,61.998046875,0.1864758287675537,0.1588696983252516,11.747977212355885,0.2105568459452806,0.1562634274002495,0.2300145413113979,5.146673519078084,5.190227325420124,4.114211423118888
sub-11204,3,theta,11.3,m,ASD,64,62.998046875,0.2871775099995288,0.2643697274746902,18.09218312997032,0.104546029279677,0.2470564541151683,0.3388272210343832,3.341601056366273,12.41423877526814,4.134404485358803
sub-11204,3,alpha,11.3,m,ASD,64,62.998046875,0.2881922207264137,0.2662323221136798,18.156109905764065,0.0759875479120573,0.251370367208154,0.3344429177846817,3.3790392411459536,13.306805692069144,4.1371942541967295
sub-11204,3,beta,11.3,m,ASD,64,62.998046875,0.2305932237452447,0.2089692517239556,14.527373095950416,0.1531903372287887,0.1969106283203591,0.2763289155032047,4.182399644419493,6.787634903625672,4.126703542626808
sub-11204,3,gamma,11.3,m,ASD,64,62.998046875,0.1755519487455939,0.1439372131679357,11.05977277097242,0.2000842747001983,0.1464807661749784,0.2198560838197257,5.369507420025104,5.038595691466314,4.116927998088612
sub-11204,4,theta,11.3,m,ASD,64,62.998046875,0.2998573194313908,0.2769479409183806,18.891011124177624,0.1240069324318227,0.2615720781997218,0.3468949360750407,3.270805561980952,12.816035723719516,4.132462840825451
sub-11204,4,alpha,11.3,m,ASD,64,62.998046875,0.2942716926849192,0.2762768591442711,18.53911663914991,0.0895674235539964,0.2557335376280967,0.3414069576104414,3.3070559629450216,13.3974186030626,4.136062795708063
sub-11204,4,beta,11.3,m,ASD,64,62.998046875,0.2409990931107854,0.2172822887486661,15.18294286597948,0.1634169577119825,0.2068830674876837,0.2862927094237413,4.052676858292173,6.337885961046408,4.124834733981935
sub-11204,4,gamma,11.3,m,ASD,64,62.998046875,0.1830220950679183,0.1548482371671174,11.53039198927885,0.1656697973934512,0.1543979619158748,0.2241654679763308,5.20825360376084,6.92007339190883,4.124668331449855
sub-11204,5,theta,11.3,m,ASD,64,62.998046875,0.2988157314431133,0.2762886703754092,18.82539108091614,0.1260535563325459,0.2570399304817244,0.3500379644956583,3.2433176967616544,12.526372719868364,4.13198522512976
sub-11204,5,alpha,11.3,m,ASD,64,62.998046875,0.284089121820178,0.2653814875169983,17.897614674671217,0.112209754051654,0.2456190019101909,0.3319048156236963,3.408757048215885,12.153114555884857,4.133681129694235
sub-11204,5,beta,11.3,m,ASD,64,62.998046875,0.2299966628365375,0.2030290221075789,14.489789758701866,0.172119588136859,0.1960105395740017,0.2757544973888718,4.233035158186052,6.428690219878915,4.123258689927558
sub-11204,5,gamma,11.3,m,ASD,64,62.998046875,0.1741410382678749,0.140362537514016,10.970885410876118,0.1908685250566696,0.1450990751843348,0.2164854839475076,5.527804362577646,4.481931820170786,4.118649778287694
sub-11204,6,theta,11.3,m,ASD,64,61.998046875,0.3057216252638727,0.2843371842681185,19.26046239162397,0.1316744302169811,0.2666087944572292,0.3535035203625687,3.2041962130758983,12.799018809793507,4.131490759152396
sub-11204,6,alpha,11.3,m,ASD,64,61.998046875,0.294243265432147,0.2766745215338089,18.537325722225265,0.1044986759978595,0.256320631552843,0.3405910881364675,3.3237112411743923,13.092294247909896,4.134639250407047
sub-11204,6,beta,11.3,m,ASD,64,61.998046875,0.2223385711276922,0.1928073031296907,14.00732998104461,0.1842799584165839,0.1903855722802053,0.2665742285512935,4.399351238565689,5.9490282762001945,4.120686167711429
sub-11204,6,gamma,11.3,m,ASD,64,61.998046875,0.169969036482835,0.1320220819252821,10.708049298418604,0.2265420938867292,0.1417995075429867,0.2134094441453754,5.7037491560765705,3.841496452170056,4.109710475810607
sub-11215,1,theta,11.4,f,ASD,64,152.998046875,0.3372151419592921,0.3252081142704141,21.2445539434354,0.1622108046674509,0.2941157500841083,0.3857696259300526,2.9546975974761023,12.721076793310925,4.1267809835539735
sub-11215,1,alpha,11.4,f,ASD,64,152.998046875,0.3763312157372321,0.3754795432525836,23.708866591445627,0.1932225600931529,0.339530193030541,0.4151450143038964,2.75262609543062,13.51708766101201,4.121493066379749
sub-11215,1,beta,11.4,f,ASD,64,152.998046875,0.2560662160043514,0.2418361008230731,16.132171608274138,0.1836474584176137,0.2180808348381759,0.299594278853816,3.836445040069273,8.626371214890396,4.122353537149209
sub-11215,1,gamma,11.4,f,ASD,64,152.998046875,0.2252736965808539,0.2079083882345444,14.192242884593798,0.2237318918551843,0.1931780723534549,0.2630145401310528,4.427709298573322,5.503155696615889,4.113179111047961
sub-11215,2,theta,11.4,f,ASD,64,152.998046875,0.3364578864028044,0.3254050416481281,21.19684684337668,0.1325618218820804,0.2922596536749096,0.3855611872012053,2.941298040109044,14.181946871092384,4.131434625354642
sub-11215,2,alpha,11.4,f,ASD,64,152.998046875,0.3468415864246384,0.3413094601675903,21.851019944752224,0.1491032293849531,0.3063297083757563,0.3914748385208335,2.898590409747752,13.957537915427864,4.129244186075876
sub-11215,2,beta,11.4,f,ASD,64,152.998046875,0.2618597790963965,0.2452047659530198,16.497166083072983,0.1793126614941272,0.2226165888975083,0.3069865059440853,3.756760978543314,6.198431773922485,4.122341204477295
sub-11215,2,gamma,11.4,f,ASD,64,152.998046875,0.2382434013713475,0.2197547900378464,15.009334286394894,0.194297357624375,0.2030043528146051,0.2789976352961798,4.139474045506452,5.959944168774101,4.119140303738422
sub-11215,3,theta,11.4,f,ASD,64,152.998046875,0.3385160601947929,0.323245048959543,21.32651179227196,0.1470501299645851,0.2952933026095834,0.3872101324482784,2.935673958236204,13.728128304704688,4.129346444048951
sub-11215,3,alpha,11.4,f,ASD,64,152.998046875,0.3896475117483787,0.3886495496633581,24.54779324014786,0.1627478878517508,0.3544086411643426,0.4254755388365535,2.6674019699988456,15.962582628581869,4.127566541755873
sub-11215,3,beta,11.4,f,ASD,64,152.998046875,0.2756844030572227,0.2642536290716936,17.368117392605036,0.1755561127268023,0.2349448215494922,0.3211874736235929,3.578405153653794,6.471411205270417,4.123386104109539
sub-11215,3,gamma,11.4,f,ASD,64,152.998046875,0.2407925324551412,0.2249616903285469,15.1699295446739,0.180755171139831,0.2064026989007256,0.2801030112648386,4.098783353187097,6.645099613913088,4.122471551900305
sub-11227,1,theta,10.8,m,ASD,64,61.998046875,0.3024221555645945,0.2803692405598822,19.05259580056945,0.1259790549373569,0.2627989944655533,0.349525755956706,3.25835738920021,12.753820628996648,4.1320240523213485
sub-11227,1,alpha,10.8,m,ASD,64,61.998046875,0.3190494084714368,0.3031541985250895,20.100112733700527,0.1246342888434385,0.2755063477157741,0.3679691949420955,3.0893907363043955,13.00789017190195,4.132133090043102
sub-11227,1,beta,10.8,m,ASD,64,61.998046875,0.2822863378278206,0.2652438277196615,17.7840392831527,0.104253971372146,0.242458835683898,0.3297287278282479,3.4542250984575475,11.80139100164121,4.134236363194506
sub-11227,1,gamma,10.8,m,ASD,64,61.998046875,0.2839925926283935,0.2635587071497298,17.89153333558879,0.1512692265870274,0.2477479902787185,0.325693297718841,3.5311748575395945,9.821482296752768,4.12813059432035
sub-11227,2,theta,10.8,m,ASD,64,61.998046875,0.3167743851995018,0.295302779192727,19.956786267568617,0.1579823995580324,0.2724152246519534,0.3680818315693398,3.1142324839056013,12.45543072076688,4.127229754725826
sub-11227,2,alpha,10.8,m,ASD,64,61.998046875,0.3856904775683638,0.381249326995728,24.29850008680692,0.2000636748566371,0.342909894663843,0.429947895042591,2.663937687085324,12.40886942336594,4.119767770902572
sub-11227,2,beta,10.8,m,ASD,64,61.998046875,0.2843449015760202,0.2677871741809553,17.913728799289277,0.0935214134702502,0.2444573456298666,0.3319948839978621,3.4271695978409635,11.99310742160212,4.135305637294676
sub-11227,2,gamma,10.8,m,ASD,64,61.998046875,0.2718011121456232,0.2533887444977577,17.123470065174264,0.1251232533931486,0.236600109619508,0.3131515542443746,3.646037229957841,10.88790933457012,4.132012465696676
sub-11227,3,theta,10.8,m,ASD,64,62.998046875,0.3173402672819618,0.3010310539439831,19.992436838763595,0.1489785983598217,0.2762498736081746,0.365202310581278,3.1208571364541817,12.931039103890228,4.128879134593513
sub-11227,3,alpha,10.8,m,ASD,64,62.998046875,0.4006379266634986,0.4008151585430159,25.24018937980041,0.2116984958422522,0.3591151293262572,0.4427628915339365,2.590335790150045,12.720265100786923,4.117229088699305
sub-11227,3,beta,10.8,m,ASD,64,62.998046875,0.2921702262187163,0.2763664396479597,18.40672425177913,0.0985411830327455,0.25083514825744,0.3401767096578476,3.3430618803295435,12.164871406559824,4.134864744284583
sub-11227,3,gamma,10.8,m,ASD,64,62.998046875,0.2734354093615863,0.2618220591720706,17.22643078977994,0.1231150336810579,0.2362993956323437,0.3163295538358404,3.60204481460389,10.318288030552369,4.132114573275884
sub-11227,4,theta,10.8,m,ASD,64,62.998046875,0.315689786486685,0.29355144698948,19.88845654866116,0.1337661955888062,0.2741663544579699,0.3647384946321718,3.1168385675593884,13.278252197402924,4.131115271820118
sub-11227,4,alpha,10.8,m,ASD,64,62.998046875,0.3872447995641628,0.3894953967238445,24.39642237254226,0.1942512399361269,0.3458629496142271,0.4291844122646384,2.660139025268684,13.059055119615929,4.120963356231193
sub-11227,4,beta,10.8,m,ASD,64,62.998046875,0.2884580539837239,0.2723183684979323,18.172857400974607,0.0982785917365387,0.2460611690808968,0.3377106024246105,3.3692186464637364,12.038906978801748,4.134801798210688
sub-11227,4,gamma,10.8,m,ASD,64,62.998046875,0.2650849120700699,0.2486720831382974,16.700349460414408,0.1278936037676748,0.2290670595683059,0.307227022414597,3.718963137577057,10.7245332548237,4.131610267475673
sub-11227,5,theta,10.8,m,ASD,64,62.998046875,0.3289632812800991,0.3159788739385497,20.72468672064624,0.1429543030507871,0.2858679449934497,0.3776655406275155,3.007753223474997,13.908044634808874,4.129880236983484
sub-11227,5,alpha,10.8,m,ASD,64,62.998046875,0.4035189005682335,0.4082900520101287,25.42169073579872,0.2036402716827962,0.3589330347977241,0.4467157754613525,2.5762151988431503,11.10988523808591,4.118701912398159
sub-11227,5,beta,10.8,m,ASD,64,62.998046875,0.2907555094821166,0.2747653523901618,18.317597097373344,0.0967640177504278,0.2512844545486199,0.3375339099797966,3.3666402253216616,12.353669977071815,4.135098533911829
sub-11227,5,gamma,10.8,m,ASD,64,62.998046875,0.2722806111520901,0.2574358253742392,17.153678502581677,0.1192413797562211,0.2339907030795883,0.316146488056009,3.597353890366504,10.4952971580431,4.132545276472702
sub-11227,6,theta,10.8,m,ASD,64,62.998046875,0.3173343003895988,0.2966762093449726,19.99206092454473,0.1538257739146748,0.2767773399814913,0.3649321854674049,3.1232249505177143,12.52134740162798,4.12821323040338
sub-11227,6,alpha,10.8,m,ASD,64,62.998046875,0.3976881718797555,0.3948034812068498,25.0543548284246,0.1906842022338349,0.3580765588114829,0.4381055113853801,2.6112124824877005,12.119845836491914,4.12183000122911
sub-11227,6,beta,10.8,m,ASD,64,62.998046875,0.2855478599713442,0.2671023724094893,17.989515178194686,0.1025019108106334,0.2467174729370922,0.3319597662910704,3.4233907166001067,11.939501213868224,4.13450818757561
sub-11227,6,gamma,10.8,m,ASD,64,62.998046875,0.2866442833758451,0.2734325789552458,18.05858985267825,0.1266544346763145,0.2498826653876978,0.3281754440837781,3.475147992334465,10.28719528937029,4.131786946800767
sub-11229,1,theta,11.2,m,ASD,64,62.998046875,0.316838820024435,0.2924703080650656,19.960845661539405,0.1645985624941081,0.2758667615596752,0.3655144392315551,3.1285334417320585,12.557596376319069,4.12651730417036
sub-11229,1,alpha,11.2,m,ASD,64,62.998046875,0.3126826508517096,0.2900135676470794,19.69900700365771,0.1260100213796028,0.278290926310672,0.3530560109853703,3.2199257542147603,12.376241529831796,4.132371826538757
sub-11229,1,beta,11.2,m,ASD,64,62.998046875,0.2484419998164732,0.2268499601691028,15.651845988437817,0.152713919634175,0.2128645398742143,0.2941525989571183,3.9122961689571736,8.774038481852347,4.127587717818595
sub-11229,1,gamma,11.2,m,ASD,64,62.998046875,0.1915063796602764,0.1652007936450798,12.064901918597416,0.2380472626516344,0.1622782189328421,0.2326603462086731,5.110808431222968,4.48570372403779,4.1088254397418735
sub-11229,2,theta,11.2,m,ASD,64,62.998046875,0.3281057717449587,0.2998337250084116,20.6706636199324,0.1803876862506946,0.2903732729948279,0.3723103140302896,3.087081522970505,12.051134617329678,4.123770253424159
sub-11229,2,alpha,11.2,m,ASD,64,62.998046875,0.3073710209370293,0.2855776657522176,19.36437431903285,0.1166857738629119,0.2731978710103745,0.3479513275434492,3.259567261936472,12.903915215057404,4.133571865086624
sub-11229,2,beta,11.2,m,ASD,64,62.998046875,0.24352732493247,0.216969358296919,15.342221470745612,0.1643504099497761,0.208217003771796,0.2892480126133674,3.993921257404453,8.691001391186091,4.125470992480679
sub-11229,2,gamma,11.2,m,ASD,64,62.998046875,0.1803862821745722,0.1527029798660317,11.36433577699805,0.2322419712685438,0.1509471101285972,0.2224667974461322,5.33697158153024,4.995070080544287,4.110318041308452
sub-11229,3,theta,11.2,m,ASD,64,62.998046875,0.3713013631929989,0.3587051441556605,23.39198588115893,0.2477832508384531,0.3311496808677161,0.4159425805124532,2.7981984376434226,11.5400999278562,4.10802774231969
sub-11229,3,alpha,11.2,m,ASD,64,62.998046875,0.3172960187710602,0.2921560297187004,19.9896491825768,0.1682977609733449,0.282013997197499,0.3595401594177749,3.184931112293357,11.23675203663284,4.125966815159553
sub-11229,3,beta,11.2,m,ASD,64,62.998046875,0.2495238667803246,0.2311864244276422,15.720003607160455,0.1436443557131933,0.2139138347683267,0.2955011014686232,3.869150727058381,10.383360704230396,4.1293397991241685
sub-11229,3,gamma,11.2,m,ASD,64,62.998046875,0.2027148625858234,0.1837122278043472,12.771036342906877,0.1808620266553861,0.1722511257675057,0.2432952484995499,4.742797886338492,7.279194212735399,4.122887550139619
sub-11229,4,theta,11.2,m,ASD,64,62.998046875,0.3047659430930854,0.2767540370766006,19.200254414864386,0.1854598883477326,0.2640892324752849,0.3543332073399171,3.253208473114797,10.840463790752034,4.122418457206478
sub-11229,4,alpha,11.2,m,ASD,64,62.998046875,0.3147262221285233,0.295010146313746,19.827751994096964,0.1534731757253949,0.2739395963191177,0.3628725821912601,3.1418371240749225,11.885251709025187,4.128134886262258
sub-11229,4,beta,11.2,m,ASD,64,62.998046875,0.2541019946073063,0.2326281518516633,16.008425660260297,0.15435878577893,0.2180437631823119,0.3002266737103682,3.819225785558732,9.611670126881526,4.127488005184777
sub-11229,4,gamma,11.2,m,ASD,64,62.998046875,0.2256391109683591,0.2113895853493196,14.215263991006625,0.1707954665550352,0.1924197474589762,0.2675060778102653,4.288315500576281,8.345956994757785,4.124461358640085
sub-11229,5,theta,11.2,m,ASD,64,62.998046875,0.3069416524023993,0.2802988674871131,19.33732410135116,0.1814055678316513,0.2670394924873928,0.3551605884338046,3.232171537184892,11.862763660105616,4.123413144837093
sub-11229,5,alpha,11.2,m,ASD,64,62.998046875,0.3189928736669245,0.2957188499848366,20.096551041016244,0.1461534656600748,0.2826462842778583,0.360335531798431,3.166144335873568,11.88023598018721,4.12954393862934
sub-11229,5,beta,11.2,m,ASD,64,62.998046875,0.2428257488253155,0.2165745397094202,15.29802217599488,0.1817586011375655,0.2092929390062956,0.2867649424659513,4.04423908461274,8.114806901173763,4.122529897298955
sub-11229,5,gamma,11.2,m,ASD,64,62.998046875,0.1937828789136024,0.1669135327180256,12.208321371556956,0.224062576219406,0.1627427972254527,0.235567769643356,5.071223425928919,4.4757047736429545,4.111705045707202
sub-11229,6,theta,11.2,m,ASD,64,62.998046875,0.3023066706858884,0.2784434035800216,19.04532025321097,0.1587642162413761,0.2618934937819392,0.3516017720924177,3.250903076046778,12.069401417944622,4.1273551087568965
sub-11229,6,alpha,11.2,m,ASD,64,62.998046875,0.3093430334213969,0.2894122182722277,19.48861110554801,0.1115378754924732,0.2739034317762349,0.351693748563044,3.220842025318678,13.381084909618856,4.134150388235722
sub-11229,6,beta,11.2,m,ASD,64,62.998046875,0.2372034994316381,0.2141268408333431,14.943820464193204,0.165022416849611,0.2008462865085203,0.284632098359895,4.051186544265791,8.391835150831955,4.125368663971876
sub-11229,6,gamma,11.2,m,ASD,64,62.998046875,0.1864020093020247,0.1569925663861875,11.74332658602756,0.2257350144627951,0.1579494665273771,0.2268322882843428,5.192996478781646,5.79899335764835,4.112445480458546
sub-11235,1,theta,11.3,m,ASD,64,61.998046875,0.3107272662014622,0.2984550516171349,19.57581777069212,0.1938252135079214,0.2691686750577106,0.3600925369323733,3.1797805225458946,11.62407359990432,4.120935382594319
sub-11235,1,alpha,11.3,m,ASD,64,61.998046875,0.2705969848892292,0.2543623509563421,17.04761004802144,0.1477281993036758,0.2325285392983545,0.3170959561459875,3.594279983133533,10.55784616201662,4.128839047721258
sub-11235,1,beta,11.3,m,ASD,64,61.998046875,0.2420468916396558,0.219340613267539,15.248954173298316,0.1678390259985497,0.2056592196447256,0.2879669643793735,4.024700469198123,8.173464081114563,4.124880759276301
sub-11235,1,gamma,11.3,m,ASD,64,61.998046875,0.2145532372221427,0.1893385045942711,13.516853944994995,0.1909474388416205,0.1805305543153558,0.2585871822402468,4.578896716778765,5.270602889548947,4.119264184598158
sub-11235,2,theta,11.3,m,ASD,64,62.998046875,0.2599022289597806,0.2314511878485344,16.37384042446618,0.1939177833367137,0.2245589461478728,0.3051240112837695,3.837993944937777,8.101242337323953,4.119669035523344
sub-11235,2,alpha,11.3,m,ASD,64,62.998046875,0.250794745321475,0.2274428025832689,15.800068955252929,0.1419213186499522,0.2170334933860245,0.2949738308805234,3.8883231871533983,9.807465607110249,4.129391296163895
sub-11235,2,beta,11.3,m,ASD,64,62.998046875,0.2218317238142087,0.1959654206249936,13.975398600295147,0.1517514576525568,0.1864274696438955,0.267783895555484,4.332398395354041,8.766765440265361,4.127189992868202
sub-11235,2,gamma,11.3,m,ASD,64,62.998046875,0.2216082092442345,0.1887722487124854,13.961317182386782,0.205165482482284,0.184720184975262,0.2688552257820364,4.394838947032568,6.7489939985832486,4.117086430991145
sub-11235,3,theta,11.3,m,ASD,64,62.998046875,0.3041346531081208,0.2882892154250369,19.160483145811604,0.1411092495828715,0.2636825394574734,0.3518715620849914,3.2264372865809703,12.902705542876909,4.130150967376237
sub-11235,3,alpha,11.3,m,ASD,64,62.998046875,0.3091676785758839,0.2904458485771768,19.477563750280687,0.1047040269773158,0.2714519498948551,0.3522231490201907,3.220685227407968,13.587330647946173,4.134785351469054
sub-11235,3,beta,11.3,m,ASD,64,62.998046875,0.2478473163498633,0.2229576839951106,15.61438093004139,0.172032543393114,0.2115926837821108,0.2916465609060362,3.974887219628613,8.822559005095576,4.124252950832365
sub-11235,3,gamma,11.3,m,ASD,64,62.998046875,0.2036073433868211,0.1735740215508548,12.827262633369736,0.2197048497157427,0.1711479146913052,0.2451902642185738,4.873193818752698,6.166094053025756,4.113266606205522
sub-11235,4,theta,11.3,m,ASD,64,62.998046875,0.3033692188954922,0.2900160556573333,19.11226079041601,0.1748730800703012,0.2624780377324228,0.3512145710874542,3.243313562785737,11.611617228428466,4.12458402532178
sub-11235,4,alpha,11.3,m,ASD,64,62.998046875,0.2858793897254963,0.2668945114305561,18.01040155270627,0.1339439117100888,0.251250661870001,0.3273979977322587,3.468295421665941,12.166244871860552,4.131215506035557
sub-11235,4,beta,11.3,m,ASD,64,62.998046875,0.2228066543266235,0.1948451990541534,14.03681922257728,0.1834873030854767,0.1882551454465532,0.2669842740916697,4.404905542315336,7.323830523542243,4.121578176136964
sub-11235,4,gamma,11.3,m,ASD,64,62.998046875,0.1915950477979613,0.1589153809814051,12.070488011271564,0.2057401085676334,0.1602770309900396,0.2351360658069808,5.072430450678479,5.748490434520715,4.116118979464448
sub-11235,5,theta,11.3,m,ASD,64,62.998046875,0.3040836485320043,0.2867971630866528,19.15726985751627,0.1945048486964261,0.2644541622754259,0.3515060077311835,3.2519619951879486,11.531517063912096,4.12106745489638
sub-11235,5,alpha,11.3,m,ASD,64,62.998046875,0.2722955539754892,0.258047212985126,17.15461990045582,0.140185660768504,0.2377136300814996,0.3152218543927904,3.609158896880615,11.10574949020921,4.13014343925424
sub-11235,5,beta,11.3,m,ASD,64,62.998046875,0.2286662177937935,0.2038557168938866,14.405971721008992,0.1862277665126235,0.1935478504500281,0.2740270836613088,4.260220056341415,7.060037487516336,4.121111005637728
sub-11235,5,gamma,11.3,m,ASD,64,62.998046875,0.1993992808533676,0.1613079251711723,12.562154693762164,0.2138874688588789,0.1669379862799756,0.2443044831771822,4.872828873742478,6.19536146300995,4.114824529028176
sub-11235,6,theta,11.3,m,ASD,64,62.998046875,0.305710805341634,0.2892337302825097,19.25978073652295,0.1656157226227055,0.2678951589754789,0.3502297274160454,3.249664315184741,12.322404508165947,4.126490192779895
sub-11235,6,alpha,11.3,m,ASD,64,62.998046875,0.2808278005336567,0.2668635957138477,17.692151433620374,0.1185813163437845,0.2450682777785661,0.3237747864074647,3.500371852130356,12.214487462145753,4.133077120757669
sub-11235,6,beta,11.3,m,ASD,64,62.998046875,0.2369896978768608,0.210859452475068,14.930350966242232,0.1680977674161,0.2022275190055171,0.2807578906734674,4.133847722446553,7.677319134544215,4.124747386455546
sub-11235,6,gamma,11.3,m,ASD,64,62.998046875,0.2107990314034115,0.181299724167879,13.280338978414925,0.1920014655335035,0.1784976914154277,0.2536081559047052,4.657763092772461,4.956767292243279,4.11917084640306
sub-11242,1,theta,12.7,m,ASD,64,62.998046875,0.3232720963229918,0.2990962079427307,20.366142068348488,0.1684601746270114,0.284091730678196,0.3706907697123205,3.069683277500656,12.60126011854078,4.125919230892957
sub-11242,1,alpha,12.7,m,ASD,64,62.998046875,0.3809575067380873,0.3772150040210118,24.000322924499496,0.2108994478836953,0.346125197470525,0.4185893333566045,2.734570427537954,12.938216372229451,4.117639626869326
sub-11242,1,beta,12.7,m,ASD,64,62.998046875,0.2737077854883556,0.2574600913040458,17.24359048576641,0.1040649650726615,0.2346995989557511,0.3222679302444576,3.526889159025011,11.543346287457114,4.134270569941878
sub-11242,1,gamma,12.7,m,ASD,64,62.998046875,0.2548673506034599,0.2316707847458428,16.056643088017978,0.1808945606103206,0.2245669137380893,0.2912360561109257,3.981930644389337,9.531316074027172,4.123266961688419
sub-11242,2,theta,12.7,m,ASD,64,62.998046875,0.3207068479004736,0.2999855230618095,20.20453141772984,0.1820805743615866,0.2790224449807177,0.3705954507958497,3.080352144134,11.249654119163942,4.123149184952441
sub-11242,2,alpha,12.7,m,ASD,64,62.998046875,0.3439381485513066,0.3334070260664616,21.66810335873232,0.1664735378403476,0.3112579972354988,0.3828241225573886,2.95256871755986,13.673344008290568,4.126669800469868
sub-11242,2,beta,12.7,m,ASD,64,62.998046875,0.2713697518104117,0.2552999968316478,17.09629436405594,0.0890089694330834,0.2303802658859048,0.3211935076597171,3.532677216705677,11.797321087212357,4.13566304665155
sub-11242,2,gamma,12.7,m,ASD,64,62.998046875,0.2940698601648794,0.277100426704766,18.526401190387404,0.1809042464750896,0.2651686735108881,0.3257395484087424,3.5082253988308367,10.224283104681726,4.124118887061742
sub-11242,3,theta,12.7,m,ASD,64,62.998046875,0.3130931675685212,0.2920101207501311,19.724869556816834,0.1540368337484963,0.2726519808239834,0.3631677640959896,3.129178187883394,12.444410219375138,4.128125465897731
sub-11242,3,alpha,12.7,m,ASD,64,62.998046875,0.3574858878521379,0.342439576981401,22.521610934684688,0.1923436681163995,0.3243365538985133,0.39525601287671,2.87992618277856,12.849244972281577,4.121740059703903
sub-11242,3,beta,12.7,m,ASD,64,62.998046875,0.2629811076597,0.2445337430970033,16.5678097825611,0.1019057243652536,0.2247992755079573,0.3108098158496341,3.672489904722605,10.411138724859416,4.134188347296435
sub-11242,3,gamma,12.7,m,ASD,64,62.998046875,0.2401745909849261,0.2056457440694236,15.130999232050346,0.2038977900073765,0.2065845522060881,0.2818979410080128,4.241638773146408,6.390879505251456,4.1169193145121294
sub-11242,4,theta,12.7,m,ASD,64,62.998046875,0.3254407169013637,0.3051385427783551,20.50276516478592,0.1569169641815138,0.2870518546508586,0.3714497463270563,3.059196878105694,13.091553440249154,4.127949225300781
sub-11242,4,alpha,12.7,m,ASD,64,62.998046875,0.3619064565741531,0.3513947833864295,22.800106764171645,0.1632269067821109,0.3296742405816925,0.3966109373165614,2.8507203194070545,14.196315791035996,4.127369305376697
sub-11242,4,beta,12.7,m,ASD,64,62.998046875,0.2514570075609442,0.2254628781168232,15.841791476339488,0.149795020789433,0.2136898060606571,0.2991121985836605,3.881553694704304,8.920091976045866,4.12762452118012
sub-11242,4,gamma,12.7,m,ASD,64,62.998046875,0.2087725785403783,0.1741536721213195,13.152672448043838,0.2243901295935916,0.176691469620864,0.2515279511521356,4.830646129095899,5.399371175941431,4.111678208133219
sub-11242,5,theta,12.7,m,ASD,64,62.998046875,0.314491712245759,0.2892925158299192,19.81297787148282,0.1435306833245535,0.2739538781528424,0.3643229141564522,3.119686651276809,12.382786872013158,4.129700713714992
sub-11242,5,alpha,12.7,m,ASD,64,62.998046875,0.3749831420230113,0.3661309667876365,23.62393794744972,0.1833387334419319,0.3412518781671418,0.4116088394674497,2.760402488069908,13.742601554376224,4.123595582326198
sub-11242,5,beta,12.7,m,ASD,64,62.998046875,0.2468411638927329,0.2228844554302649,15.550993325242176,0.1481016705535421,0.2086431928598953,0.2953395835728437,3.9382240563755695,8.474739752422051,4.127572187670952
sub-11242,5,gamma,12.7,m,ASD,64,62.998046875,0.2056545374279968,0.1644591586671551,12.956235857963804,0.2444036830016024,0.1757214318681717,0.2470666689517929,4.945620950743054,6.613894768761377,4.106973783787944
sub-11242,6,theta,12.7,m,ASD,64,62.998046875,0.3215566906415937,0.2976195403978282,20.258071510420407,0.1698802883333857,0.2786287631080858,0.3721393381245252,3.0647775076674426,12.859885939032534,4.125501077545923
sub-11242,6,alpha,12.7,m,ASD,64,62.998046875,0.3753810698051265,0.363579255433648,23.64900739772297,0.2094866392108319,0.3383572518322786,0.4160418201553248,2.7541434932973456,13.491089871798836,4.117904229639554
sub-11242,6,beta,12.7,m,ASD,64,62.998046875,0.2725282443567829,0.25434623883052,17.169279394477325,0.1048548748296461,0.231245693725116,0.3228832067334255,3.534065267787464,11.193272784853312,4.133941928349552
sub-11242,6,gamma,12.7,m,ASD,64,62.998046875,0.2542636625651072,0.2240364561986673,16.01861074160175,0.1917537740186764,0.2223503021036844,0.2927175715450766,4.002454581661356,8.018799144632059,4.120293001822118
sub-11243,1,theta,8.6,f,ASD,64,62.998046875,0.3180560057360079,0.2916383532309048,20.03752836136849,0.1649794067672531,0.2759013571721209,0.3670765790953811,3.1279695045775906,12.038899218035745,4.126174920217355
sub-11243,1,alpha,8.6,f,ASD,64,62.998046875,0.3139593871756884,0.2900589998558719,19.779441392068367,0.1590930357845655,0.2706672543769993,0.3641287791075576,3.1455727589153373,11.26818097721014,4.126775453151173
sub-11243,1,beta,8.6,f,ASD,64,62.998046875,0.2563730860357957,0.2247907592510625,16.15150442025513,0.1909855351869471,0.2159357830647956,0.3038014825079652,3.9087486227849415,7.356396483725121,4.119395052142676
sub-11243,1,gamma,8.6,f,ASD,64,62.998046875,0.2179684133867322,0.1793757541391516,13.732010043364127,0.2061563528574233,0.1822240297542718,0.2620646391344944,4.641504534351033,5.287816075496474,4.115577740493629
sub-11243,2,theta,8.6,f,ASD,64,62.998046875,0.3218341735962737,0.3018220041739178,20.275552936565244,0.1410528622928061,0.282704773786456,0.366752751906866,3.099938251052304,13.020787902372946,4.130201638455139
sub-11243,2,alpha,8.6,f,ASD,64,62.998046875,0.3302758425524339,0.3119045844508809,20.807378080803336,0.1477958718542598,0.2896759256269465,0.3762229294138717,3.030191989606976,12.691945508612866,4.128935679197295
sub-11243,2,beta,8.6,f,ASD,64,62.998046875,0.2478280547315712,0.2139653403246791,15.613167448088983,0.180473594499979,0.2091149882397891,0.295244340787969,4.026536118478186,7.448398476371725,4.121473428861434
sub-11243,2,gamma,8.6,f,ASD,64,62.998046875,0.2209776238613452,0.1790814229647763,13.921590303264749,0.1846799792546696,0.1826867295811027,0.2665231799869206,4.591808580557365,5.217142200097334,4.119401197428953
sub-11243,3,theta,8.6,f,ASD,64,62.998046875,0.3214937934264292,0.3031335741721629,20.254108985865045,0.1427656148173439,0.2789575662145258,0.3694949588435513,3.081682459464405,13.102994930402266,4.129762624896214
sub-11243,3,alpha,8.6,f,ASD,64,62.998046875,0.3235987224136339,0.304595792807213,20.38671951205894,0.16843048751143,0.2850395397640878,0.3684888483036667,3.1037066941273364,11.596304841261931,4.1256064274026825
sub-11243,3,beta,8.6,f,ASD,64,62.998046875,0.2462235027361927,0.2038076552493329,15.512080672380144,0.152606935950301,0.2058103863038868,0.2937908756248002,4.060378635488284,8.728861157026982,4.126541060720311
sub-11243,3,gamma,8.6,f,ASD,64,62.998046875,0.2359409743987427,0.16359658525738,14.864281387120794,0.1857637698445727,0.1921984199394862,0.286013253445186,4.43402442397107,6.327776287880942,4.118553645652852
sub-11243,4,theta,8.6,f,ASD,64,62.998046875,0.3053137928974108,0.2852441782599471,19.234768952536875,0.1616481568692732,0.2640918246300839,0.3508355403162235,3.343261811443615,8.407160615847626,4.125923021139089
sub-11243,4,alpha,8.6,f,ASD,64,62.998046875,0.3193375123777928,0.3045615566667702,20.11826327980095,0.1598579229598769,0.2792790494932358,0.3635244167012195,3.205092087759412,6.820166019816647,4.125688018750152
sub-11243,4,beta,8.6,f,ASD,64,62.998046875,0.2441426853802235,0.2026249814450041,15.38098917895408,0.1730159551529099,0.2052940235691354,0.2885974959543346,4.206776182657551,5.4818762820410285,4.121969976267355
sub-11243,4,gamma,8.6,f,ASD,64,62.998046875,0.2351767510851388,0.1624230035914879,14.81613531836375,0.1948591932373123,0.1890150196249318,0.2845209998763343,4.525117102021458,5.822055483787569,4.116116995118031
sub-11243,5,theta,8.6,f,ASD,64,62.998046875,0.4151305622045479,0.3816668834143655,26.15322541888652,0.0987853376252046,0.376318543988033,0.4483676567952631,2.583492078655828,14.418276671880788,4.135749118222941
sub-11243,5,alpha,8.6,f,ASD,64,62.998046875,0.2933214494256783,0.2180965025590771,18.47925131381773,0.1531975899080634,0.2413701168674065,0.3497348435586854,3.5221471012878016,9.482511354502767,4.1261965228445865
sub-11243,5,beta,8.6,f,ASD,64,62.998046875,0.2356187067521093,0.1508661419109497,14.843978525382887,0.1771657106132482,0.1798256582188027,0.2981789548701476,4.311917201723236,4.874820944854056,4.117784285303976
sub-11243,5,gamma,8.6,f,ASD,64,62.998046875,0.2374234383520056,0.1527212457510656,14.957676616176354,0.2256018131699385,0.1844426295320312,0.293499183671022,4.47586093271643,5.907364145264521,4.108298750382057
sub-11243,6,theta,8.6,f,ASD,64,62.998046875,0.3239377149277038,0.3056588347456119,20.408076040445337,0.1457540025674355,0.2870329273931484,0.3660292837044215,3.1212638029709,13.154980967544988,4.129594083513243
sub-11243,6,alpha,8.6,f,ASD,64,62.998046875,0.3069217101327227,0.2882650681922681,19.33606773836153,0.1516668174270257,0.2653180030623884,0.3537073396505877,3.246745429257285,11.758973663514398,4.128049658990912
sub-11243,6,beta,8.6,f,ASD,64,62.998046875,0.2463595913060053,0.2029573766440264,15.520654252278336,0.1345570511631673,0.205802708215512,0.2936672180809239,4.075680539684198,7.70525248918322,4.128757842746265
sub-11243,6,gamma,8.6,f,ASD,64,62.998046875,0.2478118466465841,0.177255721354508,15.6121463387348,0.2010230614179289,0.2002201075410099,0.2983859664340166,4.280417146207187,4.887401918555508,4.114808156709777
sub-11244,1,theta,12.0,f,ASD,64,152.998046875,0.2630629029345286,0.1945250789839952,16.572962884875302,0.1281314404523738,0.2091543033851778,0.320750650026331,3.8413283694867912,8.868857582223152,4.129289449324453
sub-11244,1,alpha,12.0,f,ASD,64,152.998046875,0.2594742834249076,0.1950723727648509,16.34687985576918,0.1872905149315478,0.2110166721353808,0.3141897555335498,3.8914625417556015,8.479528600888809,4.120713842987686
sub-11244,1,beta,12.0,f,ASD,64,152.998046875,0.1681617899780692,0.1095029903425298,10.594192768618363,0.2815211910672397,0.1272392052090684,0.228475352306726,5.446754945569006,4.4954592987350575,4.094487379230396
sub-11244,1,gamma,12.0,f,ASD,64,152.998046875,0.1352819157443563,0.0731210954823786,8.522760691894447,0.3705665871851401,0.1009185316517056,0.1899486896808166,6.783232865485751,3.1110509864214446,4.062955440126143
sub-11244,2,theta,12.0,f,ASD,64,152.998046875,0.3049968339423121,0.2902525427475952,19.214800538365665,0.1199259387280241,0.2606799350110259,0.3563393444877594,3.1853920563620486,12.42584965650482,4.132680140935419
sub-11244,2,alpha,12.0,f,ASD,64,152.998046875,0.3102918306396688,0.2958258979248572,19.548385330299133,0.1481578585032312,0.2685514752067365,0.3578120184148582,3.1832393607786256,12.509871055815278,4.129088453646229
sub-11244,2,beta,12.0,f,ASD,64,152.998046875,0.2240289876969151,0.2008746961139481,14.113826224905653,0.1926164242631638,0.1898775649358509,0.2673176929234065,4.348160844577636,7.142938765382583,4.120225425285521
sub-11244,2,gamma,12.0,f,ASD,64,152.998046875,0.1859969660699086,0.1537752234010337,11.717808862404247,0.2506176948396672,0.156882273974827,0.2253941005572768,5.290408197223583,5.406661580772336,4.106590361913828
sub-11256,1,theta,12.4,m,ASD,64,61.998046875,0.2893462759707891,0.2708206150180973,18.22881538615972,0.1258841491362782,0.2509830436262829,0.3364094753876512,3.365558724247647,12.489660881184182,4.132235412046261
sub-11256,1,alpha,12.4,m,ASD,64,61.998046875,0.3063331460148928,0.2898517891927992,19.298988198938247,0.1480161996123153,0.2646031666153779,0.3534992750896308,3.2237012682325763,12.371892642871666,4.128973482422767
sub-11256,1,beta,12.4,m,ASD,64,61.998046875,0.2306882851338997,0.2110790987306217,14.533361963435684,0.1559504976876151,0.1960687332520045,0.2758952741226028,4.156968298983741,7.493910966314793,4.12697819260541
sub-11256,1,gamma,12.4,m,ASD,64,61.998046875,0.1986071060394892,0.1685397451359545,12.51224768048782,0.2284104254161537,0.1728431487606637,0.2343708506202455,5.017419124234233,5.829160922791396,4.111499093946994
sub-11256,2,theta,12.4,m,ASD,64,62.998046875,0.2858286455891152,0.2661141439908369,18.00720467211426,0.1182069842745996,0.2501493836113403,0.3304326473194358,3.418281793337224,12.589624221518312,4.133275849942228
sub-11256,2,alpha,12.4,m,ASD,64,62.998046875,0.2950654357682248,0.2745425223438242,18.58912245339816,0.1263214902152212,0.2575207546302926,0.3406472427732511,3.3290836877505563,12.435609268883308,4.132135395144827
sub-11256,2,beta,12.4,m,ASD,64,62.998046875,0.2426598135574937,0.2277340920507871,15.287568254122103,0.1098376728149077,0.2086225093711795,0.2858328248705887,3.964499401528351,10.583505457566751,4.133748869043451
sub-11256,2,gamma,12.4,m,ASD,64,62.998046875,0.2094792978285933,0.1988831494906802,13.19719576320138,0.1374629918332437,0.1812809599416293,0.2446948178395293,4.631398536743498,8.422429398538904,4.130332233139741
sub-11256,3,theta,12.4,m,ASD,64,62.998046875,0.2801525384547247,0.2623170466783467,17.649609922647663,0.1042073539036924,0.2468860900040682,0.3213375473598733,3.5082157426205565,12.374877791212826,4.134923153001187
sub-11256,3,alpha,12.4,m,ASD,64,62.998046875,0.3021385327335698,0.2814227665801918,19.034727562214897,0.1415299598515937,0.2636252262941171,0.3468338903913599,3.279509922776135,12.47951200450164,4.130034099492948
sub-11256,3,beta,12.4,m,ASD,64,62.998046875,0.2276316164736792,0.2106797247114072,14.340791837841794,0.1523920830811977,0.1952966823772517,0.2704020434745279,4.220608571719281,7.49644582143862,4.1277992620808
sub-11256,3,gamma,12.4,m,ASD,64,62.998046875,0.1622899239467432,0.1378754611390388,10.224265208644823,0.2162515166597559,0.1388714164681253,0.1972505009666598,5.923647054691521,5.258184953029421,4.114473264336588
sub-11256,4,theta,12.4,m,ASD,64,62.998046875,0.2694932330752846,0.2495379524362228,16.97807368374293,0.1176266624026616,0.2352019545045556,0.3134055720054699,3.6072932952834806,11.688104871992705,4.133223472184076
sub-11256,4,alpha,12.4,m,ASD,64,62.998046875,0.3023522773962014,0.2831829929754837,19.048193475960687,0.1622959351661185,0.2656309293999994,0.3445331264292442,3.3145597196400534,12.160161747450417,4.126967232931961
sub-11256,4,beta,12.4,m,ASD,64,62.998046875,0.2193777225885311,0.1997189620634455,13.82079652307746,0.1434876696138884,0.1880290322121342,0.2613802258274843,4.3650418143842185,8.519056337001222,4.129112592698023
sub-11256,4,gamma,12.4,m,ASD,64,62.998046875,0.1602763648312183,0.1375658631605724,10.09741098436676,0.2217668756276522,0.1374563974727627,0.1950626939473463,5.986161798127441,4.306506652519564,4.113397708317932
sub-11256,5,theta,12.4,m,ASD,64,62.998046875,0.2695065663597137,0.2515895284295921,16.97891368066196,0.1078655591816435,0.2333752478596455,0.3149374398232276,3.590980837365014,11.749234637306069,4.134232548636221
sub-11256,5,alpha,12.4,m,ASD,64,62.998046875,0.3227633571792189,0.3095963195722958,20.33409150229079,0.1856152070752312,0.2867955090305142,0.3642343673331882,3.128425070924091,11.323527393920786,4.122630633989249
sub-11256,5,beta,12.4,m,ASD,64,62.998046875,0.236549292635231,0.2223407993576532,14.902605436019552,0.1394170029711275,0.2043064211712469,0.2779413594555849,4.089559151140729,9.615416107405096,4.130064276907033
sub-11256,5,gamma,12.4,m,ASD,64,62.998046875,0.1894066759547669,0.1738199215663163,11.932620585150318,0.1566872898981537,0.1642061702642864,0.2227389879905138,5.121306432817449,7.075914770755021,4.127185114091022
sub-11256,6,theta,12.4,m,ASD,64,62.998046875,0.2779807686323027,0.2567422145020948,17.51278842383507,0.1320377609998788,0.2414022825982797,0.3232950613054888,3.515994561453613,11.829580233421336,4.131238698499146
sub-11256,6,alpha,12.4,m,ASD,64,62.998046875,0.3238520120346358,0.312968682576327,20.402676758182057,0.1721556293845527,0.284108498492382,0.3670962126704489,3.110718322170126,11.796560932980064,4.125071852780884
sub-11256,6,beta,12.4,m,ASD,64,62.998046875,0.227047311538278,0.2055296273724711,14.303980626911518,0.1563214279316623,0.1946242699488102,0.2691967325226461,4.268247960865214,7.680344063356467,4.126904147089408
sub-11256,6,gamma,12.4,m,ASD,64,62.998046875,0.1714876856151245,0.147588012955852,10.803724193752846,0.2237644755873303,0.1460082596134052,0.2064933423125985,5.706958746227126,5.219788405683256,4.113156943133479
sub-11265,1,theta,12.1,f,ASD,64,62.998046875,0.2730096463582885,0.2539997170487239,17.19960772057218,0.1831174392304345,0.2375233121608835,0.3166667728538769,3.623492120685064,9.66043753532464,4.12302234063224
sub-11265,1,alpha,12.1,f,ASD,64,62.998046875,0.296349179856588,0.2815578921690339,18.669998330965047,0.1433409665178623,0.2594868108935135,0.3382561381992149,3.3730248697454086,10.740062506477557,4.129420194945133
sub-11265,1,beta,12.1,f,ASD,64,62.998046875,0.1787213983434997,0.1412879277878292,11.259448095640485,0.259570185290337,0.1483658366377752,0.2231224509505633,5.512970514911196,5.116962381980997,4.102746431163782
sub-11265,1,gamma,12.1,f,ASD,64,62.998046875,0.1704766875707646,0.1202123371410952,10.74003131695817,0.2934925081607146,0.1410463623875861,0.2130731866495269,5.971203028743903,4.1095841011835805,4.092055567032006
sub-11265,2,theta,12.1,f,ASD,64,62.998046875,0.2690286685671201,0.2435291059672902,16.948806119728573,0.1823078200608735,0.2332272741911819,0.3138199902777917,3.672053126014452,8.54880296527831,4.122878705422972
sub-11265,2,alpha,12.1,f,ASD,64,62.998046875,0.289365269613678,0.2733932078065116,18.23001198566171,0.1664247075302217,0.2515640280831478,0.3324487098612325,3.485008489965729,6.58866664189684,4.124793916611164
sub-11265,2,beta,12.1,f,ASD,64,62.998046875,0.1826741560640322,0.1400746711526567,11.508471832034031,0.2381114034612472,0.1506806996547689,0.2285478188164657,5.3664859646312255,5.132699154914849,4.107901827930233
sub-11265,2,gamma,12.1,f,ASD,64,62.998046875,0.1687189725820675,0.1100665477839405,10.629295272670255,0.3171569783889637,0.1376263784851614,0.2120566563656025,6.118812792620411,4.276444443970696,4.083883094117489
sub-11274,1,theta,11.3,m,ASD,64,61.998046875,0.2853457386965509,0.2587547208037319,17.9767815378827,0.1324238596785691,0.2459042299428467,0.3338945792983856,3.429595440202118,8.490951130784573,4.130502859905774
sub-11274,1,alpha,11.3,m,ASD,64,61.998046875,0.3174601198398723,0.2970147434893061,19.99998754991196,0.1669180521881975,0.2778136612383828,0.3645866731526523,3.130269052022234,12.233207226004962,4.126038005299762
sub-11274,1,beta,11.3,m,ASD,64,61.998046875,0.243613264117502,0.2136634392560817,15.347635639402624,0.2008547903725327,0.2082580106771769,0.2892936630650021,4.07656374144052,5.409139351641528,4.116774378032004
sub-11274,1,gamma,11.3,m,ASD,64,61.998046875,0.2228255587640668,0.1899913395980556,14.038010202136212,0.2123423634162251,0.1892881047683309,0.2653079731033543,4.557679388059005,3.5471067678239585,4.113709351824328
sub-11274,2,theta,11.3,m,ASD,64,62.998046875,0.3011224213216257,0.2735200339980472,18.97071254326242,0.1132173731734076,0.2611125358090246,0.3497050137359788,3.259242116737036,12.912657571389053,4.133618504738663
sub-11274,2,alpha,11.3,m,ASD,64,62.998046875,0.3677207257718181,0.3514718879088999,23.166405723624543,0.1667400764894542,0.3376179680798171,0.3988509479540041,2.833368198109248,14.117731637147942,4.126974443951919
sub-11274,2,beta,11.3,m,ASD,64,62.998046875,0.2678197209646553,0.252422641561761,16.87264242077328,0.1401549916274386,0.2329456729247674,0.3102967401568953,3.6824878019518974,9.585280241452644,4.129781809280271
sub-11274,2,gamma,11.3,m,ASD,64,62.998046875,0.2163564452162738,0.1994056243031429,13.630456048625252,0.1832990645832742,0.1851031063722698,0.2553320623084132,4.525699254206834,5.797390815024549,4.121597084723641
sub-11274,3,theta,11.3,m,ASD,64,61.998046875,0.5183901191182422,0.4977066456166374,32.658577504449255,0.0776402245015946,0.4988654820343567,0.5229480145342933,2.133042561717253,22.7170051041905,4.139070977586723
sub-11274,3,alpha,11.3,m,ASD,64,61.998046875,0.3652782996880313,0.3497860677781991,23.01253288034597,0.1392330959803289,0.3109431064214686,0.4101407577679673,2.947336310559768,9.762185649047222,4.129218337752972
sub-11274,3,beta,11.3,m,ASD,64,61.998046875,0.2855615904162224,0.2314079995546045,17.990380196222013,0.0848676493746294,0.2298572359953183,0.3406952788512827,3.5949395635083485,7.977955242502549,4.13419587747468
sub-11274,3,gamma,11.3,m,ASD,64,61.998046875,0.3166237395888157,0.2744288421435434,19.947295594095383,0.0939822054579601,0.2789022721737382,0.3547679080494858,3.298848136089149,10.911413691699805,4.1355646006510725
sub-11274,4,theta,11.3,m,ASD,64,61.998046875,0.2899215643825103,0.2495799976588901,18.265058556098147,0.1639590421774698,0.2548262218550861,0.3328993301223424,3.5018999887984745,9.606710049820538,4.125909623555215
sub-11274,4,alpha,11.3,m,ASD,64,61.998046875,0.3088258571708015,0.2787784193158087,19.45602900176049,0.1890411386218857,0.2715753049311123,0.3524232172808532,3.296877041028764,9.494507887634786,4.121471716055248
sub-11274,4,beta,11.3,m,ASD,64,61.998046875,0.2502766552191773,0.2227697476068197,15.767429278808171,0.1486029170637696,0.2131676160794209,0.2977744914261669,3.879985339480228,8.08652408807567,4.127609569077823
sub-11274,4,gamma,11.3,m,ASD,64,61.998046875,0.2360227499157756,0.2115169254709446,14.869433244693864,0.207242784148202,0.2039348856654524,0.2756924273494741,4.23460929252162,6.856149375598038,4.117074970024487
sub-11274,5,theta,11.3,m,ASD,64,62.998046875,0.2964589833095215,0.2651718707543813,18.67691594849986,0.1577213330996893,0.2576808294995824,0.3438991019974776,3.3496342561580934,11.800156731043977,4.127297057088451
sub-11274,5,alpha,11.3,m,ASD,64,62.998046875,0.3016877400638149,0.2723881516373988,19.006327624020336,0.1471681778269789,0.2620816781120381,0.3502491982813816,3.276973696068197,11.786999022643238,4.128793392344687
sub-11274,5,beta,11.3,m,ASD,64,62.998046875,0.2550236792045667,0.2295595618216862,16.066491789887706,0.1542902254637029,0.218185271929825,0.3002606224754138,3.849301388707803,9.537479985593553,4.12725764517706
sub-11274,5,gamma,11.3,m,ASD,64,62.998046875,0.2294814904991232,0.2064465677258582,14.457333901444764,0.1799879857686642,0.1971491213681836,0.2694540040571879,4.306571361556737,7.100140019966036,4.122756553558991
sub-11274,6,theta,11.3,m,ASD,64,62.998046875,0.2947816278462691,0.2665642007500288,18.57124255431496,0.1536527249583119,0.2553114366320417,0.3426325353848302,3.353209309267789,12.110203832263194,4.127934173534892
sub-11274,6,alpha,11.3,m,ASD,64,62.998046875,0.3748736645417859,0.3640278237915082,23.61704086613252,0.1945820847276037,0.3434390161138047,0.4083843020059918,2.7924527029041983,13.64820517379872,4.121393666564454
sub-11274,6,beta,11.3,m,ASD,64,62.998046875,0.2696549035256339,0.2501007447423055,16.988258922114937,0.1595222259410225,0.2330450382568503,0.3139765872312949,3.6621332072417903,10.065598152665869,4.126891922656277
sub-11274,6,gamma,11.3,m,ASD,64,62.998046875,0.2297661901522927,0.2055091217702827,14.47526997959444,0.1908068070873304,0.1978975462807588,0.2682951152065492,4.339169178195395,6.839208621580871,4.120750662582589
sub-11321,2,theta,10.4,m,ASD,64,62.998046875,0.3042105691278969,0.281666120634136,19.165265855057505,0.1440223800989199,0.2630443420119857,0.3541610161202509,3.200300112750232,12.63823574162195,4.129696448429558
sub-11321,2,alpha,10.4,m,ASD,64,62.998046875,0.3311493543077712,0.3109489821840979,20.862409321389585,0.1322286047580394,0.2916980032179768,0.3772463660594337,3.0089524492609083,13.19909118621968,4.131377471339811
sub-11321,2,beta,10.4,m,ASD,64,62.998046875,0.2563451537598911,0.2369057229111605,16.14974468687314,0.1470311611418996,0.222668092142317,0.2992291507928176,3.816196627805143,9.567785810721928,4.12886051293825
sub-11321,2,gamma,10.4,m,ASD,64,62.998046875,0.1812407615601562,0.1572286861296566,11.418167978289846,0.2161783007007525,0.1532748971491174,0.2245171740156983,5.182503794970696,4.567790463584296,4.114385553293598
sub-11321,3,theta,10.4,m,ASD,64,62.998046875,0.3020429997309314,0.2793420702337137,19.02870898304868,0.1387747751917164,0.2612039443078563,0.3512448197679492,3.2393374908428028,11.464724927650169,4.130192765354821
sub-11321,3,alpha,10.4,m,ASD,64,62.998046875,0.3254029197143311,0.3054379257137144,20.50038394200286,0.147486436517214,0.285688722723538,0.371591365787103,3.065985928184958,11.91098207672492,4.129136007013825
sub-11321,3,beta,10.4,m,ASD,64,62.998046875,0.2577680523509736,0.2398256011746283,16.23938729811134,0.1260093236374918,0.2218975124556667,0.3020926558362841,3.7608484833771945,10.795376072216866,4.131902087308681
sub-11321,3,gamma,10.4,m,ASD,64,62.998046875,0.2027423734443354,0.1808585554539724,12.77276952699313,0.1859141881221849,0.1738605055098398,0.2415651490028984,4.7632141780289485,6.789394561016572,4.12214473243726
sub-11321,4,theta,10.4,m,ASD,64,62.998046875,0.3100128973544623,0.2926454459887908,19.53081253333113,0.1241509745782412,0.2713936024164976,0.3571065782313324,3.1669845496051616,13.026723291609857,4.13253397834143
sub-11321,4,alpha,10.4,m,ASD,64,62.998046875,0.3489101651074039,0.3290368837165783,21.98134040176644,0.1437020221940171,0.3112076580667122,0.3920126952097996,2.899794590025957,11.949260666145104,4.129803396272129
sub-11321,4,beta,10.4,m,ASD,64,62.998046875,0.261565641235559,0.2470039417103229,16.47863539784021,0.1152099433781268,0.2231798521504709,0.3078006294901515,3.694386994900052,10.95238313949679,4.133087690918408
sub-11321,4,gamma,10.4,m,ASD,64,62.998046875,0.2218253204445893,0.2053910887115187,13.974995188009128,0.1742348719663318,0.1912089047711421,0.2606012581385939,4.380875224016965,8.317230833298677,4.1246126514449735
sub-11321,5,theta,10.4,m,ASD,64,62.998046875,0.3113064956885064,0.2930775595990228,19.61230922837591,0.1557717113000232,0.2698482256774596,0.3604739652789515,3.1530882753923914,12.243644032579732,4.127851663669167
sub-11321,5,alpha,10.4,m,ASD,64,62.998046875,0.3514272465142374,0.3348909347743979,22.13991653039696,0.1561161836588837,0.3090576765169074,0.3976479995052674,2.873193054303969,11.308564623101969,4.127737638963815
sub-11321,5,beta,10.4,m,ASD,64,62.998046875,0.2681164690652061,0.2534715205083442,16.891337551107988,0.1177207724640848,0.2294848710992966,0.3139891335892192,3.618367153251665,11.145932562298327,4.132834357555073
sub-11321,5,gamma,10.4,m,ASD,64,62.998046875,0.2243098463511224,0.2120455274082568,14.131520320120714,0.1306061344726279,0.1950099683041157,0.2608721207436185,4.350009881001784,9.079807070719522,4.131457484117629
sub-11323,1,theta,10.0,m,ASD,64,62.998046875,0.2794250266551878,0.2573604538335188,17.603776679276834,0.1065759039970541,0.2403215974713019,0.3289199660997646,3.4474979064788074,11.896927071584573,4.134121567167399
sub-11323,1,alpha,10.0,m,ASD,64,62.998046875,0.2921440395977705,0.2735131618857421,18.405074494659544,0.1399828744150825,0.2519384700693661,0.3395144656976119,3.3478871956590286,10.702284700421384,4.129836319975239
sub-11323,1,beta,10.0,m,ASD,64,62.998046875,0.2654275071416675,0.2427966229567469,16.721932949925055,0.1585215837049907,0.2304615384754663,0.3071385453266478,3.7554430699086505,10.229073310261382,4.127201554795072
sub-11323,1,gamma,10.0,m,ASD,64,62.998046875,0.161753701463566,0.1266489354949302,10.19048319220466,0.2455624599577464,0.1357811724109008,0.2011971086101644,6.056281444804542,5.434984020744159,4.107154351574421
sub-11323,2,theta,10.0,m,ASD,64,62.998046875,0.2725390032419935,0.2517851426144362,17.169957204245588,0.1035605013062303,0.2339834402069882,0.3201513291189951,3.541786761380136,11.759200257383716,4.134437160822973
sub-11323,2,alpha,10.0,m,ASD,64,62.998046875,0.308669010328771,0.2924922749719827,19.44614765071257,0.1593890809538574,0.2716522319040751,0.3514035570901218,3.2438653816895227,12.221569515687854,4.127346795782601
sub-11323,2,beta,10.0,m,ASD,64,62.998046875,0.2489874457145064,0.2232467646903448,15.686209080013905,0.1356605900304779,0.2149338100053738,0.2903848672912107,3.986616264507386,10.087514968974208,4.130259707684616
sub-11323,2,gamma,10.0,m,ASD,64,62.998046875,0.1614090066224667,0.1232285888656049,10.168767417215404,0.2084651261109459,0.1331200604898329,0.2036377264825275,5.975490581420339,5.520505144732719,4.115027552454483
sub-11323,3,theta,10.0,m,ASD,64,62.998046875,0.2594753923338488,0.2355255380456572,16.346949717032476,0.1319255246104886,0.2244286801150254,0.3050221643840369,3.7294684265558407,10.689716715102,4.131026903091096
sub-11323,3,alpha,10.0,m,ASD,64,62.998046875,0.2571787388236043,0.2334297511196791,16.202260545887075,0.1322246414795459,0.2237779102139367,0.300061345593381,3.796256150907443,10.128206071357582,4.130886800374882
sub-11323,3,beta,10.0,m,ASD,64,62.998046875,0.2373304477754211,0.2110570954386119,14.951818209851533,0.148214891502359,0.2034489903381782,0.2805019941778045,4.122525884728993,9.090429249093376,4.128197812074071
sub-11323,3,gamma,10.0,m,ASD,64,62.998046875,0.1824857641321522,0.1485936411772991,11.496603140325591,0.1655318761369221,0.1526956753916929,0.2255859724036548,5.236071430557286,6.135765718940101,4.124078644093072
sub-11323,4,theta,10.0,m,ASD,64,62.998046875,0.2573829010223292,0.2295711146891952,16.215122764406743,0.1405498437192175,0.2233949161436667,0.3013823394678499,3.78928280864988,10.891196799683057,4.129810629439157
sub-11323,4,alpha,10.0,m,ASD,64,62.998046875,0.2669049161003088,0.2470672358911035,16.81500971431946,0.1648339191919184,0.2321732422296473,0.3105380215506858,3.673609960850341,9.627514402395752,4.125967899000784
sub-11323,4,beta,10.0,m,ASD,64,62.998046875,0.2554256554158384,0.2332509668480283,16.091816291197816,0.1319436887832016,0.2217498414727382,0.2961146115805458,3.871423220347772,10.821068697420484,4.131124924775442
sub-11323,4,gamma,10.0,m,ASD,64,62.998046875,0.1659077101873549,0.1360261207198398,10.452185741803362,0.18899522927076,0.1401581565801382,0.2034858878705735,5.810973468361538,6.052337349492185,4.120413454336242
sub-11323,5,theta,10.0,m,ASD,64,61.998046875,0.2648936692062446,0.2409155626900322,16.68830115999341,0.1267028793645171,0.2292079201600517,0.31033514281498,3.661571385730959,10.860879366183072,4.131819358051155
sub-11323,5,alpha,10.0,m,ASD,64,61.998046875,0.3086592037174884,0.2968529774348833,19.44552983420177,0.1697498866841077,0.2733220541267258,0.3484814921830342,3.264249375385858,11.397267787119752,4.125435044017474
sub-11323,5,beta,10.0,m,ASD,64,61.998046875,0.2586058784729538,0.2394675947101978,16.292170343796094,0.1344450273034653,0.2234260461989793,0.3014075604816811,3.7902926552244462,10.86009071631054,4.130677685754631
sub-11323,5,gamma,10.0,m,ASD,64,61.998046875,0.1695040148080976,0.1477081548686522,10.678752932910154,0.212184664500542,0.1441594136982201,0.2058166137824435,5.70900963243655,6.10467283870587,4.115920015200673
sub-11323,6,theta,10.0,m,ASD,64,62.998046875,0.2606716755294969,0.235013027180691,16.422315558358306,0.1159681660610654,0.2240177837023157,0.3077249891807458,3.7246227737886506,9.135188562421806,4.132662224266055
sub-11323,6,alpha,10.0,m,ASD,64,62.998046875,0.2537385637754462,0.2335398071296269,15.985529517853111,0.1188003559261496,0.2190937560644151,0.29862421891608,3.8221753605123054,9.177308036051956,4.13235229612816
sub-11323,6,beta,10.0,m,ASD,64,62.998046875,0.2496656169956723,0.2245428659407797,15.72893387072736,0.15949733854734,0.2158756664145575,0.2908980019929494,3.978609567124217,9.93415284741214,4.126890724603325
sub-11323,6,gamma,10.0,m,ASD,64,62.998046875,0.1566901346789776,0.124468470382594,9.871478484775588,0.2002253172054925,0.1311382070511109,0.1958673134312032,6.158325647107128,5.460546339404151,4.116760711401247
sub-11325,1,theta,14.5,f,ASD,64,62.998046875,0.2622673173722482,0.2407432567460263,16.522840994451634,0.1697431069971577,0.2270931038229921,0.3057422915142174,3.745275627368611,9.744206907573602,4.125361211878583
sub-11325,1,alpha,14.5,f,ASD,64,62.998046875,0.2399869517975892,0.2214650549473123,15.119177963248124,0.1348735950986089,0.2065477235995671,0.2821954251484243,4.0304862736352165,9.19255028943365,4.130588831210519
sub-11325,1,beta,14.5,f,ASD,64,62.998046875,0.2182956010345844,0.1963524109122026,13.752622865178822,0.1729883170195049,0.1866183163515373,0.2594830462634324,4.4242654896140685,6.975109445913233,4.124253319799832
sub-11325,1,gamma,14.5,f,ASD,64,62.998046875,0.1883057295867584,0.166600221058398,11.863260963965782,0.2129996556215363,0.1603766939019025,0.2263115237691649,5.117954316411108,5.77385336765132,4.116190798336874
sub-11325,2,theta,14.5,f,ASD,64,61.998046875,0.2743009680730531,0.258429240365135,17.28096098860234,0.1192791930585687,0.2398886733855325,0.3162511007854465,3.5849938139980857,10.659703539537244,4.1329439881577805
sub-11325,2,alpha,14.5,f,ASD,64,61.998046875,0.2564198342190708,0.2412003781265352,16.15444955580146,0.102765226742313,0.2216859969536886,0.299404197790637,3.7785036577758233,10.8350675070812,4.134678260802796
sub-11325,2,beta,14.5,f,ASD,64,61.998046875,0.2134964570815402,0.1926493305821905,13.450276796137036,0.1736552749887445,0.1816725640195665,0.2567310908341437,4.482951978068888,7.118853576097099,4.123888808098114
sub-11325,2,gamma,14.5,f,ASD,64,61.998046875,0.1887017855056244,0.1617130696461969,11.88821248685434,0.236787831776065,0.1583244587608889,0.2319990049968062,5.077306109987093,5.115452862016124,4.110466289241678
sub-11325,3,theta,14.5,f,ASD,64,125.998046875,0.282836447149581,0.2699710745711684,17.818696170423607,0.1043546929398627,0.2421947807291447,0.3299849207150411,3.424093921537139,12.10896443316529,4.134562264110443
sub-11325,3,alpha,14.5,f,ASD,64,125.998046875,0.265723703013505,0.2539610286734953,16.740593289850814,0.1000990511126123,0.2287050899812073,0.3091543838238993,3.65647204103424,11.184810554875837,4.134913982599588
sub-11325,3,beta,14.5,f,ASD,64,125.998046875,0.2471540654579466,0.2373912505107683,15.570706123850636,0.1105664325484451,0.2118335190927118,0.2891560374118351,3.9097055973974673,10.495364036319229,4.133867236752198
sub-11325,3,gamma,14.5,f,ASD,64,125.998046875,0.2121462112428606,0.1926802921138579,13.36521130830022,0.1801306989433884,0.1820006658623255,0.2497559085034512,4.581882426914876,8.025258180733339,4.123596150068411
sub-11325,4,theta,14.5,f,ASD,64,62.998046875,0.2870850950764521,0.2730981485638687,18.086360989816484,0.1173760386589624,0.2492073745505519,0.3321269269501812,3.4001601674939645,12.18311014469014,4.133244323400648
sub-11325,4,alpha,14.5,f,ASD,64,62.998046875,0.268265854613532,0.2537821864233787,16.90074884065252,0.1015633873788222,0.2318926199201112,0.3120730579237704,3.622010314557659,11.620471235223336,4.134907301534333
sub-11325,4,beta,14.5,f,ASD,64,62.998046875,0.2444808304020576,0.2276222501248794,15.402292315329632,0.1415738483252159,0.2088235881400958,0.2884884278488712,3.945690583354922,8.727120329131028,4.129509195042033
sub-11325,4,gamma,14.5,f,ASD,64,62.998046875,0.2024253900595443,0.1753417800928232,12.752799573751297,0.2117851273284101,0.1716017869057309,0.243303823065162,4.810812901720855,5.584941030325399,4.115539615424954
sub-11325,5,theta,14.5,f,ASD,64,61.998046875,0.3015261091950169,0.28665138564676,18.996144879286067,0.104553468473116,0.2658982743122844,0.3438852131822761,3.2814271029476463,13.25736736663792,4.135004077202929
sub-11325,5,alpha,14.5,f,ASD,64,61.998046875,0.2729824202291595,0.260507202892669,17.197892474437047,0.1005668716437549,0.2380543928143183,0.3154495761020955,3.575614360165384,11.726357180880225,4.135125826180966
sub-11325,5,beta,14.5,f,ASD,64,61.998046875,0.2525579992726747,0.2407014662009097,15.911153954178504,0.104144885032941,0.2191028845044185,0.2931602318888668,3.84790412517434,10.653573363114928,4.134664462996033
sub-11325,5,gamma,14.5,f,ASD,64,61.998046875,0.2182890630370615,0.2062354056992784,13.752210971334884,0.1600803322225675,0.1876694025598606,0.254372989618622,4.500560807416991,5.888076677587563,4.126633489460192
sub-11325,6,theta,14.5,f,ASD,64,62.998046875,0.2705634346735486,0.2563263651690636,17.045496384433562,0.1650615383379416,0.2346204371943469,0.3141396615756281,3.629466848862122,11.042620871646308,4.126388943329394
sub-11325,6,alpha,14.5,f,ASD,64,62.998046875,0.2701873422813692,0.2571778063977935,17.02180256372627,0.1293940925453297,0.2325986664897692,0.3152770406250818,3.588296312098181,11.5448914490328,4.131707075636971
sub-11325,6,beta,14.5,f,ASD,64,62.998046875,0.2288486200777797,0.2107180076002487,14.417463064900126,0.172139381324414,0.1953298453725888,0.2716061436609531,4.233463029684351,8.286654576731713,4.124570942146291
sub-11325,6,gamma,14.5,f,ASD,64,62.998046875,0.1996824844943757,0.1702618160093996,12.57999652314567,0.248930718805945,0.1690160219813659,0.240396261941541,4.950890340729532,5.474976653547387,4.1068759702774384
sub-11335,1,theta,10.7,m,ASD,64,61.998046875,0.2575623720626485,0.2383747698925802,16.226429439946855,0.1438861978023045,0.2235771673309519,0.3012824344720984,3.780282910729851,10.028781653529965,4.129380830890575
sub-11335,1,alpha,10.7,m,ASD,64,61.998046875,0.3019957551834952,0.2848635803864003,19.0257325765602,0.1274129168377565,0.2641846407802031,0.3453173543500618,3.2978167825788494,12.460232693742457,4.132015519822048
sub-11335,1,beta,10.7,m,ASD,64,61.998046875,0.2492730708627118,0.2332079380303621,15.704203464350847,0.1287470309423839,0.2156565248662096,0.2895043883039615,3.935642606456633,10.67583853676844,4.131471866577144
sub-11335,1,gamma,10.7,m,ASD,64,61.998046875,0.2081758056842599,0.1877293116496687,13.115075758108375,0.1771950287405065,0.1809532526265896,0.242635626958347,4.739943665443346,8.072110434872299,4.123971229060346
sub-11335,2,theta,10.7,m,ASD,64,62.998046875,0.2378274574525841,0.210154087070906,14.9831298195128,0.1290146469499423,0.2025467696691922,0.2856667327463595,4.010523446560823,9.043199273469847,4.130726328483437
sub-11335,2,alpha,10.7,m,ASD,64,62.998046875,0.279165165498674,0.2620327581473488,17.58740542641646,0.140394015641437,0.2431162462062751,0.3210597116553467,3.5478371876133434,11.730227369745228,4.130072447220185
sub-11335,2,beta,10.7,m,ASD,64,62.998046875,0.2366557099335355,0.216423169076299,14.90930972581274,0.1653795225607076,0.2016461786757141,0.2775710756761349,4.213007170119992,5.383073985258605,4.124594982453321
sub-11335,2,gamma,10.7,m,ASD,64,62.998046875,0.1796964833737436,0.1579820156751863,11.320878452545845,0.2174225435419396,0.1536545250286387,0.2145139222678143,5.469766842643662,5.660567154730236,4.114825811735501
sub-11335,3,theta,10.7,m,ASD,64,61.998046875,0.2384546250907055,0.204441956139337,15.02264138071445,0.1465599761594325,0.2030644935829325,0.2858282214642975,4.0456583316613335,9.53884224361055,4.128382621140012
sub-11335,3,alpha,10.7,m,ASD,64,61.998046875,0.2741430088144581,0.2482816855810857,17.27100955531086,0.1500714954666464,0.236733143601422,0.3184125510953282,3.6211323112647658,8.958156060514142,4.128006888664009
sub-11335,3,beta,10.7,m,ASD,64,61.998046875,0.2407407677454707,0.2170076440241649,15.166668367964656,0.1531782335493803,0.2050607043069474,0.2831957111306455,4.064247428415304,8.672143896785933,4.127500158638466
sub-11335,3,gamma,10.7,m,ASD,64,61.998046875,0.2006279270770775,0.1846814795850822,12.639559405855884,0.1691701555404978,0.1729861651938392,0.2367745095933169,4.825039194071468,8.120474776002967,4.125344602341736
sub-11335,4,theta,10.7,m,ASD,64,62.998046875,0.2490656410431013,0.2206535133871168,15.691135385715384,0.1626822362922076,0.2155286600044468,0.292588918835108,3.942873812609253,7.952894114161634,4.125883344039137
sub-11335,4,alpha,10.7,m,ASD,64,62.998046875,0.2819767608547129,0.2596226709233756,17.764535933846915,0.1487937942286268,0.2433553544989929,0.3275947241144097,3.497745228400399,11.451281315202976,4.1285430228726
sub-11335,4,beta,10.7,m,ASD,64,62.998046875,0.2366011608522455,0.2130986462559328,14.905873133691472,0.1405723701379378,0.2006793986860974,0.2798676470633979,4.114448726659412,9.681386220202404,4.129291158194589
sub-11335,4,gamma,10.7,m,ASD,64,62.998046875,0.1960675941007132,0.1770350615309691,12.352258428344935,0.1953412806378858,0.1681669060551245,0.2315712526331862,4.99563422670034,7.137130405904576,4.119977922351435
sub-11335,5,theta,10.7,m,ASD,64,62.998046875,0.2479908697541135,0.2024535315856192,15.623424794509152,0.1005619418408895,0.2037667328906319,0.2951727479306868,4.1163347290003145,7.935307522875046,4.132694472221339
sub-11335,5,alpha,10.7,m,ASD,64,62.998046875,0.2564366071155188,0.2195055281943384,16.15550624827769,0.1656065872695461,0.2173016508859885,0.303831223177905,3.8517447061467096,9.18652540310777,4.124935595458203
sub-11335,5,beta,10.7,m,ASD,64,62.998046875,0.2096909580040437,0.1768390701179115,13.210530354254756,0.1659423207366225,0.1743467924874191,0.2550797496738199,4.615488130180031,8.020130972599533,4.124293132465768
sub-11335,5,gamma,10.7,m,ASD,64,62.998046875,0.1761667141552849,0.1466535206600246,11.09850299178295,0.2339412426595365,0.1483930391356062,0.2138403218668585,5.587494684908547,5.117702810042034,4.109244263392715
sub-11386,1,theta,12.4,f,ASD,64,62.998046875,0.324345392735516,0.3111453068649935,20.433759742337507,0.1423827547625035,0.2812390434533721,0.3744685329985837,3.022541392738805,13.606727318119065,4.130084922840153
sub-11386,1,alpha,12.4,f,ASD,64,62.998046875,0.3677423824314958,0.3588994079018124,23.167770093184235,0.1598097628222031,0.3240231105426007,0.4139899023340241,2.7480660131183416,15.223009615849032,4.127666763432037
sub-11386,1,beta,12.4,f,ASD,64,62.998046875,0.2828642062709526,0.2700495513457117,17.820444995070012,0.1178026498612251,0.2419452672754546,0.3282872900191937,3.4543608347216987,11.97294362451524,4.13296045366941
sub-11386,1,gamma,12.4,f,ASD,64,62.998046875,0.2223451416905147,0.2095962772059749,14.007743926502432,0.1977297835817422,0.1921617979085525,0.2587034132021376,4.435367510782013,6.336640664304568,4.119677297760643
sub-11386,2,theta,12.4,f,ASD,64,61.998046875,0.3272931623778694,0.3126573941178852,20.619469229805773,0.1546386083111932,0.2860993959694763,0.3754022760549411,3.0209063892452592,13.489471372194537,4.1282550327721
sub-11386,2,alpha,12.4,f,ASD,64,61.998046875,0.3690584600184284,0.3544155465505476,23.250682981160985,0.1759239866528961,0.3233175888537619,0.4184478809202473,2.723505199327234,14.815143677197664,4.124800037404208
sub-11386,2,beta,12.4,f,ASD,64,61.998046875,0.2791683758534736,0.2646721165966436,17.58760767876884,0.144116189160856,0.2391789903006289,0.3244715471697177,3.519542364679148,10.932232680305702,4.129270297213882
sub-11386,2,gamma,12.4,f,ASD,64,61.998046875,0.2201964067727673,0.2006848008291597,13.872373626684338,0.216009729503341,0.1905167895841485,0.2570021469801539,4.536111216538797,4.78596499530574,4.114584229919137
sub-11386,3,theta,12.4,f,ASD,64,61.998046875,0.3389620875470798,0.3246994380188983,21.35461151546604,0.1429307665756108,0.2944876271768956,0.3892488143272187,2.908613160675003,14.02950188479511,4.1299714729032
sub-11386,3,alpha,12.4,f,ASD,64,61.998046875,0.3553348810457764,0.3374674917670398,22.38609750588391,0.1491003208303387,0.3121386550341336,0.4031351549010236,2.814259847310393,14.599169450973292,4.129270280969659
sub-11386,3,beta,12.4,f,ASD,64,61.998046875,0.2772165792331884,0.2657376167339332,17.46464449169087,0.1265664727546703,0.2376511022808645,0.3231459848024109,3.517004313750654,11.37131049417362,4.131792776397705
sub-11386,3,gamma,12.4,f,ASD,64,61.998046875,0.2330084286286796,0.2119268334652645,14.679531003606815,0.2083028653028163,0.2010401020250815,0.2709877188737695,4.288186414379729,5.46781101280718,4.116744318434106
sub-11386,4,theta,12.4,f,ASD,64,62.998046875,0.333092084556305,0.3224879087736255,20.984801327047222,0.1385039551859504,0.2904840414854482,0.3818463620933573,2.966081850820628,14.006553127718746,4.130662120443254
sub-11386,4,alpha,12.4,f,ASD,64,62.998046875,0.3671922304214952,0.3593146435093078,23.1331105165542,0.1709396238915403,0.3266642417022534,0.4119422624890156,2.758142111138832,14.525098773355152,4.125630625098155
sub-11386,4,beta,12.4,f,ASD,64,62.998046875,0.2697487529267433,0.254737945663161,16.994171434384825,0.1362421352993659,0.2301241194695417,0.3154617033799122,3.6136835024190392,10.862915202924093,4.130316469135368
sub-11386,4,gamma,12.4,f,ASD,64,62.998046875,0.2184267007599122,0.1944433336080329,13.760882147874469,0.2322678048675959,0.1870796220199721,0.2562858233803218,4.608044782617924,5.798399494527943,4.110693412484531
sub-11386,5,theta,12.4,f,ASD,64,62.998046875,0.3241584906152031,0.3084707063794185,20.4219849087578,0.1656654892888482,0.2830585024375862,0.371990571267915,3.059000907202901,13.080079272569629,4.126358835215997
sub-11386,5,alpha,12.4,f,ASD,64,62.998046875,0.3432230502796802,0.3304396770117059,21.623052167619853,0.1445285250191807,0.2995471727641866,0.3922608836931917,2.8932682212556964,14.467132868002452,4.129713658069903
sub-11386,5,beta,12.4,f,ASD,64,62.998046875,0.2681799564639213,0.2491407877849279,16.89533725722704,0.1459443289709348,0.2289422175859706,0.3137975657167028,3.6588673544197374,8.26977199362944,4.128433170863125
sub-11386,5,gamma,12.4,f,ASD,64,62.998046875,0.2124614827262915,0.188606170947698,13.385073411756366,0.2357200605640949,0.1803464071843434,0.2537216108987641,4.6362211997736855,5.242319645353729,4.109210093300993
sub-11386,6,theta,12.4,f,ASD,64,62.998046875,0.3359880182647755,0.3209454053644963,21.167245150680856,0.1780247796590587,0.2949495028805147,0.3825712393146588,2.980497069224452,12.507160917283109,4.124113584354733
sub-11386,6,alpha,12.4,f,ASD,64,62.998046875,0.3794929218602271,0.3799097410661878,23.908054077194308,0.194086935136725,0.3373654611570351,0.4232865624386962,2.6967140390643207,13.668967613290308,4.121089505082199
sub-11386,6,beta,12.4,f,ASD,64,62.998046875,0.2662097615025408,0.250088106667661,16.771214974660065,0.1515043807738191,0.2287043745558525,0.3098521101820887,3.6874345859688007,10.571001207340064,4.1281444240385055
sub-11386,6,gamma,12.4,f,ASD,64,62.998046875,0.2093931713210082,0.1745207156037865,13.191769793223518,0.2854814155165717,0.1795415452350962,0.2467026327233856,4.900412797561554,5.315933499846239,4.096215871879137
sub-11391,1,theta,12.8,f,ASD,64,62.998046875,0.2733663130283167,0.2360098427366788,17.222077720783957,0.1488077763894755,0.2319854816392804,0.3246707404129049,3.6254728925507753,6.96795415390762,4.12695713817584
sub-11391,1,alpha,12.8,f,ASD,64,62.998046875,0.2598777497235962,0.2347501250124318,16.37229823258656,0.1524414832601679,0.224985063845065,0.3023965926010569,3.850286065890125,6.712441190425779,4.126756051932298
sub-11391,1,beta,12.8,f,ASD,64,62.998046875,0.1631959131304877,0.1223879143323666,10.28134252722073,0.2595108086194493,0.1334971706908154,0.2079548576728554,5.961939195384501,4.635809941615813,4.101881745366521
sub-11391,1,gamma,12.8,f,ASD,64,62.998046875,0.1425812106514331,0.0971212042437571,8.982616271040284,0.2999931125628355,0.1141313333706471,0.1865751828137249,6.895003916495574,3.692876774387031,4.089571121729333
sub-11391,2,theta,12.8,f,ASD,64,62.998046875,0.3059350386930349,0.2486912335745812,19.2739074376612,0.1666170741585615,0.2501942596609469,0.3717104733529275,3.1681967142329515,10.386244266215437,4.125107547559008
sub-11391,2,alpha,12.8,f,ASD,64,62.998046875,0.2782521469581396,0.2439091936767358,17.529885258362796,0.106248423538652,0.2454577310738399,0.317563378930646,3.616336644337393,12.137335133496611,4.1342489539580365
sub-11391,2,beta,12.8,f,ASD,64,62.998046875,0.175785858476502,0.1358798342479893,11.074509084019628,0.2460314076544487,0.1442366136525987,0.2219719981253759,5.458910840069641,4.877256429654469,4.106320263156724
sub-11391,2,gamma,12.8,f,ASD,64,62.998046875,0.1470529288293151,0.1087634948434705,9.264334516246851,0.2748400813055525,0.1209260857522219,0.188924926399093,6.549344221344537,3.612052135357283,4.098520219094521
sub-11391,3,theta,12.8,f,ASD,64,62.998046875,0.2792820990669027,0.2141002479183644,17.59477224121487,0.1146869111573391,0.2282255189395917,0.3426236954649027,3.4562536024850994,9.742614057432812,4.13163931502209
sub-11391,3,alpha,12.8,f,ASD,64,62.998046875,0.2890201726465883,0.2648059457031326,18.20827087673506,0.1258691618157744,0.2520478020260067,0.3308066741668871,3.4659839793134086,10.319545980876931,4.131591403376051
sub-11391,3,beta,12.8,f,ASD,64,62.998046875,0.1818213321876933,0.1406524871574846,11.45474392782468,0.2665241916766827,0.1507950431547285,0.2233400266632667,5.525564323489857,5.729928189196161,4.101451938511543
sub-11391,3,gamma,12.8,f,ASD,64,62.998046875,0.1666806651135627,0.1264301026755994,10.500881902154452,0.3097096436367388,0.1352562895306385,0.2100581870025809,5.992640247806433,4.22938181050379,4.087963577194931
sub-11391,4,theta,12.8,f,ASD,64,62.998046875,0.2921152801201494,0.2637338352308378,18.403262647569413,0.1327356363246968,0.2526401910776539,0.3384780505816608,3.405809461178736,9.271261350217555,4.130415244241002
sub-11391,4,alpha,12.8,f,ASD,64,62.998046875,0.327330657096966,0.3104366298314551,20.621831397108863,0.1306649308357106,0.2842126865577606,0.3738228887669154,3.050639730143406,13.513839409103657,4.13151336322383
sub-11391,4,beta,12.8,f,ASD,64,62.998046875,0.1903177640713234,0.1463670081722333,11.990019136493377,0.2456465605899741,0.1575645117702133,0.2343174862085019,5.18919696259348,6.109612051401261,4.106373406486654
sub-11391,4,gamma,12.8,f,ASD,64,62.998046875,0.1559963189183061,0.1116565943217117,9.827768091853288,0.2892466933331999,0.1281193691176204,0.1989088670595983,6.281590605197216,4.443799036516466,4.094324605941341
sub-11391,5,theta,12.8,f,ASD,64,62.998046875,0.2817474588105618,0.2468969812333967,17.750089905065394,0.0996611881957614,0.2403173500899475,0.3306082894448253,3.4917541405604813,11.60456876871446,4.134206591378318
sub-11391,5,alpha,12.8,f,ASD,64,62.998046875,0.3132958696548747,0.292383118988058,19.73763978825711,0.1245300834781121,0.2733044658651617,0.3563019283788391,3.214711551504771,10.78980034744753,4.131927819072669
sub-11391,5,beta,12.8,f,ASD,64,62.998046875,0.2044559333043671,0.1714132821395247,12.88072379817513,0.2451293241966869,0.1710373142065006,0.2468162010573487,4.864497654464379,6.658797708010753,4.1076472792383845
sub-11391,5,gamma,12.8,f,ASD,64,62.998046875,0.1609679151827789,0.1215158647497917,10.140978656515074,0.2798868356110696,0.1321119222753482,0.2032892832211969,6.084595255920231,4.806749875142197,4.096888497225243
sub-11391,6,theta,12.8,f,ASD,64,62.998046875,0.2846499888516686,0.2557616434187413,17.93294929765512,0.1093755336549495,0.2423331454965699,0.334478326400461,3.4315562994876188,11.490151501634202,4.133404239876607
sub-11391,6,alpha,12.8,f,ASD,64,62.998046875,0.2722100309531835,0.246729349344992,17.14923195005056,0.1181349886314122,0.2344600975046142,0.3190601821319364,3.576728793509177,10.088213271206357,4.1325697201706095
sub-11391,6,beta,12.8,f,ASD,64,62.998046875,0.1946820663969775,0.1558917433482047,12.264970183009586,0.2289603599224617,0.1639134428584938,0.2362576191373986,5.092131400056284,5.602567024869881,4.111255760447677
sub-11391,6,gamma,12.8,f,ASD,64,62.998046875,0.1761840011625209,0.1311942452294351,11.09959207323882,0.2844592708919135,0.1457784566548839,0.2200327403367831,5.627582873338272,4.6635794765188,4.0963770268004
sub-11405,1,theta,9.0,m,ASD,64,62.998046875,0.302322589042835,0.2803017763228543,19.046323109698605,0.166445943956581,0.2675950726434031,0.3439466765001546,3.335063859296256,11.479596621307834,4.126211387887647
sub-11405,1,alpha,9.0,m,ASD,64,62.998046875,0.2989519123782743,0.2804174399545291,18.83397047983128,0.203344427158277,0.262266537768964,0.3427143360554529,3.3507106935125632,10.81286975498996,4.119033367487953
sub-11405,1,beta,9.0,m,ASD,64,62.998046875,0.1892523880974182,0.1569247148206438,11.922900450137348,0.1936745880693341,0.156841235426905,0.2354748986957873,5.017841657000408,5.067125806050804,4.118517185918734
sub-11405,1,gamma,9.0,m,ASD,64,62.998046875,0.1544485326950486,0.1145545377813257,9.73025755978806,0.2236395939190809,0.1252566940579569,0.2014351743001817,6.019791238615758,4.779192542744578,4.111161002740573
sub-11405,2,theta,9.0,m,ASD,64,62.998046875,0.2781636048099754,0.2582238215033143,17.524307103028455,0.1857659715876746,0.2426946658795571,0.3231492215550082,3.5709180175623096,9.999599135967683,4.122057953761572
sub-11405,2,alpha,9.0,m,ASD,64,62.998046875,0.3519722248451774,0.3547892059676801,22.17425016524618,0.2385580422316948,0.3209819670467482,0.3861233582301895,2.963494531024741,8.259939765885754,4.109905415763734
sub-11405,2,beta,9.0,m,ASD,64,62.998046875,0.174996945747123,0.1393067787349172,11.02480758206875,0.2029766751127071,0.1447960617610492,0.220300001583122,5.463359337790458,5.554242153846702,4.115948716861482
sub-11405,2,gamma,9.0,m,ASD,64,62.998046875,0.1721755143633634,0.118652529680676,10.847057404891896,0.274077227863195,0.1403382197828039,0.2197268800479236,5.713422810779558,4.015332339632434,4.096485321923784
sub-11423,1,theta,10.6,f,ASD,64,62.998046875,0.3014848455561557,0.277976361686988,18.99354527003781,0.1438945427952698,0.2639645195594753,0.3465926242209639,3.28610450680486,12.515241333095007,4.129855575660829
sub-11423,1,alpha,10.6,f,ASD,64,62.998046875,0.3461274655772593,0.3254782785153302,21.806030331367342,0.1336268376941522,0.3117998857727967,0.3823402784948045,2.968321237033595,14.518185002313407,4.131784177773255
sub-11423,1,beta,10.6,f,ASD,64,62.998046875,0.2334963258696365,0.2161160679097514,14.710268529787104,0.1399355327751607,0.1994615442602981,0.2778190734842892,4.1139859500813785,8.64377808793133,4.129330476154063
sub-11423,1,gamma,10.6,f,ASD,64,62.998046875,0.2242777177405706,0.2029227755860004,14.129496217655946,0.154144372922021,0.1913949022684729,0.2681057229049974,4.278676951313325,7.066986170568078,4.126802111580147
sub-11423,2,theta,10.6,f,ASD,64,61.998046875,0.2955678470054766,0.2748466862017327,18.620774361345028,0.1359999906485802,0.2587091560319688,0.3400731055977765,3.340257326266445,12.401002186354928,4.130952091341331
sub-11423,2,alpha,10.6,f,ASD,64,61.998046875,0.4023406224578026,0.3876152145647016,25.347459214841564,0.1520569184918459,0.3648666666749424,0.4363487935773149,2.6241595896227983,15.378168620991842,4.129033145171056
sub-11423,2,beta,10.6,f,ASD,64,61.998046875,0.24921580929482,0.2301759291588475,15.70059598557366,0.1762185412439043,0.2171680247108978,0.2897623049993018,3.9562836079170953,8.77772369015911,4.123860496954009
sub-11423,2,gamma,10.6,f,ASD,64,61.998046875,0.2140249252133204,0.193080205980506,13.48357028843919,0.1612949522215306,0.1842876294259235,0.2534450441490621,4.534361913422636,7.966310769543162,4.12618832267964
sub-11423,3,theta,10.6,f,ASD,64,62.998046875,0.3185137202253969,0.2968316553559682,20.06636437420001,0.1678383616747393,0.2833202971136956,0.3593033417599067,3.176730674491037,12.374456661987509,4.126347853533305
sub-11423,3,alpha,10.6,f,ASD,64,62.998046875,0.392754868251896,0.3744840192529557,24.74355669986946,0.1512664437771458,0.3584774267642902,0.4238760529923682,2.686523437194177,15.786979772460285,4.129370778000297
sub-11423,3,beta,10.6,f,ASD,64,62.998046875,0.235221521510582,0.2195494691895422,14.818955855166664,0.1308300192822669,0.2019048750590433,0.2775059939239154,4.089883547161097,8.954118352168784,4.131229515179751
sub-11423,3,gamma,10.6,f,ASD,64,62.998046875,0.2025637530638506,0.1820380625199384,12.76151644302259,0.1729169953967864,0.1732143527687379,0.2421315059566665,4.742400876510668,7.620992631215763,4.124282006114253
sub-11423,4,theta,10.6,f,ASD,64,62.998046875,0.2978683389749739,0.2812743710730974,18.76570535542336,0.1217673649837821,0.2631006153533009,0.3392715863450136,3.338742765631026,12.855031067178016,4.132952897249411
sub-11423,4,alpha,10.6,f,ASD,64,62.998046875,0.4397872514649442,0.4320392800210538,27.70659684229148,0.139384321624107,0.4091833424988598,0.4627329948989952,2.444153181351898,16.538520839354803,4.1315139347269545
sub-11423,4,beta,10.6,f,ASD,64,62.998046875,0.2438510716800229,0.2254237354915265,15.362617515841446,0.1763065527356108,0.2138677802986832,0.2824889045349167,4.045197106922784,8.730061438362476,4.124108990161281
sub-11423,4,gamma,10.6,f,ASD,64,62.998046875,0.1851994274900179,0.1587212390749129,11.667563931871127,0.2000335902798936,0.15757896234542,0.2255561884106102,5.1323990421268615,6.445243415960558,4.118678523580882
sub-11423,5,theta,10.6,f,ASD,64,61.998046875,0.2887593735134953,0.2682213107552382,18.1918405313502,0.123693906951978,0.2548603018288762,0.3311835128862788,3.427727365913674,12.07145057764082,4.132530770229388
sub-11423,5,alpha,10.6,f,ASD,64,61.998046875,0.3571935187816144,0.3424788191966219,22.50319168324171,0.1689271039046323,0.3216369791803445,0.3932765180927409,2.9009613202752824,13.497261932445427,4.126155975497039
sub-11423,5,beta,10.6,f,ASD,64,61.998046875,0.2346689371650577,0.2155825957448067,14.78414304139864,0.1406973961112839,0.2004398608245989,0.2779646348574728,4.102634919153914,9.089452848262068,4.129461252119127
sub-11423,5,gamma,10.6,f,ASD,64,61.998046875,0.2120266512164323,0.1935349062055601,13.35767902663524,0.1501809098629614,0.1812389787762282,0.2517270939300715,4.544452777161761,7.085804574863751,4.127613655049863
sub-11423,6,theta,10.6,f,ASD,64,62.998046875,0.275777872326218,0.2535116800771957,17.37400595655174,0.1288912384001123,0.2387304121802263,0.3209051061751213,3.5472848992342305,11.187497210399044,4.1316218503963285
sub-11423,6,alpha,10.6,f,ASD,64,62.998046875,0.3553047430464808,0.3450899559196799,22.384198811928293,0.1828526016138699,0.3162155294241772,0.3964619702272963,2.876385506852657,12.860795717893517,4.123571162781067
sub-11423,6,beta,10.6,f,ASD,64,62.998046875,0.2340242934958152,0.2147307597574965,14.743530490236354,0.1439562594395787,0.1997474888831027,0.2771124194557379,4.107347501167575,9.011889274183394,4.128917746054784
sub-11423,6,gamma,10.6,f,ASD,64,62.998046875,0.2099621821423645,0.1877198916990373,13.227617474968964,0.1461509946330773,0.1785525399974116,0.2516116613100026,4.549573293271178,7.32891539196871,4.128191318460753
sub-11453,1,theta,10.1,m,ASD,64,62.998046875,0.2598023641969283,0.1902019855170646,16.367548944406487,0.0892278118656065,0.2028011998897192,0.3234551897879392,3.797223738679447,7.813895014358032,4.132908140445817
sub-11453,1,alpha,10.1,m,ASD,64,62.998046875,0.25015815832709,0.2073942875684468,15.759963974606674,0.1723509836637035,0.2105155436627442,0.2999325409179632,3.956151392293089,8.463531546234952,4.12345072326836
sub-11453,1,beta,10.1,m,ASD,64,62.998046875,0.1546558272566985,0.1014071987522626,9.743317117172008,0.322566318919505,0.1220277883879995,0.2038941106494425,6.321626882330807,3.762163590835879,4.082579578649441
sub-11453,1,gamma,10.1,m,ASD,64,62.998046875,0.1682688518057887,0.1099292192529312,10.600937663764691,0.3797082357772663,0.1354812820752265,0.2162289708021202,6.131271083721416,2.931141795830414,4.06167520363638
sub-11453,2,theta,10.1,m,ASD,64,62.998046875,0.2884929487990008,0.2678067424649806,18.17505577433705,0.1247632801884266,0.2507564604100078,0.3350790436922188,3.3921952014750243,12.283882554691196,4.132269242691372
sub-11453,2,alpha,10.1,m,ASD,64,62.998046875,0.3025914583861024,0.281016658343833,19.06326187832445,0.1924575916845822,0.2678619196753167,0.3449891911748419,3.3166858971264297,11.244153038654572,4.121634523083183
sub-11453,2,beta,10.1,m,ASD,64,62.998046875,0.1515406709851291,0.1120527868011858,9.547062272063137,0.2671461035982199,0.1233513000868007,0.196450633916285,6.314602159235334,4.1977028248476245,4.100205155398085
sub-11453,2,gamma,10.1,m,ASD,64,62.998046875,0.1409915734479112,0.0915135427863769,8.88246912721841,0.3512847674539459,0.1096668627495729,0.1922661803406412,6.707880440464551,3.3458854103580604,4.071659615897953
sub-11453,3,theta,10.1,m,ASD,64,61.998046875,0.2799194652907512,0.2591724015261027,17.63492631331733,0.1364631332636787,0.2428801378868648,0.3264088475526486,3.4842750260056,11.701947453407696,4.130710880118476
sub-11453,3,alpha,10.1,m,ASD,64,61.998046875,0.3054458084931675,0.2853029925868934,19.24308593506955,0.1751238531873026,0.2703535910907405,0.3482041032939255,3.2781758741747424,12.305664707771054,4.12513870552112
sub-11453,3,beta,10.1,m,ASD,64,61.998046875,0.1576647002568176,0.1188821938821501,9.932876116179507,0.2676052233350335,0.1298528426311946,0.2010321121429522,6.134781164128306,4.46017822679753,4.1006227851715344
sub-11453,3,gamma,10.1,m,ASD,64,61.998046875,0.1552503773885309,0.1055818638846215,9.78077377547745,0.3880033278854423,0.1256423951718244,0.2027713957122648,6.326476741549444,3.4785396884272286,4.061010336255452
sub-11453,4,theta,10.1,m,ASD,64,62.998046875,0.281822026233487,0.2580641935855288,17.75478765270968,0.1193304705410067,0.2471270556776292,0.3264030616598419,3.479680117198569,11.940502922852357,4.133008571095069
sub-11453,4,alpha,10.1,m,ASD,64,62.998046875,0.3200155818555725,0.3001030522175594,20.16098165690107,0.1965048165684563,0.2871641491905123,0.358374848955222,3.186999770184584,11.49560013407288,4.120870998435316
sub-11453,4,beta,10.1,m,ASD,64,62.998046875,0.1595753979853622,0.1233279843256175,10.05325007307782,0.2425960323127041,0.1320514931634611,0.2029523858435863,5.979667784403051,4.807089542827172,4.1074671971167245
sub-11453,4,gamma,10.1,m,ASD,64,62.998046875,0.1545627635939606,0.1037660511664521,9.737454106419523,0.3417227339379719,0.1231252956684602,0.2027826453692041,6.340032107915288,3.847930376568424,4.076045215712097
sub-11453,5,theta,10.1,m,ASD,64,61.998046875,0.2949164699937875,0.2745184377534034,18.57973760960861,0.1451564557961376,0.2554426503925914,0.3418788560552002,3.3321631184167337,12.071239680107384,4.12947763150776
sub-11453,5,alpha,10.1,m,ASD,64,61.998046875,0.3290735774183076,0.3063047125223506,20.731635377353385,0.2276114305627112,0.2925383788249465,0.3717163378399482,3.103219069332775,10.803010087718665,4.113571482432644
sub-11453,5,beta,10.1,m,ASD,64,61.998046875,0.1514664198964783,0.1198825974989231,9.542384453478132,0.2670652769388604,0.1257648525437402,0.1934065374033576,6.313565534087192,4.784226591203189,4.101481680113568
sub-11453,5,gamma,10.1,m,ASD,64,61.998046875,0.1271125776166557,0.08516702967624,8.008092389849313,0.3536719672145861,0.1013065589485182,0.1734831252841439,7.336783810417805,3.3405668620720648,4.07442238679218
sub-11453,6,theta,10.1,m,ASD,64,62.998046875,0.2780161638844837,0.2538383878990199,17.515018324722472,0.1183211277988769,0.2390625536132694,0.3266259530104149,3.483276260902171,11.381546273863748,4.132763343531944
sub-11453,6,alpha,10.1,m,ASD,64,62.998046875,0.3236230354497257,0.3020575056057527,20.38825123333272,0.1919376397939124,0.2904320868413155,0.3618638619682298,3.158422247266204,11.548810978163726,4.121873518368949
sub-11453,6,beta,10.1,m,ASD,64,62.998046875,0.1536954256351406,0.119910611383684,9.682811815013858,0.2535812222740677,0.1275108555324729,0.1953733561413195,6.222504161253484,5.366796328769011,4.105297595955475
sub-11453,6,gamma,10.1,m,ASD,64,62.998046875,0.1376784986382703,0.0946676757511019,8.67374541421103,0.3447479237241879,0.1105901204911145,0.183164461443262,6.956998675710836,3.576565659164729,4.077774882894963
sub-11497,1,theta,10.7,m,ASD,64,62.998046875,0.2825607997452428,0.2563982056282405,17.801330383950294,0.1150847477751307,0.2435994867671734,0.3317157766081972,3.434077148669782,11.965454291246832,4.133140910343357
sub-11497,1,alpha,10.7,m,ASD,64,62.998046875,0.3211201677477242,0.2985944855922501,20.23057056810662,0.194229801243186,0.2804349831315771,0.3690451856560487,3.1091731165800525,11.852697184249612,4.120927796557054
sub-11497,1,beta,10.7,m,ASD,64,62.998046875,0.230620632025291,0.2041436970285583,14.529099817593334,0.1944225740218627,0.1964646447715353,0.2748616284400595,4.243686263439821,8.44552675851174,4.120098743512001
sub-11497,1,gamma,10.7,m,ASD,64,62.998046875,0.1650673717540809,0.1339011072613308,10.399244420507104,0.2653783882913479,0.1377523960933184,0.2048766743611297,5.914524536893891,5.157817148658196,4.102186504526481
sub-11497,2,theta,10.7,m,ASD,64,62.998046875,0.2948095564831868,0.2708706452356546,18.573002058440768,0.1369156006935714,0.2585863177517584,0.3396841132192202,3.3545852917772225,12.517225709651395,4.130746642310018
sub-11497,2,alpha,10.7,m,ASD,64,62.998046875,0.3264504083379621,0.3135137561072316,20.56637572529161,0.2001466547721586,0.2831713071104524,0.3761566992283529,3.0387397055569907,11.2701862750598,4.119622578278538
sub-11497,2,beta,10.7,m,ASD,64,62.998046875,0.2372220734412622,0.2104736546651538,14.94499062679952,0.1729369887651994,0.2014331902764852,0.2833426488698728,4.092028413689694,8.726491352434273,4.124132199207851
sub-11497,2,gamma,10.7,m,ASD,64,62.998046875,0.1838977533127626,0.1503078080573363,11.585558458704044,0.2249161513317279,0.1571867833779645,0.2223728449817893,5.350449406530936,5.867466636455863,4.112876025857712
sub-11497,3,theta,10.7,m,ASD,64,62.998046875,0.2925423362707485,0.2703818563669126,18.43016718505716,0.1466743076098876,0.2511648333544556,0.3430002928533411,3.334910704585494,11.664698653267592,4.129013934324841
sub-11497,3,alpha,10.7,m,ASD,64,62.998046875,0.3403439626511367,0.3196235042680365,21.44166964702161,0.19063198110589,0.3023327392794237,0.3838711561610778,2.984482821752544,11.89232740769741,4.121657463974285
sub-11497,3,beta,10.7,m,ASD,64,62.998046875,0.2320899543997649,0.2047284539294748,14.621667127185187,0.1963778226368058,0.1973212094057393,0.2773367840295821,4.212697735380848,7.896754879181962,4.119552107046636
sub-11497,3,gamma,10.7,m,ASD,64,62.998046875,0.1804135667701523,0.1460712643244712,11.366054706519598,0.2624439968620772,0.1520225493631771,0.2206509936344308,5.43643311309583,5.467566436194947,4.103617927865032
sub-11497,4,theta,10.7,m,ASD,64,61.998046875,0.2892911812968577,0.2608642059786891,18.225344421702044,0.1271582767096667,0.2504010010715548,0.3384615929794052,3.3734134387033112,12.324838864967363,4.1317905725114725
sub-11497,4,alpha,10.7,m,ASD,64,61.998046875,0.3134811223206353,0.2923927907375631,19.749310706200028,0.1576592437214618,0.2738748251656524,0.359747815001487,3.176255680879936,12.038678998410964,4.127576851086241
sub-11497,4,beta,10.7,m,ASD,64,61.998046875,0.2236396542191143,0.1928557434883637,14.089298215804202,0.2013124229408472,0.1912936364551118,0.2672522256357558,4.384012616285056,8.24172005281257,4.118839038535036
sub-11497,4,gamma,10.7,m,ASD,64,61.998046875,0.1693567017962313,0.1334902122976083,10.669472213162578,0.2234296887633306,0.1422185268160465,0.2099492237592293,5.7332647174924,5.228236491196876,4.112401617189877
sub-11497,5,theta,10.7,m,ASD,64,61.998046875,0.2870352652882851,0.2593587836300013,18.08322171316196,0.1406160504543626,0.2456695152151164,0.3382504521311629,3.37916769303003,11.545150722864056,4.129770679953192
sub-11497,5,alpha,10.7,m,ASD,64,61.998046875,0.3356878666807066,0.3165909358789991,21.148335600884515,0.2031729417249407,0.2947800794820756,0.3823604512105031,2.9997843890503337,11.97444402563597,4.1190906818725015
sub-11497,5,beta,10.7,m,ASD,64,61.998046875,0.2274984197839959,0.2001397721529608,14.332400446391745,0.1810752240164287,0.1933251756078662,0.2723721310638057,4.276827825190872,8.53458513604076,4.122482526306987
sub-11497,5,gamma,10.7,m,ASD,64,61.998046875,0.1715843872906202,0.1401232040089294,10.809816399309078,0.2458166058071061,0.1450896514507642,0.2098586359779584,5.74808946574684,5.427598426888034,4.107454579523475
sub-11497,6,theta,10.7,m,ASD,64,62.998046875,0.3163404671584018,0.2949990174887317,19.92944943097932,0.1876198583975598,0.2751144822312735,0.3659944364833795,3.125995888375684,11.83364234799471,4.122054255832727
sub-11497,6,alpha,10.7,m,ASD,64,62.998046875,0.3369336203374451,0.3267276464846103,21.22681808125905,0.1840343563323213,0.2994821693871523,0.3802698212572166,2.9953791740134936,12.828525660196636,4.1231056723718815
sub-11497,6,beta,10.7,m,ASD,64,62.998046875,0.2271078094417929,0.202379979909972,14.307791994832955,0.1548224470495754,0.1921644583673227,0.2731203820967274,4.236053985851411,9.022044428543952,4.127029992765169
sub-11497,6,gamma,10.7,m,ASD,64,62.998046875,0.1780308456807221,0.1443289566636354,11.215943277885494,0.2402716902942812,0.1503063894668935,0.2178711670458953,5.500259377704359,5.545278953120434,4.108585894938899
sub-11510,1,theta,11.8,m,ASD,64,62.998046875,0.3014760046411616,0.2800908254989369,18.99298829239318,0.1240683812838466,0.2632593990970002,0.3471568146131034,3.267809608203991,12.746729682187032,4.132447995596852
sub-11510,1,alpha,11.8,m,ASD,64,62.998046875,0.284587275059919,0.2686871799465488,17.9289983287749,0.1339103025492979,0.2465683546827147,0.3317390215873955,3.41983902757373,11.664843767363609,4.130896531558829
sub-11510,1,beta,11.8,m,ASD,64,62.998046875,0.2247687373488239,0.1886895054904571,14.160430452975906,0.2236460107958244,0.191693884612764,0.2668190830477824,4.480601209706929,5.663871489617677,4.112390738330532
sub-11510,1,gamma,11.8,m,ASD,64,62.998046875,0.2509142201259916,0.2211427884904678,15.807595867937472,0.3131241597796702,0.2229188927614719,0.2805211154910617,4.380851056871384,4.676957189673829,4.0860168271798605
sub-11510,2,theta,11.8,m,ASD,64,62.998046875,0.2982213006142204,0.2759229844043471,18.787941938695887,0.1505772267482819,0.2599369367819076,0.3449389060756648,3.301801100114281,11.310913762310484,4.12859619686667
sub-11510,2,alpha,11.8,m,ASD,64,62.998046875,0.3047318834786495,0.2803095811604912,19.19810865915492,0.1024964563877949,0.2662720042404313,0.3514574016300794,3.2220183324110576,13.24326086794648,4.134757723878122
sub-11510,2,beta,11.8,m,ASD,64,62.998046875,0.2243253328411488,0.1983205035091126,14.132495968992377,0.167660049150823,0.1899965711670055,0.269164560912853,4.3331619840837785,5.771308972959039,4.123801121392625
sub-11510,2,gamma,11.8,m,ASD,64,62.998046875,0.1727004022182756,0.133699429048032,10.880125339751366,0.2624693816089591,0.1439626748264175,0.2155436581322606,5.635697913741725,4.291461427926963,4.101737256269571
sub-11510,3,theta,11.8,m,ASD,64,62.998046875,0.2973291319559586,0.2772778173527733,18.73173531322539,0.1338284593421171,0.2559457393556233,0.3468427311452315,3.281066229091775,12.36794099911512,4.13096622816916
sub-11510,3,alpha,11.8,m,ASD,64,62.998046875,0.3100219720208947,0.2924465369837087,19.531384237316367,0.1347105910626898,0.2702394456051094,0.357582079129157,3.1733232685234047,11.327481159430308,4.130792934421454
sub-11510,3,beta,11.8,m,ASD,64,62.998046875,0.2188896780748215,0.1923642198996271,13.79004971871376,0.1837878251999144,0.1846164380605239,0.2641824381065073,4.446458712043814,6.2593334637620135,4.120923664221686
sub-11510,3,gamma,11.8,m,ASD,64,62.998046875,0.153506214542656,0.1182863410306149,9.670891516187332,0.2655790878246263,0.1253436445791304,0.1990895328546448,6.091876245907717,4.489244466454405,4.101482962037971
sub-11510,4,theta,11.8,m,ASD,64,62.998046875,0.2996358718389263,0.2776577071146606,18.87705992585236,0.1240787768817249,0.2589538185523407,0.3486936438178635,3.257339711517516,12.781363287230954,4.132292036086794
sub-11510,4,alpha,11.8,m,ASD,64,62.998046875,0.3029063789044178,0.2821947974592941,19.08310187097832,0.1251340472922583,0.2613775421408311,0.3533054711206242,3.207625896562776,12.308193258758465,4.131983781927085
sub-11510,4,beta,11.8,m,ASD,64,62.998046875,0.2216019015422766,0.1973324997680412,13.96091979716343,0.1515699683428025,0.1871985644004953,0.2663629978765555,4.356392522490945,7.1769148226482695,4.127011184002478
sub-11510,4,gamma,11.8,m,ASD,64,62.998046875,0.1766150096151129,0.1374453983276938,11.12674560575212,0.2858798088992798,0.148841434354182,0.2163222785672024,5.663321771374201,3.879347044054043,4.095177318765817
sub-11510,5,theta,11.8,m,ASD,64,62.998046875,0.3008351004523175,0.2768075048616654,18.952611328496,0.10643224909615,0.2611376295734042,0.3494936382525467,3.244341292190174,13.0081400241461,4.134408052972541
sub-11510,5,alpha,11.8,m,ASD,64,62.998046875,0.3206610727475595,0.2999843467616899,20.201647583096253,0.1321827319631956,0.2801082619253158,0.3681577202251739,3.085055640935044,13.136180753454344,4.131270442882802
sub-11510,5,beta,11.8,m,ASD,64,62.998046875,0.2344744753167691,0.2092264337946031,14.771891944956453,0.162361790749362,0.1991157671620408,0.2800509518534385,4.1565411593933925,6.699777238169635,4.124976662407412
sub-11510,5,gamma,11.8,m,ASD,64,62.998046875,0.1566625609422581,0.1231291617000162,9.869741339362264,0.263949537916091,0.1293231990465861,0.2006386453453804,6.018552016961996,4.036340966859681,4.101766802054238
sub-11510,6,theta,11.8,m,ASD,64,62.998046875,0.2926730681240216,0.269606255879424,18.43840329181337,0.1186940002320762,0.2534541556745883,0.341335516424574,3.331159204539924,11.948385072710437,4.132830382003512
sub-11510,6,alpha,11.8,m,ASD,64,62.998046875,0.3151720381513965,0.2958309740072564,19.85583840353798,0.1397954443203173,0.2775396047171563,0.3596483665486534,3.158474653184585,12.40873108927869,4.1304114510448855
sub-11510,6,beta,11.8,m,ASD,64,62.998046875,0.2259261683305614,0.19930133162824,14.233348604825371,0.1739220245374632,0.1904911397709518,0.2719833520309745,4.29115838142313,7.216001490929616,4.123143049293546
sub-11510,6,gamma,11.8,m,ASD,64,62.998046875,0.1781801487348596,0.1378095616309374,11.225349370296158,0.2490214428664772,0.1484278841468004,0.2218477037835729,5.478307906556303,4.255065922615057,4.10524490710965
sub-11535,1,theta,9.3,m,ASD,64,62.998046875,0.2921828486427467,0.2682844730521341,18.40751946449304,0.1546555697725715,0.2557358048896914,0.3378010376394175,3.382791210332848,11.592794994904445,4.12798127907496
sub-11535,1,alpha,9.3,m,ASD,64,62.998046875,0.2645333814506319,0.2409398900462811,16.665603031389807,0.1773918173556198,0.2304330081826263,0.3076729226888527,3.738613616615351,9.083153290606893,4.123825060605295
sub-11535,1,beta,9.3,m,ASD,64,62.998046875,0.2168760297042515,0.1873201772957177,13.663189871367846,0.2402450571789157,0.183842089908167,0.2604908697267845,4.585782208189628,5.1748874143753065,4.108325462627427
sub-11535,1,gamma,9.3,m,ASD,64,62.998046875,0.1651738033133795,0.1228448483622912,10.405949608742908,0.2619345966740391,0.137177977117734,0.206143644453468,6.0716652673571305,3.76726444757236,4.101412601346691
sub-11535,2,theta,9.3,m,ASD,64,62.998046875,0.2959312779107645,0.2695513564583011,18.643670508378165,0.1774320622835751,0.2563144488337456,0.3436169673277781,3.3383857677294,10.65393526809938,4.123930401209793
sub-11535,2,alpha,9.3,m,ASD,64,62.998046875,0.2569639726926597,0.2354693685646436,16.188730279637568,0.1388042767061824,0.2198579248446828,0.3038211023228205,3.7588773741630974,9.813792531168614,4.129978436477339
sub-11535,2,beta,9.3,m,ASD,64,62.998046875,0.1991639979199069,0.1644867327421777,12.547331868954137,0.2439441596868454,0.166359326893959,0.2430079704407654,4.970380646458863,4.04314957945706,4.107086771093563
sub-11535,2,gamma,9.3,m,ASD,64,62.998046875,0.156148141859035,0.1125360740832699,9.837332937119204,0.2780982440945239,0.1293788042042472,0.1950678330043255,6.5219638273987774,3.90778777191344,4.096440307627537
sub-11535,3,theta,9.3,m,ASD,64,62.998046875,0.3100001865723774,0.2871914898408236,19.53001175405977,0.1580530690142259,0.2745959721331118,0.3523083938391714,3.239878636198504,12.035716016132085,4.127465821134376
sub-11535,3,alpha,9.3,m,ASD,64,62.998046875,0.2715395668541967,0.252275798885794,17.106992711814392,0.162710808073671,0.2348291871108614,0.3157099091845173,3.631764506981925,9.043418052345904,4.126130985090027
sub-11535,3,beta,9.3,m,ASD,64,62.998046875,0.2370723566669252,0.2146675478390661,14.93555847001629,0.2067610431009424,0.2030518322511237,0.2794828417580819,4.207317035691262,5.949349760875095,4.11632777244745
sub-11535,3,gamma,9.3,m,ASD,64,62.998046875,0.2010196680135855,0.1718761142972047,12.664239084855886,0.2416537481411131,0.1698485532532855,0.2438175453413255,4.875754220806964,4.255030492834167,4.106984763002622
sub-11535,4,theta,9.3,m,ASD,64,62.998046875,0.2901987532514385,0.2639065077135094,18.282521454840627,0.1692631261562044,0.2535890545251756,0.3349434829004973,3.422962878016872,11.192339155419145,4.1255578327050975
sub-11535,4,alpha,9.3,m,ASD,64,62.998046875,0.2658840929675016,0.241034516881147,16.750697856952602,0.1818313839755867,0.2305925811453609,0.3099646409304049,3.7234112716424064,9.28972804410262,4.123001644947452
sub-11535,4,beta,9.3,m,ASD,64,62.998046875,0.246678043318332,0.2212140752786375,15.540716729054918,0.2018209068816454,0.2119536882154874,0.2893702597406471,4.040974692033451,7.75961969653398,4.117980264469244
sub-11535,4,gamma,9.3,m,ASD,64,62.998046875,0.214618885067035,0.1845258873332259,13.520989759223207,0.2236746038274596,0.1810435738712799,0.2571227438770223,4.591285997473082,5.026267828407068,4.1119688320139005
sub-11535,5,theta,9.3,m,ASD,64,62.998046875,0.3001802633551024,0.2779830324911081,18.91135659137145,0.1673656532338356,0.2629806304750506,0.3446960258153184,3.3109826994804217,11.667536145641003,4.1262072424004295
sub-11535,5,alpha,9.3,m,ASD,64,62.998046875,0.3057997472666681,0.2801451247077928,19.265384077800093,0.1435132122983193,0.2704672124634665,0.3467032928029028,3.290169189006088,12.388661680557563,4.129830079521778
sub-11535,5,beta,9.3,m,ASD,64,62.998046875,0.2324136573946691,0.209568529075662,14.642060415864158,0.1692111171779203,0.1996793156457074,0.2742230515272874,4.210862613229654,6.636063095514174,4.124644284689918
sub-11535,5,gamma,9.3,m,ASD,64,62.998046875,0.1930947228926542,0.170474171542682,12.16496754223722,0.2412480887665077,0.1659263418134108,0.2317734758281357,5.019018808200661,5.535131606522366,4.109215092014467
sub-11535,6,theta,9.3,m,ASD,64,62.998046875,0.2848799111969336,0.2630122786913557,17.947434405406817,0.1303277524117964,0.2455377671939632,0.3333519132010216,3.413252747475963,11.643686108748588,4.131449950762759
sub-11535,6,alpha,9.3,m,ASD,64,62.998046875,0.2847180508689728,0.2650292886940278,17.937237204745283,0.1515208005336253,0.2497625027648829,0.3279223107630275,3.468953364162227,11.564818802376855,4.12866191001783
sub-11535,6,beta,9.3,m,ASD,64,62.998046875,0.2199514832588662,0.1961332961887073,13.856943445308575,0.1905002038121381,0.1895295301761793,0.2600256479402699,4.463388438437169,6.440675708016268,4.120707267782198
sub-11535,6,gamma,9.3,m,ASD,64,62.998046875,0.1539419412895555,0.1276384581370392,9.698342301242,0.231682045197982,0.1296535724490848,0.1926578563918747,6.091399934906301,5.272513562298061,4.111510432941816
sub-11547,1,theta,13.0,m,ASD,64,62.998046875,0.3146164728021702,0.2963368422334279,19.82083778653672,0.1146778898418127,0.2742521862141331,0.3609252283627078,3.146916126316051,13.515076464656042,4.133617306730843
sub-11547,1,alpha,13.0,m,ASD,64,62.998046875,0.3172391373164189,0.3003597399871214,19.9860656509344,0.1261329689180445,0.2792523340836766,0.3593894933918584,3.1634947847818498,12.2323492480351,4.1321687960281
sub-11547,1,beta,13.0,m,ASD,64,62.998046875,0.2659598615892871,0.2500256254435626,16.755471280125082,0.1355125515018941,0.227142375122102,0.3111795285043608,3.673622074682663,9.852538611965436,4.130373527283481
sub-11547,1,gamma,13.0,m,ASD,64,62.998046875,0.2218976209730463,0.2030626103224447,13.979550121301918,0.1655801013278972,0.1904972419095807,0.2584812151163326,4.4485136366815805,8.427976138661274,4.125813170689116
sub-11547,2,theta,13.0,m,ASD,64,61.998046875,0.3348774345281802,0.324626557843494,21.09727837527536,0.1331455380695844,0.2941020317308703,0.3783030901299336,3.0082162972545223,13.758436876025057,4.131542241223588
sub-11547,2,alpha,13.0,m,ASD,64,61.998046875,0.2958834641371727,0.2811704361199997,18.64065824064188,0.1097598330746629,0.259717723770982,0.3384231524043499,3.3494247935334847,12.490680106409574,4.134112987071563
sub-11547,2,beta,13.0,m,ASD,64,61.998046875,0.2768129789592331,0.2580403519244307,17.43921767443169,0.1553933906020571,0.2380330974538989,0.3212819932131923,3.5705183898098496,10.71660328844469,4.1275713644717404
sub-11547,2,gamma,13.0,m,ASD,64,61.998046875,0.2157993539095211,0.1957483065849184,13.595359296299833,0.1914420570434563,0.1833449872155036,0.2539656400246345,4.596885130258214,5.910701332408911,4.120022580162007
sub-11547,3,theta,13.0,m,ASD,64,62.998046875,0.3186466809015468,0.301371692560889,20.074740896797447,0.1243458396345625,0.2773171710982187,0.3651263579220038,3.116207341507155,13.325401101028856,4.132399815202539
sub-11547,3,alpha,13.0,m,ASD,64,62.998046875,0.2998403807819576,0.2876531090874336,18.88994398926333,0.1300763826748724,0.2597358497091367,0.3456689611129521,3.2879339405353587,12.410511861569084,4.131531077920387
sub-11547,3,beta,13.0,m,ASD,64,62.998046875,0.2861661300778569,0.2734888939809371,18.028466194904983,0.1319859975370699,0.2469846856226182,0.3307264988410208,3.449640065708337,11.41880074380203,4.131094310201629
sub-11547,3,gamma,13.0,m,ASD,64,62.998046875,0.2240897217491408,0.2100211557250425,14.11765247019587,0.1610894285540163,0.1934601683129901,0.2599485243102969,4.4116539043782845,8.444154010812193,4.126587706909509
sub-11547,4,theta,13.0,m,ASD,64,62.998046875,0.3268169324259633,0.3082599416395245,20.58946674283569,0.1505134818217643,0.2875799809539031,0.3713217564295459,3.06682710203285,13.15969873092658,4.128889858292721
sub-11547,4,alpha,13.0,m,ASD,64,62.998046875,0.2921397525067886,0.2753085492441457,18.404804407927685,0.1118479486386846,0.2531679523396713,0.3376845994068668,3.3596139587182874,11.656875353964676,4.133657899539844
sub-11547,4,beta,13.0,m,ASD,64,62.998046875,0.2718859144221332,0.2555972698359662,17.128812608594394,0.1337390463353381,0.2344737812664536,0.3159021998994771,3.6109148770819552,10.004140639701523,4.130843682406758
sub-11547,4,gamma,13.0,m,ASD,64,62.998046875,0.2375903604634448,0.2210409931836904,14.968192709197025,0.1679987759431432,0.2044206318861456,0.2751695747479862,4.175837179488039,7.779444563766171,4.125427988159899
sub-11547,5,theta,13.0,m,ASD,64,61.998046875,0.3273887529480367,0.3113322947200644,20.62549143572632,0.1352538816763181,0.2870651896580751,0.371711480007958,3.062530040196692,13.750776684121384,4.131079077251749
sub-11547,5,alpha,13.0,m,ASD,64,61.998046875,0.2843248565877385,0.2723225678175454,17.912465965027526,0.1214888335174591,0.2463250372573872,0.3280122775901311,3.4661693500925903,11.20354496652843,4.132491631853508
sub-11547,5,beta,13.0,m,ASD,64,61.998046875,0.2762744283037913,0.2616614619208601,17.405288983138853,0.1416470850879773,0.2369237217644913,0.3201247890107607,3.566166502651585,10.674978926216218,4.129770658536537
sub-11547,5,gamma,13.0,m,ASD,64,61.998046875,0.2269495906836636,0.210821655574034,14.297824213070808,0.1709833754472381,0.1947457009608177,0.2637476192388557,4.353013252571102,8.763124795190965,4.124959626362999
sub-11547,6,theta,13.0,m,ASD,64,62.998046875,0.3214514686162157,0.3057319846353755,20.251442522821595,0.144519420954803,0.2811129454806592,0.3664137615664796,3.108006821881235,13.228404411772708,4.129831116558392
sub-11547,6,alpha,13.0,m,ASD,64,62.998046875,0.2952227113822843,0.2822239803982603,18.599030817083914,0.1271435748644517,0.2569368598293553,0.3387334515180689,3.351872564415541,12.476176756648458,4.132013351784884
sub-11547,6,beta,13.0,m,ASD,64,62.998046875,0.2711158120578475,0.2498320486687205,17.080296159644398,0.1679342272677343,0.2349465241168792,0.3139669172527026,3.668802800759048,8.823417820681216,4.1253976794096126
sub-11547,6,gamma,13.0,m,ASD,64,62.998046875,0.2105414232910548,0.1855712029498689,13.264109667336456,0.2066271330715843,0.179792170876336,0.2472216034262097,4.72622479909849,6.46761306141827,4.117177708942704
sub-11548,1,theta,12.4,m,ASD,64,62.998046875,0.2648599039464427,0.2415517856009289,16.686173948625893,0.1013382260456233,0.2292118894838896,0.310873896147672,3.6379229384293,11.65284047894001,4.134848065064341
sub-11548,1,alpha,12.4,m,ASD,64,62.998046875,0.2888934555170862,0.2645310338129761,18.20028769757642,0.1622633457007682,0.2500994165267601,0.3377374926870445,3.373454501452449,11.210916974148564,4.126788006973033
sub-11548,1,beta,12.4,m,ASD,64,62.998046875,0.2071135655037849,0.1650840281672425,13.048154626738452,0.2118601595692956,0.1764870414447571,0.2493798218871135,4.79948274201224,6.8654369202087535,4.115922475330889
sub-11548,1,gamma,12.4,m,ASD,64,62.998046875,0.1648648361078533,0.1267366158883209,10.386484674794756,0.2019523914735175,0.1380228849856992,0.2056638703593088,5.853784321407345,5.557971357711952,4.1165017978166665
sub-11548,2,theta,12.4,m,ASD,64,62.998046875,0.2492769247390716,0.2217596865676355,15.70444625856151,0.1423029264569409,0.2165753627982697,0.2915696041076915,3.9480820359558457,7.846065929894141,4.129015900530432
sub-11548,2,alpha,12.4,m,ASD,64,62.998046875,0.2868778506394886,0.264905510243744,18.073304590287783,0.1557119843043332,0.2513468323759622,0.3322580703838201,3.4212893263572344,11.654531336255657,4.128037158909988
sub-11548,2,beta,12.4,m,ASD,64,62.998046875,0.194944981452716,0.1568987085833096,12.281533831521113,0.2075440034166468,0.164329245621356,0.2371173106850147,5.04985984630882,6.896670294723418,4.1168677735738815
sub-11548,2,gamma,12.4,m,ASD,64,62.998046875,0.1650252356849425,0.1270544527720293,10.396589848151384,0.2407002738249176,0.1372671540428169,0.2053710776487435,5.938084861398681,5.013308181731771,4.107466402301873
sub-11548,3,theta,12.4,m,ASD,64,62.998046875,0.2478297594838515,0.2115543618413719,15.61327484748265,0.1214916294784412,0.21095802584714,0.2947904040854586,3.938446693909319,9.98389512616921,4.131795699101692
sub-11548,3,alpha,12.4,m,ASD,64,62.998046875,0.291673662891452,0.2689543575630544,18.37544076216148,0.1888669116855567,0.2536567659520138,0.3379920773314259,3.40339440664138,10.170953367041388,4.121632484971128
sub-11548,3,beta,12.4,m,ASD,64,62.998046875,0.1922135544411941,0.1424566797828015,12.10945392979523,0.227498333269351,0.157554222551727,0.2399197724713084,5.196976827611652,5.617250617352347,4.110634434470162
sub-11548,3,gamma,12.4,m,ASD,64,62.998046875,0.1758625264227419,0.1263281715020599,11.07933916463274,0.221866493877685,0.1441984889575184,0.2206572979869163,5.621621171573394,5.752350970646305,4.111326847176814
sub-11548,4,theta,12.4,m,ASD,64,62.998046875,0.2725548041474452,0.2501120232426619,17.17095266128905,0.0967523666787822,0.235925789863962,0.3177764817169978,3.558657423277906,12.146234329057467,4.135337742956049
sub-11548,4,alpha,12.4,m,ASD,64,62.998046875,0.3005826539615996,0.2794743033523384,18.93670719958078,0.1446031593380823,0.2623456234842299,0.348244491522383,3.257479189049588,12.440740879495705,4.129735037032746
sub-11548,4,beta,12.4,m,ASD,64,62.998046875,0.2024351088087978,0.1654007688564839,12.753411854954264,0.2191317857692811,0.1711835410801531,0.2459681318110488,4.900507375845841,6.321887421864663,4.113240989754407
sub-11548,4,gamma,12.4,m,ASD,64,62.998046875,0.1822708745265167,0.1404496039968631,11.483065095170558,0.2108026352469609,0.150757060379417,0.2251778144641269,5.409333677617211,5.54867667668102,4.114342066255127
sub-11548,5,theta,12.4,m,ASD,64,62.998046875,0.2682473183681698,0.2471765549432026,16.89958105719469,0.0984117938136648,0.2350407640247517,0.3103654372857438,3.651174723169712,11.540510081390416,4.135273565680674
sub-11548,5,alpha,12.4,m,ASD,64,62.998046875,0.276498024880692,0.2543618586830091,17.419375567483602,0.1855142295510259,0.2372375138991352,0.3261546872534078,3.5031495979204745,9.958121619263292,4.122568304738844
sub-11548,5,beta,12.4,m,ASD,64,62.998046875,0.205751849797012,0.1665536785654787,12.962366537211755,0.2235325033689257,0.1748077980296329,0.2470525185819818,4.879813139289048,6.53849116634561,4.112703125296403
sub-11548,5,gamma,12.4,m,ASD,64,62.998046875,0.1726114618859185,0.1369082154239791,10.874522098812864,0.2149789099540613,0.1433209003113778,0.2124357077666367,5.69842114699791,5.081306776653005,4.113766560331596
sub-11548,6,theta,12.4,m,ASD,64,62.998046875,0.2624592471895552,0.2394733291133944,16.534932572941983,0.124116904810941,0.2258899478822704,0.3077757391329301,3.701361461047775,11.176589770757356,4.132053164764827
sub-11548,6,alpha,12.4,m,ASD,64,62.998046875,0.3170067518577479,0.3011397896353497,19.971425367038123,0.1741065695894727,0.2833830322877549,0.3574258645056122,3.1800178143595126,12.19750496627984,4.125245302288975
sub-11548,6,beta,12.4,m,ASD,64,62.998046875,0.2072035744869544,0.1676512798702953,13.05382519267813,0.2069876623614152,0.1750380277867451,0.250750897854089,4.787688736572044,6.817564074764444,4.116257104620447
sub-11548,6,gamma,12.4,m,ASD,64,62.998046875,0.1671517419430099,0.127819724480541,10.530559742409626,0.190042915801877,0.1378585665336982,0.2096284739638515,5.7382900336419045,5.918865945390447,4.118814430151021
sub-11551,1,theta,11.7,m,ASD,64,62.998046875,0.2657851633185769,0.2452686793254864,16.744465289070348,0.0932857647695077,0.2275187495397401,0.3136919171689104,3.626415463240413,11.33434493657781,4.135264102528779
sub-11551,1,alpha,11.7,m,ASD,64,62.998046875,0.2598038082270341,0.2390399631696824,16.367639918303155,0.1134641141470765,0.2263573872334408,0.3035408104171533,3.7470434272492463,11.13763215197107,4.133401073884683
sub-11551,1,beta,11.7,m,ASD,64,62.998046875,0.2255215167717902,0.2072703245902355,14.207855556622782,0.127439650360746,0.1914305215691982,0.2701530383433737,4.233404092302687,9.47191086958605,4.131215913511427
sub-11551,1,gamma,11.7,m,ASD,64,62.998046875,0.2084838846984018,0.1864068981981514,13.134484735999315,0.1730873784319944,0.1780303159806274,0.249467519103323,4.623395264771745,6.069630611355532,4.123826402783819
sub-11551,2,theta,11.7,m,ASD,64,61.998046875,0.2644497729258927,0.2413317283871663,16.660335694331238,0.0865228733883146,0.2266328128935333,0.311740834938675,3.6461792243971214,11.378899622735169,4.135921984327626
sub-11551,2,alpha,11.7,m,ASD,64,61.998046875,0.2702126535244917,0.2469922406373271,17.023397172042973,0.1009658945157972,0.2376177798777992,0.3114038333224802,3.659219857432345,11.38689982527936,4.134871235122303
sub-11551,2,beta,11.7,m,ASD,64,61.998046875,0.1875315273633442,0.1540664001674617,11.81448622389069,0.1585331655539368,0.1554328226879134,0.2308792818174458,5.174426594989189,6.816709137902833,4.124850140849845
sub-11551,2,gamma,11.7,m,ASD,64,61.998046875,0.1941305788511009,0.1534334485079211,12.230226467619357,0.2311892647035167,0.1598313869610607,0.2359758230126185,5.23778430464762,4.948284404204835,4.108793988005627
sub-11551,3,theta,11.7,m,ASD,64,62.998046875,0.2613306817788748,0.2357553564228003,16.46383295206911,0.0996846580566215,0.2237927797566496,0.3097488811211734,3.676140469178846,11.36575295304385,4.134661131697769
sub-11551,3,alpha,11.7,m,ASD,64,62.998046875,0.2605107253105436,0.2371418398984964,16.412175694564247,0.1146768047849607,0.22649778249935,0.3048397533127426,3.7362816313433713,11.15401871062184,4.133219016597322
sub-11551,3,beta,11.7,m,ASD,64,62.998046875,0.2038297241860368,0.1818995487935012,12.84127262372032,0.1350052887330781,0.1724017562097854,0.2471200670419344,4.665466808604512,7.926439348916077,4.129813721837101
sub-11551,3,gamma,11.7,m,ASD,64,62.998046875,0.1796435584449285,0.1569123417867917,11.3175441820305,0.1975611229124931,0.1521063439518956,0.2185189909287657,5.379022874287172,5.201074412736752,4.118755511961868
sub-11551,4,theta,11.7,m,ASD,64,62.998046875,0.267280086056149,0.244566353530262,16.838645421537393,0.1011897906241251,0.2313209491788656,0.3133501308997817,3.625097312308202,11.64685679285119,4.1347231505877895
sub-11551,4,alpha,11.7,m,ASD,64,62.998046875,0.2928859513564467,0.27178197878367,18.45181493545614,0.1043486861270227,0.2588757784036489,0.3347386019653866,3.387709570301983,12.879184221607543,4.134723065787257
sub-11551,4,beta,11.7,m,ASD,64,62.998046875,0.2172927664443825,0.1960672132352364,13.6894442859961,0.1490773263141511,0.1852317798313328,0.2611149361070482,4.403485796901198,8.54515550953315,4.128085584820782
sub-11551,4,gamma,11.7,m,ASD,64,62.998046875,0.1865117831229993,0.161658189711066,11.750242336748958,0.2066826297522551,0.1567094833370164,0.229680447008687,5.072849277308035,5.2685238150502665,4.116755664326759
sub-11551,5,theta,11.7,m,ASD,64,62.998046875,0.2743053196164011,0.2546690063398553,17.281235135833267,0.0863340906891902,0.2366710436806355,0.3212276534660845,3.5372239004618966,12.017474039612026,4.1360806049548975
sub-11551,5,alpha,11.7,m,ASD,64,62.998046875,0.31275624338827,0.2924837424793761,19.70364333346101,0.134255596130261,0.279188356615081,0.3511145436917279,3.2323895384980443,12.512506791326544,4.131467829677194
sub-11551,5,beta,11.7,m,ASD,64,62.998046875,0.2147391683886619,0.1948823530461877,13.528567608485702,0.1480026532477641,0.1829056989926588,0.2586440933544313,4.449585556981753,6.538595295424731,4.127851641212959
sub-11551,5,gamma,11.7,m,ASD,64,62.998046875,0.1766271730049731,0.1515835146094171,11.127511899313305,0.2144293993417436,0.1504565689289317,0.2146134998467286,5.507504027174687,5.292293057260308,4.114895465360987
sub-11551,6,theta,11.7,m,ASD,64,61.998046875,0.261113848074738,0.2378170851860367,16.45017242870849,0.0900500182174595,0.2249176955494842,0.3078723264467377,3.692189134248081,11.339408198904245,4.135586639836613
sub-11551,6,alpha,11.7,m,ASD,64,61.998046875,0.2850438746323579,0.2566912358666796,17.95776410183855,0.1412411398906014,0.2505640054032255,0.3287513624535322,3.459869522904658,9.740296536540086,4.12967606260117
sub-11551,6,beta,11.7,m,ASD,64,61.998046875,0.2212382953107954,0.2031864928803183,13.93801260458011,0.1337599046861976,0.1879938136437954,0.2658130205891068,4.309681497222318,7.643846487232317,4.130083850267841
sub-11551,6,gamma,11.7,m,ASD,64,61.998046875,0.2107080490811482,0.1900114415290269,13.274607092112335,0.1894515542959239,0.1804083940106534,0.2519993513258809,4.581484585971224,5.545346107142565,4.120464606345313
sub-11562,1,theta,12.0,m,ASD,64,62.998046875,0.2242370491881457,0.1773293452606464,14.12693409885318,0.1432078854759536,0.1867954542519636,0.2767139758806762,4.242813711549814,8.755667969902364,4.127926138788209
sub-11562,1,alpha,12.0,m,ASD,64,62.998046875,0.2450308317619982,0.2096923001035781,15.436942401005894,0.172326480810037,0.2097630826830347,0.2906882178146038,4.021953497947936,7.755386417843349,4.123786249496479
sub-11562,1,beta,12.0,m,ASD,64,62.998046875,0.1956322854691144,0.1626293944555425,12.324833984554209,0.2084567103262224,0.1623858056077149,0.2418760540341092,4.912711349977138,6.513461534632529,4.115626374326478
sub-11562,1,gamma,12.0,m,ASD,64,62.998046875,0.1614582690900505,0.1186196772974183,10.17187095267318,0.2952347186806172,0.1316364060285766,0.2053251131418125,6.126164173044163,3.2333064260131703,4.090357091628457
sub-11576,1,theta,10.8,m,ASD,64,152.998046875,0.3231698017984813,0.3049509400453836,20.35969751330432,0.1453086770458346,0.2811565218913027,0.3719057003120091,3.057046103406822,13.449529411370351,4.129685163388833
sub-11576,1,alpha,10.8,m,ASD,64,152.998046875,0.2976387925906513,0.2809265816117164,18.75124393321104,0.1234933519808535,0.2602366042430722,0.3411932554080362,3.3280096367573218,12.19162184548746,4.132532306969152
sub-11576,1,beta,10.8,m,ASD,64,152.998046875,0.2620177873391652,0.2433860616288329,16.507120602367408,0.1632607038937859,0.223587726253062,0.3072858588936467,3.748144712488126,8.145206403053791,4.125866119356976
sub-11576,1,gamma,10.8,m,ASD,64,152.998046875,0.2119242788777963,0.187754584442987,13.351229569301168,0.1642294716409575,0.1794133106766824,0.2529634551157144,4.5812721284061215,7.896246826091303,4.125668874092487
sub-11576,2,theta,10.8,m,ASD,64,304.998046875,0.2710367277627424,0.2222886082440654,17.075313849052776,0.1365834505609617,0.2252224294200466,0.3274384125696734,3.615789680322471,9.949016201125016,4.129245864349472
sub-11576,2,alpha,10.8,m,ASD,64,304.998046875,0.2413499865961906,0.1872446734543741,15.20504915556001,0.134433883712172,0.1965611028279534,0.2971802461852407,4.046196745924458,8.523035748608931,4.128698493339675
sub-11576,2,beta,10.8,m,ASD,64,304.998046875,0.212180977194089,0.1639528488587485,13.36740156322761,0.1878314536598641,0.1710924118841352,0.2644902125308059,4.614978838712378,6.494745703519259,4.119092499631655
sub-11576,2,gamma,10.8,m,ASD,64,304.998046875,0.1843470334329516,0.1287269030469577,11.613863106275954,0.2292893059633368,0.145133513414493,0.2363442089165136,5.340082693445641,5.52096665467542,4.108418820508281
sub-11576,3,theta,10.8,m,ASD,64,151.998046875,0.6157266621369244,0.5939296120337518,38.79077971462624,0.0548315850861075,0.6057226569565701,0.6157285347419618,1.7114506775017713,31.66787382374164,4.141218524542236
sub-11576,3,alpha,10.8,m,ASD,64,151.998046875,0.4030368329724365,0.3652550465740221,25.3913204772635,0.0929633552697151,0.3711718536498902,0.427638287332129,2.7020677961194406,15.807418965215042,4.136778184097385
sub-11576,3,beta,10.8,m,ASD,64,151.998046875,0.2502503944041729,0.1923298391866908,15.765774847462891,0.1784621814598616,0.1900625133305505,0.3173850359678411,3.8440844671197913,6.651285799704892,4.120530939757613
sub-11576,3,gamma,10.8,m,ASD,64,151.998046875,0.1961980754143488,0.1181647655504493,12.360478751103976,0.2484428617139244,0.1470975929683698,0.2578137555591369,5.009827289981224,4.1893856167966455,4.102136452427107
sub-11593,1,theta,9.5,m,ASD,64,151.998046875,0.289404045546221,0.266260755246213,18.232454869411924,0.2075234150169732,0.2498959276499647,0.3362506641746239,3.4586649839995536,9.54378390843685,4.117413818664078
sub-11593,1,alpha,9.5,m,ASD,64,151.998046875,0.265124835382604,0.2450396765156098,16.70286462910406,0.1520604836112909,0.2286923866836025,0.3098488228243493,3.691957150677807,10.94378422798867,4.128128608609191
sub-11593,1,beta,9.5,m,ASD,64,151.998046875,0.2173082895557379,0.1902615743349803,13.690422242011486,0.1866419900983974,0.1812410906212572,0.2623113694562551,4.477766476757919,6.920364161119425,4.120712233013487
sub-11593,1,gamma,9.5,m,ASD,64,151.998046875,0.187518005209157,0.154941659934539,11.813634328176892,0.1926589440460745,0.1572101975858435,0.2278881806813014,5.215405032003482,7.027244306682178,4.1193814662845565
sub-11593,2,theta,9.5,m,ASD,64,62.998046875,0.3194575632961438,0.3015584520904159,20.12582648765705,0.1800523449011968,0.2816484541125356,0.3643627141116546,3.136287839054273,11.20547648774924,4.123791862657347
sub-11593,2,alpha,9.5,m,ASD,64,62.998046875,0.2680565823211624,0.2491358002304073,16.887564686233233,0.1451827139574151,0.2300940098929561,0.3153149529711035,3.606890497124824,11.047339886703968,4.129316374693291
sub-11593,2,beta,9.5,m,ASD,64,62.998046875,0.2216248356070861,0.1976096572099629,13.962364643246428,0.1580484527073318,0.1878211998883987,0.2658726626753416,4.345516333831583,8.80666460538966,4.126601096522409
sub-11593,2,gamma,9.5,m,ASD,64,62.998046875,0.1989252400593522,0.1670651578333984,12.532290123739187,0.1747818124945951,0.1661547896527376,0.2411398982223035,4.899431162893826,7.651766381101314,4.123189428929586
sub-11601,1,theta,12.9,m,ASD,64,62.998046875,0.3047110539354768,0.2810064350132903,19.19679639793504,0.1375157306120056,0.2633261837294796,0.3546565725931893,3.208950816732731,12.832336089084176,4.130518975502676
sub-11601,1,alpha,12.9,m,ASD,64,62.998046875,0.3111747155298658,0.289414099700103,19.60400707838155,0.1390643425324917,0.2702201846760825,0.3601575555107414,3.1604757608159884,13.0433351623997,4.130417727556469
sub-11601,1,beta,12.9,m,ASD,64,62.998046875,0.260728194834159,0.23733793823635,16.42587627455202,0.1471126229043929,0.2215001010804732,0.3077977259445663,3.7524818435201097,8.975854043947098,4.1281008118632325
sub-11601,1,gamma,12.9,m,ASD,64,62.998046875,0.2196033285711078,0.1937078372919345,13.835009699979793,0.1994338257523674,0.1854567234096267,0.261881645401583,4.5066503489543965,6.8650226359512905,4.118158446474951
sub-11601,2,theta,12.9,m,ASD,64,62.998046875,0.3020661964524179,0.2807613922405441,19.030170376502326,0.1402785029265577,0.2625069263008933,0.3506067134792137,3.248228817993302,12.425165551550146,4.130134876348303
sub-11601,2,alpha,12.9,m,ASD,64,62.998046875,0.3291080416082233,0.3129881006300985,20.73380662131808,0.1561132363362603,0.2887577356246881,0.3754984516922126,3.030310902084159,13.670231783105192,4.128057489643015
sub-11601,2,beta,12.9,m,ASD,64,62.998046875,0.2680367629146454,0.2441300621600876,16.886316063622665,0.1471918022885134,0.2291001952952103,0.3149831821900238,3.6460540317198418,10.2475910604025,4.128312509541424
sub-11601,2,gamma,12.9,m,ASD,64,62.998046875,0.2195915136869444,0.1950718479954146,13.8342653622775,0.1970880039456723,0.1851622148079734,0.2621375086400719,4.473505939504562,6.068326485977956,4.118533615577385
sub-11601,3,theta,12.9,m,ASD,64,62.998046875,0.3062584976198939,0.2880299725115706,19.294285350053315,0.1299647452549726,0.2661081301328873,0.3547335384968854,3.199444605137958,12.875973884989476,4.131628012013283
sub-11601,3,alpha,12.9,m,ASD,64,62.998046875,0.3225543382976973,0.3061966050725606,20.32092331275493,0.1398528230449518,0.282450488052466,0.369533869682124,3.067491667911473,13.703658357944976,4.130520479157921
sub-11601,3,beta,12.9,m,ASD,64,62.998046875,0.2632416186975885,0.2406873884381095,16.584221977948072,0.1471929921739105,0.2233094506856375,0.3104963281162175,3.71037162519176,10.174583618188455,4.128430277645875
sub-11601,3,gamma,12.9,m,ASD,64,62.998046875,0.2234430867386992,0.1958653166758703,14.076914464538053,0.1611253510861782,0.191427881008548,0.2647507713883489,4.398820458591492,9.006646342278723,4.126086308521218
sub-11601,4,theta,12.9,m,ASD,64,62.998046875,0.3061637705490845,0.2840284677813656,19.288317544592324,0.1132537323931107,0.2649733758369489,0.3554238299223856,3.190656115875886,13.44207318194963,4.133614508884153
sub-11601,4,alpha,12.9,m,ASD,64,62.998046875,0.3558451566360767,0.3466548074621484,22.41824486807283,0.1761476179436701,0.3162176297324838,0.3990279776064077,2.853546549409951,13.8040933821279,4.124742774514689
sub-11601,4,beta,12.9,m,ASD,64,62.998046875,0.255752950890033,0.2320013998319481,16.11243590607208,0.1389499021719863,0.2181244884219105,0.3018705506412804,3.829512885862209,9.348503432527894,4.12924126161365
sub-11601,4,gamma,12.9,m,ASD,64,62.998046875,0.2094216156006048,0.1757238557538852,13.193561782838104,0.204258930272141,0.1775685880200597,0.2518059846529686,4.7260365478894455,6.939887886433228,4.117135020530903
sub-11601,5,theta,12.9,m,ASD,64,62.998046875,0.2949113105783309,0.2760445145141643,18.579412566434847,0.1092496560968678,0.2543086591294387,0.344399454559897,3.3002812200177627,12.45875199861645,4.133905249173892
sub-11601,5,alpha,12.9,m,ASD,64,62.998046875,0.3361650770038859,0.3221969923331803,21.17839985124481,0.1697024922538808,0.2967152111079766,0.3808596818176197,2.9886521317322314,13.204555294907095,4.125851125735828
sub-11601,5,beta,12.9,m,ASD,64,62.998046875,0.2533772223688004,0.2307556167394663,15.962765009234428,0.1307998687506622,0.2131088585034149,0.3019555925275918,3.82484569776242,9.303773651201732,4.13022150777511
sub-11601,5,gamma,12.9,m,ASD,64,62.998046875,0.2221801610815926,0.1897404033105924,13.997350148140338,0.1812647441485823,0.1912430927394772,0.2620175524291344,4.495545527200429,7.333301168602915,4.122260890566012
sub-11601,6,theta,12.9,m,ASD,64,62.998046875,0.3143485628099883,0.2987355072556471,19.803959457029265,0.138124805212178,0.2729953342483731,0.3637322828736886,3.121287503485846,12.968616729633563,4.130495512798266
sub-11601,6,alpha,12.9,m,ASD,64,62.998046875,0.3238280147233806,0.3051546156486622,20.40116492757297,0.1228158441719869,0.2862779946707905,0.3678658748916118,3.0825256053904755,13.862859380137898,4.132923493651756
sub-11601,6,beta,12.9,m,ASD,64,62.998046875,0.2506368829938446,0.2223200538050222,15.79012362861221,0.1534072456131711,0.2136771795603503,0.2969008783583019,3.91613811418356,9.013614913106096,4.127135230222029
sub-11601,6,gamma,12.9,m,ASD,64,62.998046875,0.2336686169499016,0.1984218220157513,14.721122867843802,0.1664153224612054,0.2041492045185567,0.2702387932630137,4.351639624080778,9.098711173560648,4.125491059718799
sub-11613,1,theta,10.2,m,ASD,64,61.998046875,0.3041627265402498,0.2822597926558962,19.16225177203573,0.1107003619933734,0.2663104391587205,0.350023124751489,3.2366905105095767,13.160188333663124,4.133999161694119
sub-11613,1,alpha,10.2,m,ASD,64,61.998046875,0.3413651195802616,0.3205070579841488,21.506002533556483,0.1378809787270253,0.3025238712114915,0.3872989379219656,2.917243395278867,14.633146608279135,4.130931477959072
sub-11613,1,beta,10.2,m,ASD,64,61.998046875,0.2210549661209633,0.1927611742900329,13.926462865620683,0.1941217667651046,0.1880720857745489,0.2644773899907525,4.4073221514214085,7.2894384003832515,4.119992362013648
sub-11613,1,gamma,10.2,m,ASD,64,61.998046875,0.1407860010122653,0.1061895716322216,8.869518063772711,0.26496131117229,0.1161811172364288,0.1806049851735263,6.8124894224942105,4.191579178055929,4.101047537017471
sub-11613,2,theta,10.2,m,ASD,64,62.998046875,0.3126025500178985,0.2883606495363762,19.693960651127604,0.1188524260822125,0.2737528885566829,0.359055863877393,3.158051792078127,12.038510462418309,4.133006576160898
sub-11613,2,alpha,10.2,m,ASD,64,62.998046875,0.3539358597568712,0.3351229321213732,22.297959164682887,0.1820577435584363,0.3158324750346455,0.3980198429615513,2.862731098482538,13.971308041360938,4.123629438419227
sub-11613,2,beta,10.2,m,ASD,64,62.998046875,0.2407828543590082,0.2202863375088442,15.16931982461752,0.133025587159038,0.2052513827807868,0.2857242192376331,3.996717324785303,9.614501328240577,4.130472872933836
sub-11613,2,gamma,10.2,m,ASD,64,62.998046875,0.1543804579059867,0.1287057422407537,9.725968848077166,0.2312074155661098,0.1306009171360613,0.1894876507210669,6.235625878924791,4.612718033385877,4.111018218560411
sub-11613,3,theta,10.2,m,ASD,64,61.998046875,0.3048946096439982,0.2786561866374025,19.208360407571888,0.1265654007775511,0.2685071685722088,0.3481774364610256,3.2641747014649347,11.390413581312172,4.13193924333751
sub-11613,3,alpha,10.2,m,ASD,64,61.998046875,0.3382422695304053,0.3205617118149254,21.309262980415536,0.1336827203815094,0.2977524331250266,0.3834634844149925,2.951255665293293,14.109346705132356,4.131388652228612
sub-11613,3,beta,10.2,m,ASD,64,61.998046875,0.2285792307049436,0.206469675290964,14.40049153441145,0.1594044815271869,0.1957151470824381,0.271380850122485,4.220732202421876,9.179743282112454,4.126884176711024
sub-11613,3,gamma,10.2,m,ASD,64,61.998046875,0.1466447427460091,0.1215665454881517,9.238618792998576,0.2124978998296214,0.122384099621756,0.1831940843557986,6.457356618530428,5.165447002421729,4.115172285598856
sub-11613,4,theta,10.2,m,ASD,64,62.998046875,0.3018987748879895,0.2823034343853654,19.019622817943343,0.1164296922909642,0.2600926166070544,0.3510603902876381,3.2307883016640373,12.01968987432089,4.133105416277362
sub-11613,4,alpha,10.2,m,ASD,64,62.998046875,0.3632093713831952,0.3492059356909762,22.882190397141304,0.1419090939975628,0.3265611152593148,0.4024785291629758,2.8154396075946297,14.77643808088769,4.130574721390361
sub-11613,4,beta,10.2,m,ASD,64,62.998046875,0.1987305644087999,0.1737506513505917,12.520025557754394,0.1698227042310934,0.1682545804375212,0.2420148773585188,4.78865888422804,7.718437393718093,4.12439250497115
sub-11613,4,gamma,10.2,m,ASD,64,62.998046875,0.1709633913869427,0.1356612619591867,10.77069365737739,0.2270116733628778,0.1422857157997851,0.2123023816863242,5.661299336477399,5.753021089195626,4.111513881363817
sub-11613,5,theta,10.2,m,ASD,64,62.998046875,0.2826002921753505,0.262353581374943,17.803818407047082,0.1742121270862932,0.2435575952380044,0.329034224128016,3.5405540605453982,5.185020253990663,4.123058096341008
sub-11613,5,alpha,10.2,m,ASD,64,62.998046875,0.3625312838988285,0.3525928619439111,22.8394708856262,0.1901723083266417,0.320042755721957,0.4080470232940644,2.801116696036278,11.466659141511885,4.12177757963042
sub-11613,5,beta,10.2,m,ASD,64,62.998046875,0.2271855477275157,0.2043343692918489,14.312689506833491,0.1642627933960452,0.1946975245447669,0.2692977649221033,4.26737836848505,7.001179857436744,4.125551175166674
sub-11613,5,gamma,10.2,m,ASD,64,62.998046875,0.1545772473781281,0.1268112748178645,9.73836658482207,0.2385235037165727,0.1304799191115962,0.1899503168050831,6.298710162854205,4.202766207251104,4.107651435686138
sub-11613,6,theta,10.2,m,ASD,64,61.998046875,0.3129872281551418,0.2932982530250431,19.71819537377394,0.1339431827069603,0.2699324594807921,0.3640008668657359,3.124247916939997,12.894757695227325,4.130994154540301
sub-11613,6,alpha,10.2,m,ASD,64,61.998046875,0.3870934526190306,0.3768043427794396,24.386887514998925,0.1781793679757019,0.3483809691178707,0.4276031324587583,2.6633503048391822,14.923046768619647,4.124657225144784
sub-11613,6,beta,10.2,m,ASD,64,61.998046875,0.2489523978389185,0.2275304944888908,15.684001063851866,0.1664056911915054,0.2120559220613083,0.2942228888393847,3.916076404883513,9.75020242362938,4.125598969481126
sub-11613,6,gamma,10.2,m,ASD,64,61.998046875,0.1749646115880639,0.1431751400257444,11.022770530048028,0.2367336826258849,0.1468250531371291,0.2152541668802817,5.549474211480954,4.248261943524685,4.108197519643252
sub-11636,1,theta,10.7,m,ASD,64,61.998046875,0.3081271327382894,0.2885328010039656,19.41200936251224,0.1243903374027955,0.2710097058077289,0.3523578696177495,3.211901336151445,12.654086548154307,4.1325504036161815
sub-11636,1,alpha,10.7,m,ASD,64,61.998046875,0.3754938572656308,0.3704459157529275,23.65611300773474,0.2197982479233507,0.3399971097850581,0.4141903462864458,2.7661287948736675,12.8227421339426,4.115507549496901
sub-11636,1,beta,10.7,m,ASD,64,61.998046875,0.2581649870760746,0.2442632125954823,16.264394185792703,0.1324667384090039,0.2223384451798162,0.3006608016045046,3.788912478338504,9.7255584531423,4.130929850493498
sub-11636,1,gamma,10.7,m,ASD,64,61.998046875,0.2257883518933906,0.2087713580258151,14.224666169283612,0.1599574132345743,0.1944930181596358,0.2633615542945926,4.382422680326387,6.846906191241535,4.126212863516631
sub-11636,2,theta,10.7,m,ASD,64,62.998046875,0.2972612931577609,0.279439389910128,18.72746146893893,0.1132936182682724,0.2566475876340326,0.346004240655298,3.274653426585829,12.77570478454977,4.133620218737571
sub-11636,2,alpha,10.7,m,ASD,64,62.998046875,0.335217430242026,0.3183377018051647,21.11869810524764,0.2058217802129473,0.2978821638065931,0.3779506772536417,3.0267327176521204,11.34132757504208,4.118855897612133
sub-11636,2,beta,10.7,m,ASD,64,62.998046875,0.2382677096473084,0.2207302862011338,15.010865707780432,0.1326498995290487,0.2052877068555196,0.2789571232074956,4.095344533116759,8.005927005769479,4.130667403498432
sub-11636,2,gamma,10.7,m,ASD,64,62.998046875,0.2060680614474842,0.1887785198179201,12.982287871191506,0.1738859800101413,0.1760969262942449,0.2434654174777702,4.75167956083697,5.59618988404486,4.123328844027927
sub-11636,3,theta,10.7,m,ASD,64,62.998046875,0.3115801616725548,0.2864549312393193,19.629550185370952,0.102845446511304,0.2710345194915434,0.3592764553284105,3.155113656309088,13.387135944533192,4.134833196691166
sub-11636,3,alpha,10.7,m,ASD,64,62.998046875,0.3335252939995921,0.3181303876526127,21.012093521974297,0.1880441583434624,0.297154891370562,0.375827380355584,3.0293587942190805,12.90412692173012,4.122703916827945
sub-11636,3,beta,10.7,m,ASD,64,62.998046875,0.2455341631776084,0.2296672353917106,15.468652280189332,0.1333505946719554,0.210023332111755,0.2880989539972899,3.9565101107578298,9.516361274799012,4.130770242857038
sub-11636,3,gamma,10.7,m,ASD,64,62.998046875,0.2010682159974664,0.1880542099306053,12.667297607840386,0.1574224428689477,0.1733255005791789,0.2363310810785891,4.838647836023786,7.73464584192889,4.127110752543536
sub-11636,4,theta,10.7,m,ASD,64,62.998046875,0.3144564234650083,0.2969248113567561,19.810754678295527,0.1236121775148062,0.2781919006229212,0.3566086233271185,3.1841882697248005,13.066229841439805,4.132720018674132
sub-11636,4,alpha,10.7,m,ASD,64,62.998046875,0.3666142881739553,0.3612799968351706,23.096700154959187,0.2004305903437905,0.3301223547212291,0.4049377855636186,2.815303871269752,12.587513737657016,4.120037489657666
sub-11636,4,beta,10.7,m,ASD,64,62.998046875,0.2616943811879901,0.2501861439746891,16.486746014843384,0.1262256628690763,0.2268380226976142,0.3024822578698187,3.753531729181032,11.101380453257226,4.132044089862918
sub-11636,4,gamma,10.7,m,ASD,64,62.998046875,0.2294795111997359,0.2190955496323994,14.457209205583368,0.1426232898780105,0.1983160883102669,0.2655186014629323,4.287301566837417,9.281902259858482,4.129708695881822
sub-11636,5,theta,10.7,m,ASD,64,62.998046875,0.3106371914447113,0.2924255825343269,19.570143061016807,0.129143963215067,0.2701802527789646,0.3572263679507222,3.1751136977194165,13.32795643977401,4.131840167720673
sub-11636,5,alpha,10.7,m,ASD,64,62.998046875,0.3534988074337678,0.3486505536235,22.27042486832737,0.1939434835865146,0.3167682168568705,0.3944882973372232,2.882276299888103,12.517981142035213,4.121347558344452
sub-11636,5,beta,10.7,m,ASD,64,62.998046875,0.2454939794120598,0.2314866150820103,15.466120702959769,0.1219142256962155,0.210323471395999,0.2869229199892296,3.960092482911085,10.444845403836906,4.13235067502441
sub-11636,5,gamma,10.7,m,ASD,64,62.998046875,0.2230903846741529,0.2105880979282183,14.054694234471633,0.159145046940054,0.1932871578655825,0.2582889628667538,4.408854662178893,8.39678091289968,4.127219839320362
sub-11636,6,theta,10.7,m,ASD,64,62.998046875,0.3097871126551277,0.2922950713309687,19.51658809727305,0.1347798826490655,0.2718399353675791,0.3544325899135387,3.204402505586332,13.047681409801,4.131163083866797
sub-11636,6,alpha,10.7,m,ASD,64,62.998046875,0.377458260929736,0.3675036253101935,23.77987043857337,0.2017757047512363,0.3442379283613082,0.4126949579857613,2.756871352414986,13.037087859151187,4.119927036161688
sub-11636,6,beta,10.7,m,ASD,64,62.998046875,0.2529602752732073,0.2422499272622499,15.936497342212066,0.1168015608325961,0.2171594049993312,0.2950287508271946,3.847291480959855,10.643139317313072,4.132995641108552
sub-11636,6,gamma,10.7,m,ASD,64,62.998046875,0.2200005734729826,0.2086829965832047,13.860036128797905,0.1459070284715138,0.1894737063306565,0.2556378980717425,4.445167606152903,9.264075217717178,4.129195503815645
sub-11638,1,theta,10.9,m,ASD,64,62.998046875,0.2491884040831513,0.2213103599380268,15.698869457238535,0.1502371469656629,0.2136639147697853,0.2962960925144755,3.879785696838045,7.316018751012843,4.127702021074474
sub-11638,1,alpha,10.9,m,ASD,64,62.998046875,0.2511708466656284,0.2307936082309191,15.823763339934589,0.151829188413853,0.2161818179466835,0.2956613923435839,3.884880679856447,6.569479376685315,4.127479499487649
sub-11638,1,beta,10.9,m,ASD,64,62.998046875,0.1917589569931528,0.1596533091881183,12.080814290568624,0.2592456923663938,0.1612148345787277,0.2338792774893395,5.112077586052571,5.136556995995554,4.10375013347067
sub-11638,1,gamma,10.9,m,ASD,64,62.998046875,0.1490966440755014,0.1134949689620917,9.393088576756591,0.27344708129933,0.1241948807247744,0.1909486992121348,6.308463326134424,4.165042536641694,4.099196019700961
sub-11638,2,theta,10.9,m,ASD,64,61.998046875,0.2368417819128662,0.2074494616632943,14.921032260510575,0.1573318494017782,0.1999332373484363,0.2875360959269857,3.994998805777056,8.645301236157254,4.126504576307344
sub-11638,2,alpha,10.9,m,ASD,64,61.998046875,0.2267003062007706,0.1983628596800818,14.282119290648554,0.1386809634604764,0.1925770972373516,0.2737395774863693,4.209282583054023,6.122846494058061,4.128843299705502
sub-11638,2,beta,10.9,m,ASD,64,61.998046875,0.1836955624475012,0.1531720766342447,11.57282043419258,0.2471449702363984,0.1540320564142288,0.2266253822432977,5.2258146778088825,5.559017421675946,4.107070651386143
sub-11638,2,gamma,10.9,m,ASD,64,61.998046875,0.13899694482615,0.1057143348941439,8.756807524047453,0.2584393774411793,0.1155311332426774,0.180720214185071,6.596470346196508,4.063181939955552,4.104299173326259
sub-11638,3,theta,10.9,m,ASD,64,62.998046875,0.2751389498886335,0.2203071196990988,17.333753842983914,0.2050627709554704,0.2349312392261537,0.3168655277679394,3.890407171969673,5.753478400684551,4.1152640815931685
sub-11638,3,alpha,10.9,m,ASD,64,62.998046875,0.2310754113523861,0.1701268579128428,14.55775091520033,0.1400430586756935,0.1847303569305246,0.286229702256672,4.256714814139762,7.531841165572244,4.126789436979329
sub-11638,3,beta,10.9,m,ASD,64,62.998046875,0.1845782905904288,0.1225533729029765,11.62843230719702,0.2594291210859916,0.1424170357307983,0.236709276658096,5.415259115624753,3.490446324122697,4.099132453071365
sub-11638,3,gamma,10.9,m,ASD,64,62.998046875,0.1750257092938236,0.1190305278961765,11.026619685510893,0.323948676075569,0.1409732972847975,0.2179595139250961,5.937321141978942,3.4905688511247006,4.080903949924818
sub-11638,4,theta,10.9,m,ASD,64,62.998046875,0.2542268699733755,0.2283938791628114,16.01629280832266,0.1324665683375354,0.2164527737728041,0.302684442633302,3.786817174458247,6.739679581466326,4.130103889844955
sub-11638,4,alpha,10.9,m,ASD,64,62.998046875,0.290093192940634,0.2734925211481821,18.275871155259946,0.168267258887747,0.2584689052033477,0.3271216774175908,3.512869270743292,7.662888220383945,4.125479258933893
sub-11638,4,beta,10.9,m,ASD,64,62.998046875,0.1899249893737908,0.1592837661925341,11.965274330548818,0.2379783231151955,0.160041266153915,0.2330108464744366,5.066809250622484,5.54410009539836,4.109196911272884
sub-11638,4,gamma,10.9,m,ASD,64,62.998046875,0.1376452592247802,0.1055423787909095,8.671651331161158,0.2233699362546099,0.1156194497468907,0.177532247724286,6.637915461279237,4.31026667549191,4.113115292070543
sub-11638,5,theta,10.9,m,ASD,64,61.998046875,0.2341832850584112,0.181663185689069,14.753546958679909,0.0992095124216515,0.1929755507497564,0.2872579022124876,4.143161081054005,8.806366630795353,4.133181875616608
sub-11638,5,alpha,10.9,m,ASD,64,61.998046875,0.2237858932427006,0.1735095858609982,14.09851127429014,0.1261641763597072,0.186188986088718,0.2720504278842388,4.364694442417761,8.547221312151475,4.130421393640811
sub-11638,5,beta,10.9,m,ASD,64,61.998046875,0.1845589047819112,0.1461812780203162,11.627211001260406,0.2368607016754145,0.1515877522004072,0.2316448454114276,5.192105526745993,4.729308055650379,4.108595773529334
sub-11638,5,gamma,10.9,m,ASD,64,61.998046875,0.1382828691409622,0.0967722223986354,8.711820755880616,0.2238391122458373,0.1113063179265159,0.183562579472069,6.587054161484208,4.364092799297311,4.111404673152276
sub-11638,6,theta,10.9,m,ASD,64,62.998046875,0.2478729823847963,0.2250713219420231,15.61599789024217,0.1346604893923565,0.2141391289469317,0.2930373115482341,3.899223641463296,7.608339631769185,4.130306373559056
sub-11638,6,alpha,10.9,m,ASD,64,62.998046875,0.2475737308312442,0.2259497654640882,15.597145042368387,0.1417955645475241,0.2166275710138449,0.2878924540344519,3.968954019163371,7.222449960773453,4.129403815761782
sub-11638,6,beta,10.9,m,ASD,64,62.998046875,0.1871193543886915,0.1566588025816128,11.788519326487569,0.238061670380857,0.1578025629942694,0.2292490688044557,5.149374228501934,5.671494518754156,4.109629783759868
sub-11638,6,gamma,10.9,m,ASD,64,62.998046875,0.1359046235466677,0.1089820166673685,8.561991283440069,0.2246188129040075,0.1129257177261781,0.1758749086477671,6.678701549067296,4.180051289650492,4.112717981986884
sub-11674,1,theta,11.7,m,ASD,64,62.998046875,0.274601019315407,0.2566380015775376,17.299864216870645,0.1245972805291177,0.2381520017053753,0.321825913879971,3.5195688795448064,11.261656606813444,4.132161307810937
sub-11674,1,alpha,11.7,m,ASD,64,62.998046875,0.3039648615977684,0.2775243017247413,19.14978628065941,0.1433249542274541,0.2665833273741437,0.349207888201066,3.2749649356567034,12.487177170698937,4.12983913510421
sub-11674,1,beta,11.7,m,ASD,64,62.998046875,0.2395911493700116,0.2204737849154228,15.094242410310734,0.1486560675117215,0.2034380902544976,0.2860289605396175,3.997599451103653,9.680924693086777,4.128465159880909
sub-11674,1,gamma,11.7,m,ASD,64,62.998046875,0.2194116702811385,0.1957136681000874,13.822935227711726,0.2635044757121793,0.1894655102710251,0.258619205056974,4.552685786362228,4.970581974778536,4.103403275191517
sub-11674,2,theta,11.7,m,ASD,64,62.998046875,0.2927550855532566,0.2708206078240206,18.44357038985517,0.1674031688083738,0.2544806251974489,0.3399927770466087,3.3546032238030965,11.099437950429255,4.125846197745171
sub-11674,2,alpha,11.7,m,ASD,64,62.998046875,0.2996302517377836,0.2768292273901007,18.876705859480367,0.1531779050856145,0.2605518845826289,0.3463330056065381,3.3107659905792826,12.034829891447938,4.128288846477441
sub-11674,2,beta,11.7,m,ASD,64,62.998046875,0.2341409950164621,0.2162726297186694,14.750882686037112,0.1462142639322188,0.1995358613210945,0.2793031542919704,4.100931202317398,9.18487793887869,4.128683325881288
sub-11674,2,gamma,11.7,m,ASD,64,62.998046875,0.1970332375888127,0.1708428076878307,12.413093968095207,0.2763843108987363,0.1687666028002145,0.2337475020136678,5.159921957443002,4.448277848436804,4.099038607735207
sub-11674,3,theta,11.7,m,ASD,64,61.998046875,0.2825092708095126,0.2657812041065842,17.798084060999294,0.1647789672939858,0.2452662713499022,0.3279478218883122,3.469816649275333,11.073618409953715,4.1263667590775714
sub-11674,3,alpha,11.7,m,ASD,64,61.998046875,0.2971007648626897,0.2734928553192784,18.71734818634945,0.177281640846648,0.2601753347396859,0.3418850619972247,3.3568146817957727,10.284447473186432,4.124089655726488
sub-11674,3,beta,11.7,m,ASD,64,61.998046875,0.2145923629871914,0.1945166354869535,13.51931886819306,0.161396284221376,0.1814204330168894,0.2592617072150265,4.470293457200299,6.408973414462396,4.125361098330155
sub-11674,3,gamma,11.7,m,ASD,64,61.998046875,0.1897236394413844,0.1601921743226512,11.95258928480722,0.2485197757948563,0.1619884112429423,0.2286094046124775,5.19362553796441,4.894021347679923,4.106785003635034
sub-11731,1,theta,11.5,m,ASD,64,62.998046875,0.2477535176984145,0.2155157561549622,15.608471615000113,0.1865262925190604,0.2140205436499019,0.2909414484215456,4.00370859873537,7.235951277175662,4.121761295926868
sub-11731,1,alpha,11.5,m,ASD,64,62.998046875,0.2117344783005106,0.1834706453096567,13.339272132932171,0.1995187437752132,0.1807723370240846,0.2538929125435455,4.596262445266824,5.361885365018587,4.118625344945334
sub-11731,1,beta,11.5,m,ASD,64,62.998046875,0.1692128304370481,0.1400898237477704,10.660408317534031,0.253873871258184,0.1413713417215968,0.2111979997351003,5.651262315568124,4.3680258650435295,4.105188560993953
sub-11731,1,gamma,11.5,m,ASD,64,62.998046875,0.1241275415847017,0.0918752001853551,7.820035119836207,0.3088878233378046,0.1012289405173118,0.1633132510504297,7.546103870106993,3.452633383905622,4.089029609555001
sub-11731,2,theta,11.5,m,ASD,64,62.998046875,0.2582887778126552,0.2322070818846304,16.272193002197277,0.1673029304927515,0.2242370750550636,0.3018520608656003,3.805460337180411,9.895043098450437,4.125836472515591
sub-11731,2,alpha,11.5,m,ASD,64,62.998046875,0.2264256147322209,0.2038132522991873,14.264813728129916,0.1515361091632315,0.1947005083222193,0.2686604873889233,4.264575661678567,8.843522702140845,4.12802320087652
sub-11731,2,beta,11.5,m,ASD,64,62.998046875,0.1875459868042727,0.1598709911365389,11.81539716866918,0.2043858573415578,0.1571623516752679,0.2304082757595937,5.112868280432186,5.434142302581465,4.117081235358409
sub-11731,2,gamma,11.5,m,ASD,64,62.998046875,0.15965715299277,0.1309839802597137,10.058400638544516,0.23467018301922,0.1331779798000229,0.2010210052855723,5.893995429685275,4.564461579650075,4.110387249700707
sub-11731,3,theta,11.5,m,ASD,64,62.998046875,0.252536037414495,0.2258984079743906,15.909770357113182,0.1575487907377037,0.2197979256484682,0.2931512852003815,3.914951382011529,10.259776443863254,4.127477949626589
sub-11731,3,alpha,11.5,m,ASD,64,62.998046875,0.2356217014183095,0.2128953151769426,14.844167189353502,0.1821897464680006,0.2023005908923046,0.2776520064739227,4.135022730473645,8.846340859149386,4.122973922972783
sub-11731,3,beta,11.5,m,ASD,64,62.998046875,0.1859265496420992,0.1583721608425777,11.713372627452252,0.2063872886087482,0.1568598104536046,0.227953625472711,5.140588555499878,5.6406728942618125,4.116904573781486
sub-11731,3,gamma,11.5,m,ASD,64,62.998046875,0.1576227858862756,0.130597884288817,9.930235510835365,0.2336643002408551,0.1321755554588713,0.1982284601864868,5.942197095681449,4.677472218825802,4.110899318348456
sub-11731,4,theta,11.5,m,ASD,64,62.998046875,0.2436915795352357,0.2153261617571665,15.35256951071985,0.2147931317758752,0.2125173663145337,0.2830305468442308,4.153666652517052,5.764584493727476,4.115739302921717
sub-11731,4,alpha,11.5,m,ASD,64,62.998046875,0.2053483900061982,0.1806068012887992,12.936948570390484,0.2184912953678128,0.175466507826915,0.2469176980561293,4.697360040036858,6.15762038897098,4.114499763112734
sub-11731,4,beta,11.5,m,ASD,64,62.998046875,0.1539832842810121,0.1266387113551785,9.70094690970377,0.2322425992633719,0.1275337504405719,0.1960654433901878,6.062510033760225,4.776250659805705,4.110953809343283
sub-11731,4,gamma,11.5,m,ASD,64,62.998046875,0.1388875251966969,0.1100775048617387,8.749914087391906,0.2873652286778402,0.1136210138909803,0.1807408558023132,6.6500962224549625,4.537946673429156,4.097285243528537
sub-11731,5,theta,11.5,m,ASD,64,62.998046875,0.2719555971151722,0.2453347724676616,17.13320261825585,0.1829927814389093,0.2413210189128173,0.3092341470655655,3.7086762939559295,10.66492738280237,4.123500604941632
sub-11731,5,alpha,11.5,m,ASD,64,62.998046875,0.2259415205830862,0.2039225170382704,14.234315796734435,0.1413421311435399,0.1944995224595542,0.2672912215930966,4.268427643950911,9.5587575330937,4.129743656029977
sub-11731,5,beta,11.5,m,ASD,64,62.998046875,0.1938011023014952,0.1725594213676098,12.209469444994202,0.1720461867399066,0.1647835714907697,0.2330682032894328,4.944105435409609,7.798244911098707,4.124713437021652
sub-11731,5,gamma,11.5,m,ASD,64,62.998046875,0.1544514571278414,0.1292884881659728,9.73044179905401,0.2484592243962426,0.1296205510242989,0.1930091951553429,6.082003153680828,4.708956122537513,4.107615563339934
sub-11731,6,theta,11.5,m,ASD,64,62.998046875,0.2368749870853865,0.2119291167376819,14.92312418637935,0.1491210456722281,0.2040093529700848,0.2789397460721604,4.114568727199555,7.839932230709593,4.128238697433199
sub-11731,6,alpha,11.5,m,ASD,64,62.998046875,0.2159379539729505,0.1941737939145694,13.604091100295882,0.1478197896110445,0.1846952214206847,0.2569757873053778,4.445513806753443,8.772380520143717,4.128603549342647
sub-11731,6,beta,11.5,m,ASD,64,62.998046875,0.1786800162121065,0.1527791743833366,11.256841021362714,0.1853981395857129,0.1500823650109141,0.2196169084081391,5.321787590598751,6.638829202098314,4.121358958319645
sub-11731,6,gamma,11.5,m,ASD,64,62.998046875,0.1539184579179768,0.1264420498951634,9.696862848832538,0.2071526624348565,0.1298772130307554,0.189673697190854,6.257868381334041,5.740847980044754,4.116762676478996
sub-11755,1,theta,8.1,m,ASD,64,62.998046875,0.2816724873450773,0.25606491374991,17.745366702739872,0.1757701302766254,0.2442856295837168,0.3300479828935501,3.474140283953356,11.120908831559955,4.124606786506053
sub-11755,1,alpha,8.1,m,ASD,64,62.998046875,0.2806663377420152,0.2522463767982001,17.68197927774696,0.1692464727224726,0.2415416441493868,0.3282511399536107,3.5026515386297783,11.247730514770607,4.125594859824576
sub-11755,1,beta,8.1,m,ASD,64,62.998046875,0.2084275841010369,0.1853387544107985,13.130937798365329,0.1433174278685712,0.1771531987884063,0.2505512765697291,4.61957372883314,8.079834457379304,4.128746587541239
sub-11755,1,gamma,8.1,m,ASD,64,62.998046875,0.2384188798373998,0.2070360618893519,15.02038942975619,0.1503856412682363,0.2099440406663489,0.2750800444692226,4.201958244035828,8.67664674851934,4.128159112765793
sub-11755,2,theta,8.1,m,ASD,64,61.998046875,0.2874862345620562,0.2618960129107849,18.11163277740954,0.1331010687975508,0.2501152441980316,0.3342857092315595,3.41049633649488,12.065803912061474,4.131254070529081
sub-11755,2,alpha,8.1,m,ASD,64,61.998046875,0.269145980733309,0.2493446183568261,16.95619678619847,0.1166194776782042,0.2306302469587431,0.316760993403343,3.6026059521145104,11.642865001506708,4.132884031367127
sub-11755,2,beta,8.1,m,ASD,64,61.998046875,0.2290200075912189,0.2083107340439078,14.428260478246791,0.1166359196624781,0.1945637193646938,0.2721757548700213,4.22610565590764,9.807172378462228,4.132527325632116
sub-11755,2,gamma,8.1,m,ASD,64,61.998046875,0.2434180820462657,0.2178019088106033,15.33533916891474,0.1405130018509603,0.2112920376601786,0.2821866809573904,4.091288005433725,10.046656068424085,4.129726343568335
sub-11755,3,theta,8.1,m,ASD,64,62.998046875,0.299223633001941,0.2704204158924417,18.85108887912229,0.1548574694558952,0.2627410873234833,0.3441759999300789,3.32656930986095,11.61348974289651,4.128206651366629
sub-11755,3,alpha,8.1,m,ASD,64,62.998046875,0.2802566685095033,0.2592262981630038,17.656170116098707,0.1101372244715204,0.2432999051923112,0.3253435798534364,3.506499353678897,11.934914232877478,4.133824406230611
sub-11755,3,beta,8.1,m,ASD,64,62.998046875,0.2294273252623068,0.2085249827710532,14.453921491525328,0.1128791892146543,0.1951966297207948,0.2722810315044513,4.218763786751199,9.948542157165337,4.132981139826443
sub-11755,3,gamma,8.1,m,ASD,64,62.998046875,0.2450883299898986,0.2222565594212889,15.440564789363616,0.1409025937494155,0.2120358142626073,0.2855788480908673,4.024936159471357,10.012796387571964,4.129676348919543
sub-11755,4,theta,8.1,m,ASD,64,61.998046875,0.271817245486928,0.245312026665473,17.124486465676462,0.1503056164851318,0.2353676393567962,0.3189644911462433,3.60580473554562,11.084786556549377,4.128664137835302
sub-11755,4,alpha,8.1,m,ASD,64,61.998046875,0.2726830298481236,0.2492315362486461,17.17903088043179,0.1430966840551037,0.2332190236073844,0.3203558182577839,3.583439232473568,11.282907140700337,4.129407666201843
sub-11755,4,beta,8.1,m,ASD,64,61.998046875,0.2189721111145972,0.1970222726813814,13.795243000219624,0.1186364147671301,0.1848761614261495,0.263256686201703,4.383916697218046,9.283915218071904,4.131935570733922
sub-11755,4,gamma,8.1,m,ASD,64,61.998046875,0.2361810868267126,0.20556649206459,14.879408470082891,0.1737304737938065,0.2035750956789153,0.2780922338296179,4.2008260740683,7.423739004128006,4.123857464784964
sub-11755,5,theta,8.1,m,ASD,64,62.998046875,0.2896644569890105,0.2634544987613902,18.248860790307667,0.1537073612741047,0.254333348720605,0.3338539780236621,3.422376756529952,11.947601790212616,4.128492034307227
sub-11755,5,alpha,8.1,m,ASD,64,62.998046875,0.2728470302007752,0.2473318981372039,17.18936290264884,0.1265054254491115,0.2372315785492296,0.3177043050819217,3.596303112137582,11.771010617208272,4.131906077820103
sub-11755,5,beta,8.1,m,ASD,64,62.998046875,0.2265174242808477,0.2064013749974938,14.270597729693408,0.1222061744297358,0.193524033729825,0.2687200206563463,4.277025025127696,9.613073202102814,4.131945063868193
sub-11755,5,gamma,8.1,m,ASD,64,62.998046875,0.2226250677266811,0.1968471854361162,14.025379266780908,0.1652721963029899,0.1908880817517002,0.2633076832164619,4.405615794863508,8.333957113546452,4.125606926375327
sub-11755,6,theta,8.1,m,ASD,64,61.998046875,0.2805968880456373,0.2522086708394334,17.677603946875156,0.1729706804940596,0.2460920478958884,0.323562811102548,3.5599259627751247,10.664059297764272,4.125130326294827
sub-11755,6,alpha,8.1,m,ASD,64,61.998046875,0.2710724078960499,0.244555764520042,17.077561697451145,0.1501734604707936,0.2349147664769471,0.3152483699311845,3.6442554266564127,11.120233794384674,4.128572213057052
sub-11755,6,beta,8.1,m,ASD,64,61.998046875,0.2199812064739701,0.1968966091809453,13.85881600786012,0.1388493242701206,0.1873763767187359,0.262585161765205,4.400879827084213,8.938159263630059,4.129510030353048
sub-11755,6,gamma,8.1,m,ASD,64,61.998046875,0.2287481862561487,0.2025142516292924,14.411135734137368,0.1649656716803132,0.1972331772899594,0.2686007768553346,4.338547533519312,6.888216299338495,4.125354418270286
sub-11759,1,theta,11.6,m,ASD,64,62.998046875,0.3138455990751041,0.2919572819241156,19.77227274173156,0.2023954048838978,0.275960439666796,0.3565728674457906,3.37472709857438,4.595625684154457,4.116995067334193
sub-11759,1,alpha,11.6,m,ASD,64,62.998046875,0.290677196389749,0.2676892202523764,18.312663372554194,0.1513935553668162,0.2524815386029096,0.3363962038503912,3.424499392065337,9.06693257523992,4.127785176102467
sub-11759,1,beta,11.6,m,ASD,64,62.998046875,0.2328119736595966,0.1940238732761612,14.667154340554587,0.2385854112185881,0.1967663115011333,0.277951242840265,4.407010432031475,4.7532352207112565,4.1074831918202985
sub-11759,1,gamma,11.6,m,ASD,64,62.998046875,0.1975941055742089,0.1546109233111192,12.448428651175163,0.2510745862440103,0.1642196154057878,0.2424743628569339,5.079506326346304,4.890185432957895,4.103626805469874
sub-11776,1,theta,11.1,m,ASD,64,62.998046875,0.2938195092222411,0.2685033127766368,18.510629081001188,0.1453079176064879,0.2498284892022394,0.3478062794128028,3.2865843080892256,11.836472882847811,4.129134312744042
sub-11776,1,alpha,11.1,m,ASD,64,62.998046875,0.3292400121107837,0.3040236443035954,20.74212076297937,0.1374570971437439,0.289385671204559,0.3765780678361427,3.018095759509516,13.36358528292596,4.130642964161616
sub-11776,1,beta,11.1,m,ASD,64,62.998046875,0.2362763258674364,0.2183228694282622,14.885408529648496,0.1117917544562532,0.2005156050136784,0.2824726535614674,4.032399433115663,10.280168069307948,4.133238370522927
sub-11776,1,gamma,11.1,m,ASD,64,62.998046875,0.1916553181008113,0.1701687474897197,12.074285040351114,0.1863856130134739,0.1627475640403116,0.2296273679840143,5.071417933279942,5.572727327065683,4.121039839033634
sub-11776,2,theta,11.1,m,ASD,64,125.998046875,0.2843111720056775,0.2622664848980798,17.911603836357685,0.0936730484954797,0.2397510906948109,0.3385784348825891,3.3564192633386805,12.122801080758675,4.135184241217316
sub-11776,2,alpha,11.1,m,ASD,64,125.998046875,0.3245885650919688,0.304887059069695,20.44907960079404,0.1434090263640511,0.2809550783294832,0.3757181407373469,3.030793026224518,11.785346790636655,4.129397253521654
sub-11776,2,beta,11.1,m,ASD,64,125.998046875,0.2413186626817397,0.2291153005404924,15.203075748949605,0.0973370221282729,0.203684094322133,0.2875398789378327,3.9536667355487305,10.593452935346283,4.13477257527949
sub-11776,2,gamma,11.1,m,ASD,64,125.998046875,0.1900749048206093,0.1733263974382129,11.97471900369839,0.1546506800898342,0.1598878064028455,0.2289942471143339,5.026674075257395,5.653119076436262,4.126820775771521
sub-11776,3,theta,11.1,m,ASD,64,125.998046875,0.3010041917956434,0.2775683308147369,18.963264083125537,0.0993793541573614,0.2614995696016133,0.349875406716169,3.2450126562175177,12.920759812925388,4.135107912131102
sub-11776,3,alpha,11.1,m,ASD,64,125.998046875,0.3101448240576295,0.2909818203555637,19.53912391563066,0.1332894044502013,0.2662458697079585,0.3617205008346969,3.1398757836171045,11.748209408471158,4.1308002792589615
sub-11776,3,beta,11.1,m,ASD,64,125.998046875,0.2411664753233618,0.2277849783966496,15.193487945371793,0.0834992604299613,0.2043162585188479,0.2872738417163588,3.951735230912711,10.839468500842443,4.136050285997025
sub-11776,3,gamma,11.1,m,ASD,64,125.998046875,0.2018668254394295,0.1862398333041134,12.71761000268406,0.1332816233510019,0.1711870398817739,0.2406655861264384,4.742657922005827,7.0573441191195165,4.130531247082255
sub-11776,4,theta,11.1,m,ASD,64,125.998046875,0.2929407096766633,0.2713331267666545,18.455264709629784,0.1058726210851318,0.2510464680117639,0.3441275343294402,3.3020134362843248,12.741292163890265,4.134290855730779
sub-11776,4,alpha,11.1,m,ASD,64,125.998046875,0.326824208375794,0.30505441888786,20.589925127675027,0.1540908282439479,0.283260970243964,0.3764732367591579,3.036524198379824,11.310282411577218,4.127685585990843
sub-11776,4,beta,11.1,m,ASD,64,125.998046875,0.243598091691421,0.2283118436368739,15.346679776559526,0.0868847972626632,0.2074239096182523,0.2892394014849337,3.92830913352198,10.686206285012965,4.13582592319241
sub-11776,4,gamma,11.1,m,ASD,64,125.998046875,0.1971765099336086,0.1856366761238163,12.422120125817342,0.1408791934424006,0.1675745723717396,0.2347874029623407,4.867639859601932,5.2382420905080895,4.129076855137801
sub-11776,5,theta,11.1,m,ASD,64,124.998046875,0.2930093214823724,0.2739839405609399,18.45958725338946,0.1101956354631112,0.2499780568632424,0.3449473497513041,3.292766423317642,12.509740349606243,4.133772970749665
sub-11776,5,alpha,11.1,m,ASD,64,124.998046875,0.3234491601511809,0.3048236252780506,20.377297089524404,0.1503563001920832,0.2840316105477457,0.3684330393134268,3.093869556515369,12.418898518259097,4.128616747601313
sub-11776,5,beta,11.1,m,ASD,64,124.998046875,0.2296528719003729,0.2144077513218243,14.468130929723491,0.103395664859844,0.1941190732730527,0.274470135045178,4.152018132693902,9.970213101163155,4.134067124974369
sub-11776,5,gamma,11.1,m,ASD,64,124.998046875,0.1724846786621654,0.1538183656609286,10.866534755716424,0.1817915722263024,0.1447404088952195,0.2100410958756766,5.537129400635303,5.224872081939454,4.12190309289994
sub-11776,6,theta,11.1,m,ASD,64,62.998046875,0.2949870876542957,0.2721158680610636,18.58418652222064,0.11711135645928,0.2503057449466432,0.3481888664788001,3.266998743942213,12.300064730180871,4.132918723898847
sub-11776,6,alpha,11.1,m,ASD,64,62.998046875,0.3323766043795589,0.307375626025296,20.93972607591221,0.1480894773384606,0.2900242732334916,0.3807446551876722,3.0056741941153184,12.241968666096026,4.128807220618898
sub-11776,6,beta,11.1,m,ASD,64,62.998046875,0.2375819867796839,0.2224442400231893,14.967665167120089,0.1016097759450462,0.201769007908917,0.2831414597339021,4.016791157317715,10.06350951108938,4.134310637131462
sub-11776,6,gamma,11.1,m,ASD,64,62.998046875,0.1835649806581421,0.1640917743816032,11.564593781462955,0.1869522069426924,0.1552513593862015,0.2217481122325953,5.238925777307446,5.162235029734831,4.120324036038533
sub-11777,1,theta,12.5,m,ASD,64,62.998046875,0.3090588039403785,0.2861254643108312,19.47070464824385,0.154808987259225,0.2699755790622036,0.3557728629952835,3.2074858097905232,12.201714076328743,4.128089137093186
sub-11777,1,alpha,12.5,m,ASD,64,62.998046875,0.3497012905164295,0.3360287226478927,22.03118130253506,0.1866188462693191,0.3150841791754556,0.3875071394711687,2.936763084674652,11.60847252038788,4.122731165619232
sub-11777,1,beta,12.5,m,ASD,64,62.998046875,0.2363858007659447,0.2045727554269783,14.892305448254518,0.1820400658521161,0.2011623481402133,0.2827745094506742,4.12027898316824,6.392428939611692,4.121813587261865
sub-11777,1,gamma,12.5,m,ASD,64,62.998046875,0.1844918195167765,0.142290515155338,11.62298462955692,0.2826211069425656,0.154190546944692,0.227101881824167,5.439121078877097,5.496628779066988,4.096542998281234
sub-11777,2,theta,12.5,m,ASD,64,62.998046875,0.3101290899516092,0.2903275537806243,19.53813266695138,0.1452936561784818,0.2711662942470895,0.3576211021763522,3.1798139754940244,12.480151863854728,4.12955861130581
sub-11777,2,alpha,12.5,m,ASD,64,62.998046875,0.4267932625234877,0.4208833717232847,26.887975538979724,0.1745891466523339,0.3929708423018007,0.4547087690038693,2.508339295572682,15.724448483326295,4.125605374764398
sub-11777,2,beta,12.5,m,ASD,64,62.998046875,0.2697682080393281,0.2487024004685528,16.995397106477675,0.1319354257356499,0.2315780386418792,0.3163570403336341,3.617953676100396,8.754440242373725,4.130674134626047
sub-11777,2,gamma,12.5,m,ASD,64,62.998046875,0.2420585690930295,0.2143933323249862,15.249689852860865,0.2312550791500101,0.2114993516596552,0.2817498913539192,4.145639046629537,5.6486613583809255,4.110941191776507
sub-11777,3,theta,12.5,m,ASD,64,62.998046875,0.3098049809716995,0.2881119454890413,19.51771380121708,0.1333923743054053,0.2712978003645998,0.3569462193356041,3.175059653177561,12.929434276512948,4.131275305699747
sub-11777,3,alpha,12.5,m,ASD,64,62.998046875,0.3767752296590312,0.3648291970086699,23.73683946851897,0.1470850636498084,0.3397202553240727,0.4128310827508376,2.753833065503048,14.651711833560965,4.129671194873718
sub-11777,3,beta,12.5,m,ASD,64,62.998046875,0.2720505132809143,0.248707927166413,17.1391823366976,0.1355095742635835,0.2363048036618309,0.3149426268186552,3.635137912435342,10.600326807304134,4.130488470063963
sub-11777,3,gamma,12.5,m,ASD,64,62.998046875,0.2336754511214633,0.2064361600745031,14.721553420652192,0.2291192682033278,0.2045698684809926,0.2725362190167426,4.300713294198055,5.718742894801326,4.111431039855105
sub-11777,4,theta,12.5,m,ASD,64,61.998046875,0.2966693639004487,0.2768728320242817,18.69016992572827,0.1062074333614706,0.2558767297556321,0.3462426908905498,3.277168753355211,12.592190323725433,4.134326863051749
sub-11777,4,alpha,12.5,m,ASD,64,61.998046875,0.371334184162361,0.3576030030921021,23.394053602228748,0.1650895258051883,0.3353468586350777,0.4073553237705224,2.798599988710164,12.74110062143637,4.126839062534072
sub-11777,4,beta,12.5,m,ASD,64,61.998046875,0.2517670375513696,0.2246674751097573,15.861323365736286,0.1928669179302617,0.2148407902348625,0.2987605819623967,3.898004034431264,5.858197348191003,4.119302276637264
sub-11777,4,gamma,12.5,m,ASD,64,61.998046875,0.196181573638032,0.1564336579780891,12.359439139196018,0.2595826006121718,0.1659270545460365,0.2397741148820458,5.039279230726588,5.87383227648417,4.1035379206680345
sub-11777,5,theta,12.5,m,ASD,64,62.998046875,0.2981133877240193,0.2809445205439584,18.781143426613216,0.1263229190413796,0.2551423681571232,0.3498705871206022,3.2439145409201755,12.33631266632716,4.131891454308489
sub-11777,5,alpha,12.5,m,ASD,64,62.998046875,0.3916134990008483,0.3904810223876581,24.67165043705345,0.202178292985945,0.3501179366724158,0.4356856088414453,2.6203305045250325,14.084700003067626,4.119408418098002
sub-11777,5,beta,12.5,m,ASD,64,62.998046875,0.2283616029654929,0.2039594671806875,14.386780986826054,0.1899413242278907,0.1938009089001388,0.2744876612475357,4.259257728517684,5.352072561809775,4.11979815367881
sub-11777,5,gamma,12.5,m,ASD,64,62.998046875,0.1770218815917126,0.1376121625512712,11.152378540277896,0.2848328778566176,0.1468616860590647,0.2224444131965409,5.521012093287838,4.902396241285778,4.095975414734496
sub-11777,6,theta,12.5,m,ASD,64,62.998046875,0.3009156641823821,0.283565542974739,18.95768684349008,0.1168776424355096,0.2568584482819261,0.3537950509591633,3.201332593130701,13.073261322476458,4.133085929403413
sub-11777,6,alpha,12.5,m,ASD,64,62.998046875,0.383711389291649,0.3742448316588539,24.17381752537389,0.1938677373114493,0.3424178616642694,0.4266434948279946,2.6817618982074505,14.290353730011088,4.121419340890963
sub-11777,6,beta,12.5,m,ASD,64,62.998046875,0.2739600456422882,0.2529527016682357,17.259482875464162,0.1136172042074448,0.2383924173603652,0.3174836675132391,3.595405896706915,11.021290794087752,4.133310043369677
sub-11777,6,gamma,12.5,m,ASD,64,62.998046875,0.2020916984629386,0.1751007798865708,12.731777003165131,0.2536712418170129,0.1727612790095422,0.2418283624177747,4.920522177084871,5.304535265146232,4.105075433726356
sub-11791,1,theta,9.3,m,ASD,64,62.998046875,0.299543069761171,0.2782633105907406,18.871213394953777,0.1406768631965212,0.2599561989637939,0.3474612350294129,3.278371904190485,12.743464643879715,4.130147512997065
sub-11791,1,alpha,9.3,m,ASD,64,62.998046875,0.3161030025601021,0.294963789305893,19.91448916128644,0.1728078237177592,0.2783449487303026,0.3588548621228744,3.199393172680116,10.68060390937025,4.125010853591968
sub-11791,1,beta,9.3,m,ASD,64,62.998046875,0.236540329179427,0.2095720425976709,14.902040738303905,0.1789456880576289,0.2010915119544669,0.2829419057620076,4.101436607729951,6.233888519157279,4.12273285198991
sub-11791,1,gamma,9.3,m,ASD,64,62.998046875,0.2122990531957356,0.1858553573289518,13.374840351331349,0.2021624748368032,0.1813573527740231,0.255844843851515,4.524109164857647,5.911665047799338,4.117886228490479
sub-11791,2,theta,9.3,m,ASD,64,62.998046875,0.3003648052023518,0.2759873863785166,18.92298272774817,0.1593084965927053,0.2615268375277598,0.3471563057159582,3.295228513187659,11.976343804813435,4.127337965652773
sub-11791,2,alpha,9.3,m,ASD,64,62.998046875,0.3135515876937252,0.2977111055175696,19.753750024704686,0.1633805335440184,0.2729912451442804,0.3607765009780702,3.154343579640648,11.683176782674732,4.126597467440337
sub-11791,2,beta,9.3,m,ASD,64,62.998046875,0.2237469853277717,0.197559418416442,14.09606007564962,0.1581742311487211,0.1882197853498013,0.2712109819414803,4.283044362932847,6.746912780736656,4.126100568249805
sub-11791,2,gamma,9.3,m,ASD,64,62.998046875,0.1974360010349941,0.1557084014443157,12.438468065204631,0.2236884141498623,0.1635571728548719,0.2446517555078354,4.866355774681415,4.881913153343049,4.112349093476462
sub-11791,3,theta,9.3,m,ASD,64,61.998046875,0.3078250195643824,0.2871521234045682,19.39297623255609,0.1634886522213761,0.2672676624581334,0.356407309099941,3.2033581764769417,12.250228325398773,4.126692979010983
sub-11791,3,alpha,9.3,m,ASD,64,61.998046875,0.3359568621869685,0.3194623410051415,21.165282317779017,0.1807358932330485,0.2956964645061384,0.3803687103670969,3.0143266355188687,11.801591076372803,4.123514673406661
sub-11791,3,beta,9.3,m,ASD,64,61.998046875,0.2349175072282765,0.213552957988972,14.799802955381418,0.1750817415773999,0.1991276724096016,0.2806026386883245,4.119215673880551,7.699755147547306,4.123848966362546
sub-11791,3,gamma,9.3,m,ASD,64,61.998046875,0.1769973250006008,0.1468993090913423,11.150831475037853,0.2446468264185645,0.1496941775746214,0.2178727584211522,5.460338889081807,5.007722548843336,4.108176571240288
sub-11791,4,theta,9.3,m,ASD,64,62.998046875,0.2907284106326489,0.2671072411801911,18.31588986985688,0.1227965526507886,0.2524706871543318,0.3382116615197068,3.3679565561858262,12.26482205026134,4.132417838800757
sub-11791,4,alpha,9.3,m,ASD,64,62.998046875,0.2996805203420213,0.2811500592003971,18.87987278154735,0.1728562567655567,0.2605016605846493,0.3467630975912588,3.292472776543526,10.57299768594031,4.124815942236373
sub-11791,4,beta,9.3,m,ASD,64,62.998046875,0.2014841721335543,0.1721895032744599,12.693502844413928,0.1786197498790185,0.1693838027154409,0.2460543207682675,4.792576637798654,6.381075989392993,4.12224803982268
sub-11791,4,gamma,9.3,m,ASD,64,62.998046875,0.1771318005429107,0.1314190907541018,11.159303434203371,0.239665643112526,0.1453405494021896,0.2236978141086834,5.467706127266795,5.21994948663622,4.107661740334842
sub-11791,5,theta,9.3,m,ASD,64,62.998046875,0.3137834967670218,0.2867482368648834,19.76836029632237,0.1781384319922788,0.2742142551388776,0.360205303843173,3.1891618131673822,12.181658181299277,4.124107762329512
sub-11791,5,alpha,9.3,m,ASD,64,62.998046875,0.2835466589541227,0.2612054406981537,17.863439514109732,0.1607944336355107,0.2459449586513429,0.3299432824890615,3.4718153180862625,11.287746254588816,4.126916482270534
sub-11791,5,beta,9.3,m,ASD,64,62.998046875,0.2352306208403004,0.2118057064760869,14.819529112938929,0.1705004913624019,0.199199145917253,0.280710840531007,4.119926054867442,6.999207942750891,4.1244948675066775
sub-11791,5,gamma,9.3,m,ASD,64,62.998046875,0.2054281095516525,0.1782295745401435,12.94197090175411,0.2246121880537219,0.1721639459623271,0.2524282942268431,4.617345597366614,4.592323117269144,4.112493116132454
sub-11791,6,theta,9.3,m,ASD,64,61.998046875,0.3030280969322306,0.2802009524136383,19.09077010673053,0.1684511674990085,0.2658314303291113,0.348530362992502,3.279637193395387,12.264724948198936,4.125996656628258
sub-11791,6,alpha,9.3,m,ASD,64,61.998046875,0.2997060181748728,0.2785767034209979,18.88147914501699,0.1681650541155303,0.2599011519264798,0.3470072866011293,3.2949823644572347,11.930032104265075,4.125810173112198
sub-11791,6,beta,9.3,m,ASD,64,61.998046875,0.2215068592288502,0.1936950640142151,13.954932131417568,0.1914186147891484,0.1865623046383649,0.2680426230559116,4.353408938504855,6.00295672563754,4.119973720230202
sub-11791,6,gamma,9.3,m,ASD,64,61.998046875,0.1913152375695736,0.154675727823551,12.05285996688314,0.2525016412083359,0.1598111175205896,0.2375176135124834,5.027246457733999,4.683115540144328,4.1056127728264205
sub-11831,1,theta,8.0,f,ASD,64,62.998046875,0.3237809834351324,0.2936536809732113,20.398201956413345,0.2027155386550538,0.2800773613429532,0.3727654232314255,3.0989550708902165,12.02056758202684,4.119340108296377
sub-11831,1,alpha,8.0,f,ASD,64,62.998046875,0.347103381137827,0.325578195930916,21.8675130116831,0.1671461022754409,0.3085855886535684,0.3875930552313129,2.963991491620006,13.685497372032684,4.126187205940052
sub-11831,1,beta,8.0,f,ASD,64,62.998046875,0.2483212953877211,0.2194512881975526,15.644241609426436,0.2420161901840476,0.2117589963846839,0.2937956703454305,3.999196039003764,7.849169785519444,4.110304039814502
sub-11831,1,gamma,8.0,f,ASD,64,62.998046875,0.1734282450092774,0.1313784933132726,10.925979435584477,0.3007854575642188,0.1430781455047333,0.2158670841812196,5.718960094852739,4.807251389197071,4.092409792538337
sub-11831,2,theta,8.0,f,ASD,64,62.998046875,0.3274284823362251,0.3094463873141208,20.627994387182184,0.1943091753227634,0.2817989459399614,0.3782200187636558,3.049186462952369,12.165630164165668,4.120888224034958
sub-11831,2,alpha,8.0,f,ASD,64,62.998046875,0.3544074019272335,0.3271858957916237,22.32766632141571,0.2002526071487806,0.3177055181744451,0.3934120763438462,2.939673835983404,11.955931066326476,4.119913615990012
sub-11831,2,beta,8.0,f,ASD,64,62.998046875,0.2493053943928845,0.2189220076409986,15.706239846751728,0.2198467123322029,0.2118922680020993,0.2965654676047593,3.937094523149196,8.103764508598825,4.115359107291223
sub-11831,2,gamma,8.0,f,ASD,64,62.998046875,0.1855519030183828,0.1404057201710681,11.689769890158116,0.2872510750203236,0.152130819509358,0.2300205140490264,5.360242264589738,4.421119062181591,4.096050473034793
sub-11831,3,theta,8.0,f,ASD,64,62.998046875,0.3405224796088122,0.3179788331222252,21.45291621535517,0.1968028747886171,0.2966287180289908,0.3897189140708849,2.9566234349010467,13.174394008334874,4.120676113984045
sub-11831,3,alpha,8.0,f,ASD,64,62.998046875,0.372049889120968,0.3522633487421971,23.43914301462098,0.1915940427452323,0.3348797864805767,0.4080698978836709,2.832710751696072,13.285593443732198,4.12192581104909
sub-11831,3,beta,8.0,f,ASD,64,62.998046875,0.3108503164334497,0.2880878481801471,19.58356993530733,0.2382462370724727,0.2721818635106288,0.3522376548160817,3.3238853642490787,10.563430000714863,4.111195184098457
sub-11831,3,gamma,8.0,f,ASD,64,62.998046875,0.2069744237519827,0.173856223584391,13.039388696374916,0.2784921617625414,0.1727912991561731,0.2491073458772178,4.8394624625795535,6.491628258447342,4.100148662663963
sub-11831,4,theta,8.0,f,ASD,64,62.998046875,0.3541423009730753,0.3315340997034416,22.310964961303743,0.218617751922826,0.3072727225905542,0.4039224502444921,2.8747964352139315,12.104452130609852,4.115656345722752
sub-11831,4,alpha,8.0,f,ASD,64,62.998046875,0.3470973461141942,0.3212676178111879,21.86713280519423,0.1675438541153595,0.3064537585024686,0.3902337707999067,2.944060118257797,12.6222167615372,4.125855064187837
sub-11831,4,beta,8.0,f,ASD,64,62.998046875,0.2672976996137033,0.2395168612973868,16.83975507566331,0.2442918351735558,0.2276191292887859,0.3135167511705515,3.750268235978457,8.126624629776252,4.109352677696808
sub-11831,4,gamma,8.0,f,ASD,64,62.998046875,0.194746277874559,0.1554279659012687,12.26901550609722,0.2784667078263913,0.162084168546021,0.2381536048770959,5.133297057293283,4.86903910235818,4.099296046477554
sub-11831,5,theta,8.0,f,ASD,64,61.998046875,0.3459059478053172,0.3179406827646093,21.792074711734983,0.199020831498051,0.2999315841304762,0.3959185631840795,2.925403291900431,13.20147917352589,4.119974994736467
sub-11831,5,alpha,8.0,f,ASD,64,61.998046875,0.3710208181501528,0.3487810267080066,23.37431154345963,0.1660030820722855,0.3323134933527394,0.4100430555649347,2.795859028529183,14.70838226187922,4.126569261445121
sub-11831,5,beta,8.0,f,ASD,64,61.998046875,0.2852323335375029,0.2634116172004601,17.969637012862684,0.2092955431106857,0.2433024064177938,0.3326621971024521,3.4859294820554982,9.459738201538377,4.1177386779672345
sub-11831,5,gamma,8.0,f,ASD,64,61.998046875,0.18285509690715,0.1435306815117342,11.519871105150449,0.3015791461984864,0.151172877167203,0.2255236718647369,5.446831151722813,4.645816006673773,4.0928063613388215
sub-11831,6,theta,8.0,f,ASD,64,62.998046875,0.3338238306958843,0.3143385685672799,21.03090133384071,0.20507342282745,0.2913326353665574,0.3809425459943681,3.0310094790347666,11.786588028387555,4.118679780540947
sub-11831,6,alpha,8.0,f,ASD,64,62.998046875,0.3841896525028695,0.3592563641065595,24.20394810768078,0.1798163759656502,0.3475189431229328,0.418624763299261,2.755494425644234,14.76935147897712,4.124466051471365
sub-11831,6,beta,8.0,f,ASD,64,62.998046875,0.2687138784760747,0.2441072006335872,16.928974343992707,0.2115906543483224,0.2313765299958251,0.3142649013882519,3.6906799022916026,9.40741003356235,4.117312696678707
sub-11831,6,gamma,8.0,f,ASD,64,62.998046875,0.1898893793992997,0.1507397464752976,11.963030902155882,0.268011518601866,0.1574303486104147,0.2332320567430899,5.19881628861636,5.773867875494932,4.102356460613442
sub-11847,1,theta,8.3,m,ASD,64,61.998046875,0.3153198215236374,0.2981516730046657,19.86514875598916,0.1863486103558918,0.2770475885551412,0.3612694391179586,3.162349699013596,12.193447962373677,4.122784109036325
sub-11847,1,alpha,8.3,m,ASD,64,61.998046875,0.2556981983289987,0.2351867650684452,16.10898649472692,0.1658312744521317,0.220191483763,0.3010932114840739,3.804178745298867,9.01799649464004,4.125909122219659
sub-11847,1,beta,8.3,m,ASD,64,61.998046875,0.2086294389439399,0.1809480726894851,13.143654653468218,0.2158712025676466,0.1757896778712575,0.2540473729882392,4.646337396996842,5.508334457196391,4.114021218680281
sub-11847,1,gamma,8.3,m,ASD,64,61.998046875,0.1911227885439935,0.1652408927323624,12.040735678271592,0.1933775430018403,0.15959115503446,0.236763535391168,4.971880288074218,4.534015994859476,4.118102915707484
sub-11847,2,theta,8.3,m,ASD,64,62.998046875,0.302592902789351,0.2855330128871521,19.06335287572912,0.1877510337523409,0.2631277835763673,0.3495946150090127,3.2862323597796967,10.740197521986156,4.121971711995648
sub-11847,2,alpha,8.3,m,ASD,64,62.998046875,0.2649143965178966,0.249865035318015,16.689606980627488,0.1554681542660692,0.2295632457246985,0.3093335161378028,3.6915101498842384,9.307685256940353,4.127566444899232
sub-11847,2,beta,8.3,m,ASD,64,62.998046875,0.2164555429615317,0.1889163815030196,13.636699206576498,0.2015212145700775,0.18318160288244,0.2606571748364872,4.509654060556729,6.417080515592509,4.117449222138049
sub-11847,2,gamma,8.3,m,ASD,64,62.998046875,0.2127434310759561,0.1850031525652694,13.402836157785238,0.2199598984920327,0.1789303764560591,0.2563383134832868,4.65293892123062,5.259560074088663,4.11292129172011
sub-11847,3,theta,8.3,m,ASD,64,62.998046875,0.3147594735190337,0.2928167224186075,19.82984683169912,0.2088568320542718,0.2782775815424039,0.358255669812172,3.2177121541618003,10.00185495360823,4.117834162000424
sub-11847,3,alpha,8.3,m,ASD,64,62.998046875,0.2557944907888863,0.2322145013957299,16.115052919699835,0.1784774192552505,0.2200289023564437,0.3006078436252098,3.8306829678580128,8.554915216459044,4.123386056184998
sub-11847,3,beta,8.3,m,ASD,64,62.998046875,0.215953140055478,0.1840962676046312,13.605047823495116,0.2392954537179868,0.1811192934845836,0.2610718679885403,4.6084250026839655,5.026634027381041,4.107986205459696
sub-11847,3,gamma,8.3,m,ASD,64,62.998046875,0.2062952985053125,0.1731856584236678,12.996603805834692,0.2356773463377115,0.172977812423123,0.2492127257987142,4.868033899416096,5.074673446267337,4.1084816184609805
sub-11847,4,theta,8.3,m,ASD,64,62.998046875,0.2934603775020855,0.271716667375999,18.488003782631388,0.1884936522611315,0.2558280095957539,0.3389486127961775,3.389010758879876,10.281229274764698,4.121894128508965
sub-11847,4,alpha,8.3,m,ASD,64,62.998046875,0.2648620507599235,0.2413356843677541,16.686309197875183,0.1866001309167482,0.2292746557281737,0.3086994817134552,3.735384261450253,9.109703207619315,4.122052667860517
sub-11847,4,beta,8.3,m,ASD,64,62.998046875,0.2240819792723979,0.1993760066272051,14.117164694161067,0.2124247391719331,0.1911314644448002,0.2664517250208599,4.394648886745573,6.990067430604617,4.115749910332046
sub-11847,4,gamma,8.3,m,ASD,64,62.998046875,0.2073782382600472,0.1789077130953716,13.06482901038298,0.214614660227984,0.1755167382870058,0.2485712949701256,4.771754310802707,6.058830176811724,4.114549220225192
sub-11847,5,theta,8.3,m,ASD,64,62.998046875,0.3023912296798315,0.276443056042332,19.050647469829386,0.1920529484175904,0.2651087067457801,0.3476258244080036,3.308287326613907,10.569761941840582,4.121432512992424
sub-11847,5,alpha,8.3,m,ASD,64,62.998046875,0.26662085554803,0.2438486079605282,16.79711389952589,0.1787071383821095,0.2306662474248651,0.3122842903839782,3.6756413567647934,9.95048716292806,4.123735951701953
sub-11847,5,beta,8.3,m,ASD,64,62.998046875,0.2202564165945457,0.1882209120421509,13.876154245456384,0.2640878018215367,0.1862492510316629,0.2653992326084101,4.536597710954119,5.518301632024704,4.101259729690538
sub-11847,5,gamma,8.3,m,ASD,64,62.998046875,0.1831663468033524,0.1463246880980105,11.539479848611204,0.2948654624693096,0.1540894483479356,0.2247735067547464,5.482818359016953,4.01892710085211,4.092194471889972
sub-11847,6,theta,8.3,m,ASD,64,62.998046875,0.2914925518922027,0.2672107794108085,18.36403076920877,0.2014272289291049,0.2524899641186,0.3381388274908761,3.4206672433453265,9.632068737455368,4.119020205136089
sub-11847,6,alpha,8.3,m,ASD,64,62.998046875,0.2657777619559612,0.2430248635299629,16.74399900322556,0.1924895571096472,0.2313320338964881,0.308591481178788,3.7462102132376094,8.948303994141124,4.120958795027139
sub-11847,6,beta,8.3,m,ASD,64,62.998046875,0.2086577221153468,0.1769833294531493,13.145436493266848,0.2433805962484449,0.1754626656570925,0.253496156562202,4.753027258316907,5.234336907451829,4.106964631648328
sub-11847,6,gamma,8.3,m,ASD,64,62.998046875,0.1956859611860972,0.1598570418155217,12.328215554724125,0.2555282188527982,0.162951775968715,0.2409759201955691,5.040646375071308,5.267652420534603,4.104362440340794
sub-11868,1,theta,10.1,m,ASD,64,62.998046875,0.2519186764170003,0.223664072366477,15.870876614271015,0.1509280345019794,0.2179225622240213,0.2972768262143396,3.850616000483469,9.528662663920256,4.128193301771511
sub-11868,1,alpha,10.1,m,ASD,64,62.998046875,0.3154734879277622,0.2910249301996671,19.87482973944902,0.1858206790888023,0.2815516552492713,0.3564715273628681,3.202070272039533,12.286026755766866,4.122902618359587
sub-11868,1,beta,10.1,m,ASD,64,62.998046875,0.2038506584146285,0.1816029508530732,12.842591480121598,0.1227009070494574,0.1732920072369905,0.2453307620638194,4.696867400824452,8.758550593128371,4.131587646894187
sub-11868,1,gamma,10.1,m,ASD,64,62.998046875,0.1786677625222814,0.1464543085447726,11.256069038903732,0.2006783636649177,0.1502479492189053,0.2190722199218513,5.4038180450082,6.500676095989287,4.118287769046353
sub-11868,2,theta,10.1,m,ASD,64,62.998046875,0.2609479046902169,0.2380374935800844,16.43971799548367,0.1324203255139892,0.2261423333453571,0.3065345660158334,3.715218954293287,10.854532552617467,4.131048950402881
sub-11868,2,alpha,10.1,m,ASD,64,62.998046875,0.4017570914921003,0.3988097987498238,25.310696764002323,0.2064802410771515,0.3703291931043564,0.4323685698751564,2.639861255521564,12.39314748539896,4.118568289757132
sub-11868,2,beta,10.1,m,ASD,64,62.998046875,0.2303597807894072,0.2142460744867532,14.51266618973266,0.1051169393240757,0.1979206667587062,0.2722271992979622,4.189819057182633,9.34229698537275,4.133943682056747
sub-11868,2,gamma,10.1,m,ASD,64,62.998046875,0.1949293015293623,0.1777126517502209,12.280545996349826,0.1319903985655093,0.1656618732943544,0.2336499766644482,4.913209074395078,8.126428141338552,4.1305678149326335
sub-11868,3,theta,10.1,m,ASD,64,62.998046875,0.2575341331370013,0.233178977827837,16.224650387631087,0.1269811901909948,0.2228130755783176,0.3041405077532332,3.742953444053013,10.462620801172958,4.131673625586885
sub-11868,3,alpha,10.1,m,ASD,64,62.998046875,0.3144907279541353,0.3000770318085342,19.812915861110525,0.1692647528496645,0.2793718915147762,0.3562833467732835,3.185768801079642,11.969002310817482,4.125756733642632
sub-11868,3,beta,10.1,m,ASD,64,62.998046875,0.2029074285410552,0.1801070969024628,12.78316799808648,0.1529463330719961,0.1720859561788165,0.2458973416926234,4.7176836597972605,7.613014276626331,4.126984642204478
sub-11868,3,gamma,10.1,m,ASD,64,62.998046875,0.1642078865699508,0.1352138528158199,10.345096853906904,0.1976549939324979,0.136705232693983,0.204472674672934,5.8222305330559205,5.897918073616281,4.118173447357768
sub-11868,4,theta,10.1,m,ASD,64,61.998046875,0.2675339580327329,0.2435545909002949,16.85463935606217,0.157670441540327,0.2301762953601357,0.3147352311057392,3.6357645814254136,10.732660026168798,4.12733185777155
sub-11868,4,alpha,10.1,m,ASD,64,61.998046875,0.2943280038414901,0.2794035205998152,18.54266424201388,0.126898848057735,0.2599394292417354,0.3353480528836934,3.3757368897803004,12.357090511030318,4.132220957428353
sub-11868,4,beta,10.1,m,ASD,64,61.998046875,0.2050500437438151,0.1855499420718886,12.918152755860351,0.1210896579097525,0.174331433834547,0.2467855262623869,4.655764632185672,8.849415047724277,4.131877395128008
sub-11868,4,gamma,10.1,m,ASD,64,61.998046875,0.1775825708486393,0.1518769294059664,11.187701963464278,0.1695031730480403,0.1480772802592357,0.2188732251569492,5.3317266067006335,6.825162246918266,4.124186098611521
sub-11868,5,theta,10.1,m,ASD,64,62.998046875,0.2612500016010006,0.2363421932648242,16.45875010086304,0.1300925332450681,0.2251064192647039,0.3077006703840031,3.700565404689724,10.293124297497544,4.131221099358622
sub-11868,5,alpha,10.1,m,ASD,64,62.998046875,0.3208117388007661,0.302633474671005,20.211139544448265,0.1780951507796567,0.2859963065508688,0.3609462272851685,3.149987422313669,11.622688029545577,4.124628165275143
sub-11868,5,beta,10.1,m,ASD,64,62.998046875,0.1921885560239117,0.1642682466221142,12.107879029506435,0.1358099947124952,0.161430892676023,0.2344051989186454,5.005677433879971,7.9305899434843425,4.129301153089617
sub-11868,5,gamma,10.1,m,ASD,64,62.998046875,0.1661981772875956,0.1189675294229242,10.470485169118524,0.232482831179562,0.1352683065368165,0.2105090153656821,5.844243358771938,5.37114442523095,4.109510647010177
sub-11868,6,theta,10.1,m,ASD,64,62.998046875,0.2500286202930902,0.2249413989153738,15.75180307846468,0.1178979824807905,0.2165329978142302,0.2953328211121828,3.852929851993331,10.68006471578654,4.132810242421203
sub-11868,6,alpha,10.1,m,ASD,64,62.998046875,0.343457041426682,0.3358761970700814,21.63779360988097,0.187045263895985,0.3105106236816602,0.3796111485876048,2.9858869153785603,11.369719846908028,4.122771564580253
sub-11868,6,beta,10.1,m,ASD,64,62.998046875,0.1947228452110304,0.1480975177854538,12.267539248294918,0.1800542893555331,0.1625129735039291,0.2390422707961773,5.044351172155308,7.183492310273317,4.1214804064818
sub-11868,6,gamma,10.1,m,ASD,64,62.998046875,0.2275498538780196,0.1875102308438221,14.33564079431524,0.2951056048900838,0.1993539635941533,0.2576670191895702,4.8362298756307815,4.54855853552178,4.092007726814323
sub-11876,1,theta,10.6,m,ASD,64,62.998046875,0.2927955599019131,0.2664180509889006,18.44612027382053,0.1693236608655558,0.2581122350346054,0.3358694424922607,3.4152635816008896,10.757907453117967,4.125376482085593
sub-11876,1,alpha,10.6,m,ASD,64,62.998046875,0.3495545095602763,0.3313400004891845,22.021934102297408,0.1624386962193168,0.316687342246423,0.3842099907174423,2.959704955392077,13.98354373106656,4.127527925398818
sub-11876,1,beta,10.6,m,ASD,64,62.998046875,0.2050822758946529,0.1657259349967869,12.920183381363136,0.2049644132888012,0.1708529982604177,0.2492827999600756,4.858206081592936,5.5349875701906015,4.116138532755518
sub-11876,1,gamma,10.6,m,ASD,64,62.998046875,0.2090351103256212,0.1586439976251178,13.16921195051414,0.2797491265250152,0.1758481206291715,0.2523518758943733,4.982915591394016,4.059969848633354,4.095884619713855
sub-11876,2,theta,10.6,m,ASD,64,124.998046875,0.3052661491222828,0.2798235806077488,19.231767394703816,0.2057138399867367,0.2643115302774185,0.3536088007951641,3.2637641471398395,10.48466280653841,4.118133653979266
sub-11876,2,alpha,10.6,m,ASD,64,124.998046875,0.3536714122640486,0.3361272501726093,22.28129897263506,0.1544372816882852,0.3207412840043407,0.3876005113207626,2.9324299096237234,13.789953584420482,4.1287162704479545
sub-11876,2,beta,10.6,m,ASD,64,124.998046875,0.2138634155430338,0.1801268767706676,13.473395179211128,0.1958102654374113,0.1793542573160289,0.2585870633547037,4.603656379787461,7.507695117983654,4.118878212840023
sub-11876,2,gamma,10.6,m,ASD,64,124.998046875,0.1992896333756766,0.1480401020195421,12.555246902667626,0.2624935106571514,0.1692492278557649,0.2364298683720473,5.409647788372922,3.4113275467536504,4.101087454675032
sub-11876,3,theta,10.6,m,ASD,64,62.998046875,0.3105551273063975,0.2834564444854059,19.564973020303047,0.201225997594895,0.2707150086720703,0.3577201063585967,3.22438505433571,10.320125197927316,4.119156984043335
sub-11876,3,alpha,10.6,m,ASD,64,62.998046875,0.4060918868879317,0.3967817374952659,25.5837888739397,0.1777261075835232,0.3728537928530392,0.4368463304621023,2.6066224948424885,14.01442831820586,4.124617039788652
sub-11876,3,beta,10.6,m,ASD,64,62.998046875,0.2228055988769459,0.1907421730907939,14.036752729247596,0.2016896773157919,0.1872628068343114,0.268207043648636,4.415129443327015,7.732428537316641,4.117990940442804
sub-11876,3,gamma,10.6,m,ASD,64,62.998046875,0.1962281266398558,0.1541773390354144,12.362371978310918,0.2587219068423332,0.1685309251155897,0.2324303268669028,5.371150916730319,3.517006954494537,4.102759927038967
sub-11876,4,theta,10.6,m,ASD,64,62.998046875,0.2973049495702411,0.2723539418685953,18.730211822925188,0.16537842594217,0.260545876004873,0.3428700397601171,3.336118712090784,11.473939262040638,4.126157604564809
sub-11876,4,alpha,10.6,m,ASD,64,62.998046875,0.3806216298439584,0.3708501973910221,23.979162680169384,0.1455622934530271,0.3463847175586581,0.4140241894836935,2.738746685746352,12.956975404849969,4.129910711255502
sub-11876,4,beta,10.6,m,ASD,64,62.998046875,0.2065843920915532,0.1635331441442189,13.014816701767854,0.195940675037215,0.1748047222187413,0.2491283334013145,4.842235498979568,6.594117102799698,4.11845099172294
sub-11876,4,gamma,10.6,m,ASD,64,62.998046875,0.2134785612981651,0.161487906231421,13.449149361784404,0.2957910226136265,0.1823467820869999,0.2491182003597399,5.216554896087381,2.8877490433556154,4.090663066988266
sub-11876,5,theta,10.6,m,ASD,64,61.998046875,0.3055655438296412,0.2840540588107784,19.2506292612674,0.1698099618760428,0.2668075602602521,0.352783461144358,3.2428906855422364,11.600590149609143,4.125436336539012
sub-11876,5,alpha,10.6,m,ASD,64,61.998046875,0.3636205445782441,0.3476681226187343,22.90809430842938,0.153414506028984,0.3265491000874199,0.4023398781116505,2.8282305909171326,13.97026482110716,4.128601034123769
sub-11876,5,beta,10.6,m,ASD,64,61.998046875,0.249757177747782,0.2248074441553395,15.734702198110268,0.1883108836492083,0.2116675161286774,0.2953489314776459,3.942409873722586,8.414859752911573,4.121201657481155
sub-11876,5,gamma,10.6,m,ASD,64,61.998046875,0.2241027483420051,0.1881770718762762,14.118473145546323,0.2710205612659677,0.1928709120134348,0.2618179907657433,4.791212627068406,4.103539845032599,4.098668994016626
sub-11876,6,theta,10.6,m,ASD,64,62.998046875,0.3125868195038004,0.2878276965373799,19.69296962873944,0.1782813849907635,0.2756485913977078,0.3574017955751052,3.205320204839736,11.50447460876764,4.124003656026155
sub-11876,6,alpha,10.6,m,ASD,64,62.998046875,0.3501921833794016,0.3336986053409253,22.062107552902305,0.1564387578080922,0.3149482807924948,0.3881088692427668,2.925966758049896,14.01259171344574,4.128205709934684
sub-11876,6,beta,10.6,m,ASD,64,62.998046875,0.2089461595612165,0.1744960308561895,13.163608052356638,0.2223138826884164,0.1754544534636664,0.2523298344689722,4.768716700099725,6.55158356327569,4.11311455303563
sub-11876,6,gamma,10.6,m,ASD,64,62.998046875,0.1931509954841788,0.1470686844023025,12.168512715503269,0.2905972959356993,0.1641892368692165,0.2314001472981255,5.5119388424823965,3.578679093422945,4.092814815691565
sub-11883,1,theta,10.8,m,ASD,64,62.998046875,0.2690264153646758,0.2361993969008458,16.948664167974577,0.1535084683847023,0.2328867370253185,0.3155066471642972,3.641933384009547,10.33540149488205,4.128004506015806
sub-11883,1,alpha,10.8,m,ASD,64,62.998046875,0.3027027548696875,0.2821530338629692,19.070273556790312,0.1341371120163957,0.2650281223991091,0.3462263731796535,3.3031310203362136,12.320063223351708,4.131085108237605
sub-11883,1,beta,10.8,m,ASD,64,62.998046875,0.211837784274654,0.1949078667333305,13.345780409303202,0.1484729109447621,0.1806933471250255,0.2530130108404887,4.549850433735728,7.882842985850307,4.127888501695483
sub-11883,1,gamma,10.8,m,ASD,64,62.998046875,0.1745791648945739,0.1535245762189256,10.99848738835816,0.2037117225559304,0.1484004681834105,0.2112259906725029,5.528032646796069,4.796528786807832,4.117199970134534
sub-11883,2,theta,10.8,m,ASD,64,62.998046875,0.2562191837298862,0.2292934009163546,16.141808574982832,0.1263011577561361,0.2216186070669752,0.3023145733356607,3.780770945960767,10.375663851610735,4.13172903534946
sub-11883,2,alpha,10.8,m,ASD,64,62.998046875,0.3372987690142231,0.3190328277811713,21.24982244789605,0.1234441843271459,0.3033293460475636,0.3732071161876786,3.039358005491996,14.083257757162242,4.132913114038144
sub-11883,2,beta,10.8,m,ASD,64,62.998046875,0.2162894255547133,0.2014057241193459,13.626233809946942,0.1354065577601577,0.1845404893501864,0.2569425720067015,4.453526042409177,8.504219843475935,4.130160344069757
sub-11883,2,gamma,10.8,m,ASD,64,62.998046875,0.1705305940021129,0.1531150585461108,10.743427422133117,0.1776983517933835,0.1455379472341165,0.2055325002070878,5.595581581726046,5.580577061739509,4.122879743015459
sub-11936,1,theta,12.0,f,ASD,64,62.998046875,0.8310052620505345,0.838620162310449,52.35333150918368,0.0584956935932362,0.8289766630795308,0.8310052620505345,1.2170906985270802,40.48395793464604,4.141297283646337
sub-11936,1,alpha,12.0,f,ASD,64,62.998046875,0.3670888593884662,0.3417954182665045,23.126598141473373,0.1011989698770879,0.3216745611290523,0.4066548669845352,2.902606036730753,12.95887159566955,4.134872866271462
sub-11936,1,beta,12.0,f,ASD,64,62.998046875,0.254052373200453,0.1995638781888588,16.00529951162854,0.1218649471088371,0.1971111423585357,0.3140549917232684,3.945600592059106,7.68219255271373,4.129421921667857
sub-11936,1,gamma,12.0,f,ASD,64,62.998046875,0.2370883042472874,0.2065310749888489,14.936563167579108,0.1805985553199561,0.1952932755082674,0.2788593246460358,4.369561147777642,6.695520664822155,4.121604058542904
sub-11936,2,theta,12.0,f,ASD,64,62.998046875,0.5094753514946455,0.4984802545815177,32.09694714416267,0.1683142960903434,0.4954993884519325,0.51049321180818,2.2241598477052937,12.459292988773369,4.1261631020282445
sub-11936,2,alpha,12.0,f,ASD,64,62.998046875,0.3444997154714786,0.3054913162433501,21.70348207470316,0.2123582929312132,0.3004531775528965,0.380855313884821,3.228826002323041,10.012130059450213,4.1160293125740335
sub-11936,2,beta,12.0,f,ASD,64,62.998046875,0.190371360672745,0.1172979546254139,11.99339572238294,0.2908171659988825,0.1457203655362248,0.2487389400210539,5.220290616735701,5.208524520050578,4.091721133837082
sub-11936,2,gamma,12.0,f,ASD,64,62.998046875,0.1740630356445757,0.1103060524210038,10.965971245608271,0.3642383893232317,0.1354569321356521,0.2231464193315005,6.097644192786865,3.348024449699951,4.066634794755597
sub-11936,3,theta,12.0,f,ASD,64,62.998046875,0.6886512005968434,0.7281590036422654,43.385025637601125,0.1724674021917089,0.6754427079861652,0.6897728032051313,1.7244626206362406,5.626980323664174,4.122996354670261
sub-11936,3,alpha,12.0,f,ASD,64,62.998046875,0.5432941106272268,0.5374756114734913,34.227528969515284,0.1918142626763279,0.5255593646344421,0.5447209994492794,2.224227898218602,4.800863943455164,4.119126369291344
sub-11936,3,beta,12.0,f,ASD,64,62.998046875,0.379560642702664,0.3457582487117246,23.91232049026783,0.2482667829899925,0.3576656220874665,0.3840497736036701,3.3160213901046296,5.082475664733855,4.105751623546759
sub-11936,3,gamma,12.0,f,ASD,64,62.998046875,0.2609920850952838,0.2038124955922208,16.44250136100288,0.3597738170810567,0.226984387570063,0.2921002842531722,4.627190877857861,3.831285801703401,4.06868359608629
sub-11936,4,theta,12.0,f,ASD,64,62.998046875,0.8693979527106678,0.9559200444434384,54.77207102077208,0.1334126264062585,0.8625381460799739,0.8695212389054704,1.2156171444403776,29.649531295959747,4.132799524349403
sub-11936,4,alpha,12.0,f,ASD,64,62.998046875,0.799236421909974,0.8849574146090081,50.35189458032837,0.1553445208961367,0.7904583447545928,0.7993549946103945,1.3514912107543495,23.37212701385716,4.129031823884425
sub-11936,4,beta,12.0,f,ASD,64,62.998046875,0.581114154621896,0.5985184068914683,36.610191741179456,0.205693298192183,0.5680379124951787,0.5816973681556524,1.9598618167936872,14.505676549733863,4.119035701590775
sub-11936,4,gamma,12.0,f,ASD,64,62.998046875,0.3415727306714564,0.2916783213906195,21.51908203230175,0.324966070864101,0.313218589236943,0.3591025982327029,3.631215558981508,7.518208509192084,4.083174908304704
sub-11936,5,theta,12.0,f,ASD,64,61.998046875,0.6116041989915308,0.6102184167024809,38.531064536466445,0.1441974043556621,0.6001588292707374,0.6119318324076776,1.7816891658947582,22.36031795607094,4.131484349134857
sub-11936,5,alpha,12.0,f,ASD,64,61.998046875,0.3247276912984535,0.2774320367526284,20.45784455180257,0.2095380845195695,0.2738321087330437,0.3704297460315481,3.383151540395482,8.34081006892509,4.115538174721139
sub-11936,5,beta,12.0,f,ASD,64,61.998046875,0.2037029562904986,0.1333462788184906,12.833286246301416,0.2767757553827442,0.1623180012031038,0.2542255003273054,5.123299415905909,4.836688486940164,4.095705361626274
sub-11936,5,gamma,12.0,f,ASD,64,61.998046875,0.1666969157363121,0.1097675021829033,10.501905691387664,0.4202030453866682,0.133807399759844,0.203594071747555,7.003318151365154,2.4718463465866907,4.0415300378128745
sub-11955,1,theta,8.5,m,ASD,64,62.998046875,0.2910258716549139,0.2682392796003232,18.33462991425958,0.1714683606944344,0.2508545524660883,0.3394144785816922,3.3784849655040627,11.32359757339856,4.125232264444617
sub-11955,1,alpha,8.5,m,ASD,64,62.998046875,0.3005798599646533,0.282562509805735,18.93653117777316,0.129112631039093,0.2622548981217764,0.3457618263591452,3.2873105675918937,12.675970110748054,4.131765447600244
sub-11955,1,beta,8.5,m,ASD,64,62.998046875,0.2249035527705051,0.1942041252968352,14.168923824541825,0.2054849877153416,0.1914118802832308,0.2692862742600002,4.356669688494387,7.888525384339806,4.1177606885780005
sub-11955,1,gamma,8.5,m,ASD,64,62.998046875,0.194957361220537,0.1625201667376255,12.282313756893837,0.2146413803712905,0.1670611656675191,0.2351073104507013,5.048854155302975,6.20755883297058,4.1149389802872
sub-11955,2,theta,8.5,m,ASD,64,62.998046875,0.2876076913263342,0.2609708877571943,18.11928455355906,0.1631756279586487,0.2472472227659692,0.3367458836327945,3.4002843747600133,10.618936668379622,4.126446916903603
sub-11955,2,alpha,8.5,m,ASD,64,62.998046875,0.2874926938182308,0.2610487534396844,18.112039710548544,0.1443748388869975,0.2526378078959168,0.3303101587725254,3.45792703314703,11.361528281194303,4.129618356197186
sub-11955,2,beta,8.5,m,ASD,64,62.998046875,0.2364755367830166,0.2107912238724089,14.897958817330046,0.198370898328248,0.2016776018929779,0.2809505645413788,4.158635064983698,8.096449184055643,4.119187186493759
sub-11955,2,gamma,8.5,m,ASD,64,62.998046875,0.2011513206730922,0.1742804328521242,12.67253320240481,0.2058454072917934,0.1723801165256439,0.2403405179731735,4.916007876267043,5.504660960094527,4.116643690930509
sub-11955,3,theta,8.5,m,ASD,64,62.998046875,0.2877486456276003,0.2683322695378591,18.128164674538816,0.159185648561497,0.2505225959979842,0.3338334520886127,3.420958447050656,11.310468827928949,4.127211991691858
sub-11955,3,alpha,8.5,m,ASD,64,62.998046875,0.3234271432938166,0.3075830932929782,20.375910027510447,0.1199552494689229,0.2903578696055877,0.3591310314735036,3.156054275456286,12.917040238253518,4.133358947176883
sub-11955,3,beta,8.5,m,ASD,64,62.998046875,0.2055251644272486,0.1698454877802973,12.948085358916668,0.1870845263527574,0.1721299496697743,0.2504307784225618,4.744885676064106,7.281970216077079,4.1202649393767405
sub-11955,3,gamma,8.5,m,ASD,64,62.998046875,0.1899665472989895,0.1393183339243987,11.96789247983634,0.2546587933911346,0.1561909582163743,0.2352077702111251,5.303768497117932,5.366169071459502,4.1024917037448105
sub-11955,4,theta,8.5,m,ASD,64,62.998046875,0.2850139063638456,0.2617898878479773,17.955876100922275,0.1532012164707164,0.2487894177702193,0.3310673847746718,3.450472255328672,11.083273108706017,4.128207599581896
sub-11955,4,alpha,8.5,m,ASD,64,62.998046875,0.3216381621241215,0.3060206106019049,20.26320421381965,0.1278833028610828,0.2876976139194298,0.3596334281285091,3.1618822798713686,13.25858361570549,4.132129620052758
sub-11955,4,beta,8.5,m,ASD,64,62.998046875,0.2258556746920354,0.2001244487363989,14.228907505598231,0.1882211966606723,0.1921956220375993,0.2693468449729723,4.342051183205248,8.443493347001974,4.121343276469673
sub-11955,4,gamma,8.5,m,ASD,64,62.998046875,0.188498015227359,0.1530924391891109,11.875374959323617,0.2299275551886653,0.1606073473073463,0.2270610314846201,5.320874646295171,6.0831461416861625,4.111276298940626
sub-11955,5,theta,8.5,m,ASD,64,62.998046875,0.2937755124687715,0.2701474865445679,18.50785728553261,0.1595223622379549,0.2557694557090314,0.3404715411218172,3.3566398421805475,11.769290913596327,4.127246099223588
sub-11955,5,alpha,8.5,m,ASD,64,62.998046875,0.3304344074189523,0.3141430739321492,20.817367667394,0.1325059171848192,0.2948713719201786,0.3705193461553043,3.0615017039420978,13.698370388891009,4.131681399557707
sub-11955,5,beta,8.5,m,ASD,64,62.998046875,0.2303802148673061,0.2044304195728473,14.513953536640289,0.1624168349471841,0.195939454934035,0.27439108454739,4.229683306907041,9.057975613782352,4.12596920888943
sub-11955,5,gamma,8.5,m,ASD,64,62.998046875,0.1951319791340899,0.1614283095566372,12.293314685447664,0.2016253714099475,0.1651647572614605,0.2363390642870603,5.039590050491789,6.149828938195271,4.117607091496262
sub-11955,6,theta,8.5,m,ASD,64,62.998046875,0.2896390775513949,0.2623601794255904,18.247261885737885,0.1329554828063763,0.2509650584333906,0.3378490057527299,3.369755266093909,11.485268855412937,4.131051415414426
sub-11955,6,alpha,8.5,m,ASD,64,62.998046875,0.3361769581193679,0.318134015269822,21.179148361520177,0.1088104408458792,0.3028253972957568,0.3699978421649241,3.065983650282784,14.303321340896671,4.134701282903907
sub-11955,6,beta,8.5,m,ASD,64,62.998046875,0.221420610409232,0.1958229986083597,13.94949845578162,0.1748976314812537,0.1881521713822462,0.2655727177945399,4.391846353310759,8.198527600190994,4.123568828453712
sub-11955,6,gamma,8.5,m,ASD,64,62.998046875,0.1838148319427645,0.1515010530760924,11.580334412394166,0.2318832513084317,0.154628806120261,0.2235006782821166,5.417753115143157,5.838051977714878,4.110514406417758
sub-11976,1,theta,8.3,f,ASD,64,61.998046875,0.2923976125239153,0.2675007712257585,18.42104958900667,0.1252344590419252,0.2520767403213822,0.3431081579756414,3.306708130899004,11.969952168860765,4.131929574680238
sub-11976,1,alpha,8.3,f,ASD,64,61.998046875,0.3031023269952563,0.2849318527629153,19.095446600701152,0.110688253499152,0.267723779282319,0.3441222751706796,3.299986463428239,12.758113468899005,4.134054955913916
sub-11976,1,beta,8.3,f,ASD,64,61.998046875,0.2250019329089271,0.1872115138921952,14.175121773262411,0.2276706878124416,0.1884984473583779,0.2721668650165318,4.3796595957007,7.1376808989290845,4.111698608635393
sub-11976,1,gamma,8.3,f,ASD,64,61.998046875,0.2181027718686794,0.1812326673397445,13.740474627726805,0.266016259705423,0.1869037519683095,0.2572135063974278,4.703985509601636,5.99043183780785,4.102333302973607
sub-11976,2,theta,8.3,f,ASD,64,62.998046875,0.293827410417117,0.2684908127360141,18.511126856278374,0.1215327732755802,0.2525039942307391,0.3455971167327739,3.288828234981574,12.233094150873926,4.13251282420579
sub-11976,2,alpha,8.3,f,ASD,64,62.998046875,0.2701823921313888,0.2535953969542788,17.021490704277493,0.1058446274914922,0.2333835493203707,0.3161075007746397,3.5898222061414096,11.801481359641592,4.134264199949175
sub-11976,2,beta,8.3,f,ASD,64,62.998046875,0.2005435370442611,0.170029622917413,12.634242833788452,0.2102993122605984,0.1679323706006718,0.2441922748745107,4.906714488074219,6.487115719151625,4.1155645443552125
sub-11976,2,gamma,8.3,f,ASD,64,62.998046875,0.1946211443510387,0.153530872711175,12.26113209411544,0.2690632296405701,0.1617529333127749,0.2380738245447013,5.194507205692758,5.1197284712013005,4.100119197792569
sub-11976,3,theta,8.3,f,ASD,64,61.998046875,0.3013064823991791,0.2802165553678536,18.982308391148287,0.0884941739542059,0.2589644799301989,0.3523839062807825,3.216116330585901,13.173393526928884,4.135992522771126
sub-11976,3,alpha,8.3,f,ASD,64,61.998046875,0.285667694846366,0.2692642877389505,17.997064775321064,0.1105862491874581,0.2487818640644048,0.3309358190879671,3.426289404193938,12.219819086536416,4.133944123324572
sub-11976,3,beta,8.3,f,ASD,64,61.998046875,0.197117368719537,0.1662715909299239,12.418394229330836,0.2166106212351213,0.164219500197061,0.2412878813166478,4.965583482293479,6.6188409892373885,4.114162700277254
sub-11976,3,gamma,8.3,f,ASD,64,61.998046875,0.1749463541953662,0.1297084191497307,11.02162031430807,0.2908497002837381,0.1432602306905539,0.2187281397924479,5.762412766036317,4.884499301837668,4.092950880345731
sub-11976,4,theta,8.3,f,ASD,64,62.998046875,0.3082879079863808,0.2878369060254229,19.42213820314199,0.148818439598647,0.2675314238491377,0.3583420055829001,3.1689856740839777,12.928274696450467,4.129062356690443
sub-11976,4,alpha,8.3,f,ASD,64,62.998046875,0.289678323440884,0.27162916833614,18.24973437677569,0.1193611403824755,0.2525551016223863,0.3349947708981219,3.3831761996357352,12.395673912918522,4.132987719310732
sub-11976,4,beta,8.3,f,ASD,64,62.998046875,0.2027754002781421,0.170566310492421,12.774850217522951,0.2197534625349907,0.1722219139249447,0.2451710773645231,4.86759543888687,6.079663700941854,4.113585378279678
sub-11976,4,gamma,8.3,f,ASD,64,62.998046875,0.1733115374973754,0.1338836040465493,10.918626862334651,0.2911391741823312,0.1425958193376057,0.2169574492014817,5.7500112294473,4.119875398658543,4.092765522609603
sub-11976,5,theta,8.3,f,ASD,64,61.998046875,0.3043441627477065,0.2833364769538199,19.173682253105508,0.1118090989412546,0.2623756209721884,0.3550205524605694,3.192394976292594,13.36687818605026,4.133745853255324
sub-11976,5,alpha,8.3,f,ASD,64,61.998046875,0.2753815783281751,0.2576741716652206,17.349039434675035,0.1157770735017922,0.2356420485217501,0.3241453232260323,3.503147136418838,11.87626344978911,4.133165630029633
sub-11976,5,beta,8.3,f,ASD,64,61.998046875,0.2172705691973351,0.1910588276090901,13.688045859432112,0.1985260892871694,0.1837382890769548,0.2613291977677469,4.486665801571117,7.159623901118112,4.118573152412371
sub-11976,5,gamma,8.3,f,ASD,64,61.998046875,0.1879430355460039,0.1517508157003321,11.84041123939825,0.2643444674979471,0.1560620400627142,0.2309277721144133,5.286730795329744,4.724698859842634,4.101279524037847
sub-11976,6,theta,8.3,f,ASD,64,62.998046875,0.3036376004302907,0.2848831586731412,19.12916882710832,0.0774456131390373,0.2648520521389239,0.3504086590820794,3.2264723074009285,13.517995780427396,4.137132558672331
sub-11976,6,alpha,8.3,f,ASD,64,62.998046875,0.2956726171700016,0.2846870467577618,18.627374881710104,0.1090230604713475,0.2567199521770087,0.3412447484790766,3.3220782163765747,12.817167038588805,4.134137913749391
sub-11976,6,beta,8.3,f,ASD,64,62.998046875,0.244907100809028,0.2267485919999646,15.429147350968762,0.1250662907357208,0.2114071384691009,0.2865008789712957,3.995368393032913,8.089133218255578,4.131508193971255
sub-11976,6,gamma,8.3,f,ASD,64,62.998046875,0.2129591472635189,0.1904494643843601,13.41642627760169,0.1868703627942467,0.1810910453447972,0.2534150060957391,4.582454732303454,6.034218368137815,4.121039893048119
sub-11990,1,theta,11.7,m,ASD,64,62.998046875,0.3203263677476526,0.3025213141813285,20.18056116810212,0.1936898972808025,0.2846725459844796,0.3630565797418483,3.1483694462299363,10.91915299414955,4.121247246943828
sub-11990,1,alpha,11.7,m,ASD,64,62.998046875,0.329647662943438,0.3107265063173098,20.7678027654366,0.1902556754594175,0.2927339472959375,0.3691108581670662,3.1163043209118912,12.235782045995082,4.122152783017281
sub-11990,1,beta,11.7,m,ASD,64,62.998046875,0.2428657482732353,0.2251492121282272,15.300542141213828,0.1408377641210296,0.207430167772895,0.2861555455773697,3.994681706940664,9.601372892851789,4.129554272226564
sub-11990,1,gamma,11.7,m,ASD,64,62.998046875,0.1816251493248814,0.1562089279801944,11.442384407467536,0.2429823193805202,0.1542542921284622,0.2194791098322047,5.331424289442848,5.093165594570324,4.108114466677373
sub-11990,2,theta,11.7,m,ASD,64,62.998046875,0.2982655947807359,0.2797428539089837,18.79073247118636,0.1731487101077382,0.2614828338576376,0.3430924866795155,3.3245133123973023,11.359392143698331,4.125082455064166
sub-11990,2,alpha,11.7,m,ASD,64,62.998046875,0.340524734420649,0.3243878251642276,21.45305826850089,0.1651804836320378,0.3047071431332339,0.3793442129139245,3.0067113043665645,13.465235750225922,4.126694077835156
sub-11990,2,beta,11.7,m,ASD,64,62.998046875,0.2450766741635386,0.2255655971553824,15.439830472302935,0.148504851229788,0.2085646115260206,0.2905245017933746,3.941317373848927,7.95091392249083,4.128097228652138
sub-11990,2,gamma,11.7,m,ASD,64,62.998046875,0.1880684103920121,0.1645121052659955,11.848309854696764,0.2205586371074751,0.1590406894988352,0.2283244993088085,5.099849168209825,5.247322656768645,4.113517083013412
sub-11990,3,theta,11.7,m,ASD,64,62.998046875,0.2532204728912132,0.2095190387232593,15.952889792146436,0.1379237980958612,0.2126214348285157,0.3055838501702798,3.8429997483564393,8.83804458555315,4.129038267228535
sub-11990,3,alpha,11.7,m,ASD,64,62.998046875,0.3354702008970882,0.3179056302200018,21.13462265651656,0.1936396727663118,0.2954627043658011,0.3779212340681142,3.0890009598730312,7.875132071953953,4.120126386042925
sub-11990,3,beta,11.7,m,ASD,64,62.998046875,0.2335944057976974,0.2118091843421399,14.716447565254942,0.1605115908826043,0.1985643064905039,0.277480871325672,4.218467560812075,5.863998572959646,4.125391952680537
sub-11990,3,gamma,11.7,m,ASD,64,62.998046875,0.1686808005037302,0.1462330318598546,10.626890431735005,0.2131211899331052,0.1427423177292357,0.2063956205910591,5.62539817413435,5.3323055235920815,4.115372154317487
sub-11990,4,theta,11.7,m,ASD,64,62.998046875,0.5444546019591607,0.5222713553799225,34.30063992342713,0.0606308269087781,0.5313431078538134,0.544686592056263,1.982087127829217,26.841833425576112,4.140695935774705
sub-11990,4,alpha,11.7,m,ASD,64,62.998046875,0.3191399919944511,0.2225446067313486,20.105819495650422,0.1949598683467528,0.2631090377317703,0.3719626684295589,3.4030288167933795,9.630067791284889,4.119015926111597
sub-11990,4,beta,11.7,m,ASD,64,62.998046875,0.2052302750996321,0.1487072747882506,12.929507331276826,0.1811546139942191,0.1618486015179917,0.2596542461277311,4.79698592386136,4.843414171164815,4.118570169034914
sub-11990,4,gamma,11.7,m,ASD,64,62.998046875,0.178207972214728,0.1352561701959957,11.227102249527864,0.1978075106784803,0.1428873777394923,0.2248197359413812,5.413393381435644,6.080860830050031,4.1170391947635405
sub-11990,5,theta,11.7,m,ASD,64,62.998046875,0.2754673950982068,0.257597441942191,17.354445891187027,0.1630553457078969,0.236328288280037,0.3247278571373304,3.5124446014220823,10.200951855088292,4.126374779421615
sub-11990,5,alpha,11.7,m,ASD,64,62.998046875,0.3501719757467295,0.3341416899869714,22.06083447204396,0.177345488894519,0.3122787228629017,0.3899065093248129,2.93267993208627,13.21485278033389,4.124404698735781
sub-11990,5,beta,11.7,m,ASD,64,62.998046875,0.2453597582720787,0.2334579130431107,15.457664771140958,0.127524317479431,0.2097710934310472,0.2889275890608047,3.939153946933323,10.250314006844992,4.131464375477402
sub-11990,5,gamma,11.7,m,ASD,64,62.998046875,0.1895025679904332,0.1718681623503657,11.938661783397292,0.2020858396693129,0.1624869642331598,0.2244726672837578,5.134941424641035,5.228352164803034,4.118586359520689
sub-11990,6,theta,11.7,m,ASD,64,62.998046875,0.3031156020624747,0.2832913506375561,19.096282929935903,0.1997129907314905,0.2630094951250166,0.3509993773624827,3.2730903483025635,10.702733479423284,4.119757814864918
sub-11990,6,alpha,11.7,m,ASD,64,62.998046875,0.3660638057698434,0.352961413728273,23.06201976350013,0.1909659062313694,0.325955904542565,0.4068879805865867,2.818072288089353,13.391490273469756,4.121752978706804
sub-11990,6,beta,11.7,m,ASD,64,62.998046875,0.2402189094781404,0.2239686722279868,15.133791297122851,0.1395382292897602,0.2063042907330249,0.2828902454123755,4.027861265929663,8.616236152241369,4.129648718574171
sub-11990,6,gamma,11.7,m,ASD,64,62.998046875,0.1732944913795896,0.1548575673649113,10.917552956914149,0.2115974282141544,0.1483947830255523,0.2067796834828098,5.5928500484190025,5.037927929397583,4.116537114722725
sub-11993,1,theta,8.6,m,ASD,64,61.998046875,0.2890053970091278,0.2676999355981874,18.207340011575056,0.115566628241961,0.2542117772203669,0.3323180646866414,3.4043511616660944,11.627926694419717,4.133483119521962
sub-11993,1,alpha,8.6,m,ASD,64,61.998046875,0.2383210217566435,0.2197619118073936,15.014224370668543,0.1107849217460169,0.2041410782022866,0.283421438376139,4.017154441306349,9.848061184513805,4.133329215020256
sub-11993,1,beta,8.6,m,ASD,64,61.998046875,0.2010848328610134,0.1786810523529489,12.668344470243849,0.1819375726680388,0.1700055688808024,0.2431825045188609,4.817036715327518,6.450216396001086,4.121716530609723
sub-11993,1,gamma,8.6,m,ASD,64,61.998046875,0.1547555467677429,0.123154624158898,9.749599446367805,0.2479184843398041,0.1306940228370398,0.1902880606332578,6.359572737904917,4.6276109325530985,4.106532460320903
sub-11993,2,theta,8.6,m,ASD,64,62.998046875,0.2814558210796807,0.2572229183776379,17.731716728019887,0.0960170163675918,0.2442217242131415,0.3287362109663382,3.4427332403763726,12.215266964595118,4.135363739911379
sub-11993,2,alpha,8.6,m,ASD,64,62.998046875,0.2486059495184727,0.2337967103790685,15.662174819663782,0.1089008886332315,0.2122173807232488,0.2953849709241739,3.846661560883746,10.425324895991666,4.133680181312357
sub-11993,2,beta,8.6,m,ASD,64,62.998046875,0.1887399236054881,0.1514687737186783,11.890615187145752,0.1847661033621915,0.1583608923190811,0.2329595563935285,5.123257965453722,6.76972677909866,4.120706239101589
sub-11993,2,gamma,8.6,m,ASD,64,62.998046875,0.1524059365123423,0.1135193322871748,9.601574000277562,0.2172705730376867,0.1250170707701026,0.1950863902238456,6.267252497222379,4.97617587665613,4.112654452899439
sub-11993,3,theta,8.6,m,ASD,64,61.998046875,0.2783820010497409,0.2593354114513597,17.538066066133673,0.0993715815248109,0.2405621384663844,0.3260249484405808,3.473082564049992,11.595225454848093,4.134938174150699
sub-11993,3,alpha,8.6,m,ASD,64,61.998046875,0.2495747716996907,0.2298329683183115,15.723210617080518,0.0955086877227507,0.2144835867801833,0.2947085253875087,3.855074972064372,10.985827545595496,4.135096271841225
sub-11993,3,beta,8.6,m,ASD,64,61.998046875,0.195794271582362,0.1635592917490819,12.335039109688807,0.1484516995952256,0.1648628072158165,0.2376294743250482,4.986826138363997,7.9305652677309,4.127358256495172
sub-11993,3,gamma,8.6,m,ASD,64,61.998046875,0.1733137978849408,0.1301332969949035,10.918769266751276,0.1787979690572072,0.1452347265471836,0.2130905311790801,5.69357256669357,6.102530187826879,4.121362791934392
sub-11993,4,theta,8.6,m,ASD,64,61.998046875,0.2863626846621172,0.2617764489755214,18.040849133713387,0.0814311022124606,0.2475047515833556,0.3340884679977813,3.391892107554278,12.560554511053011,4.136661731137535
sub-11993,4,alpha,8.6,m,ASD,64,61.998046875,0.2470938573778407,0.228804542915436,15.566913014803962,0.1046295452428447,0.2114833412320251,0.2930384280639566,3.869968519844193,10.872295232962706,4.134090683887092
sub-11993,4,beta,8.6,m,ASD,64,61.998046875,0.1896833148078075,0.1531955267444715,11.950048832891875,0.1993691694066051,0.1579810290618929,0.2334885121121652,5.174570525189166,6.082885214493057,4.117289915115873
sub-11993,4,gamma,8.6,m,ASD,64,61.998046875,0.1558515912153415,0.1127426544637055,9.818650246566518,0.2528842360171267,0.12860175326211,0.1982011567979673,6.227229116415993,4.628474538329442,4.104769167304976
sub-11993,5,theta,8.6,m,ASD,64,62.998046875,0.2768537631962125,0.2550266556452064,17.441787081361387,0.0864786665726659,0.2387546025146069,0.3251057213605201,3.4829836004332475,11.924153668865552,4.136115241604179
sub-11993,5,alpha,8.6,m,ASD,64,62.998046875,0.2502229904659422,0.2325947306151657,15.764048399354364,0.114180001706836,0.2163662311120189,0.2943237790490443,3.85270674161469,10.387692512737305,4.1332340389011
sub-11993,5,beta,8.6,m,ASD,64,62.998046875,0.2073267246849604,0.1809868390121192,13.061583655152509,0.1869114027896313,0.1755787727452362,0.249948062783732,4.6977751571542266,7.226936757119763,4.121070420753712
sub-11993,5,gamma,8.6,m,ASD,64,62.998046875,0.152922414775977,0.1204843946288422,9.634112130886557,0.2280852260153176,0.128862164266999,0.1891039828953132,6.397421637602315,5.083552740492638,4.111675634374987
sub-11993,6,theta,8.6,m,ASD,64,62.998046875,0.428939887771364,0.4045277394867272,27.02321292959593,0.1197654183171933,0.4071327576812489,0.435805484842991,2.6487105319734634,12.536909845806733,4.133915312057601
sub-11993,6,alpha,8.6,m,ASD,64,62.998046875,0.3296692539742032,0.290025088909753,20.769163000374803,0.1464063467898129,0.3019463899669999,0.3491564752180797,3.4031444668406188,9.93361697513393,4.129614151486184
sub-11993,6,beta,8.6,m,ASD,64,62.998046875,0.2009950126988523,0.1432376634199155,12.662685800027695,0.2785496002943303,0.1558170901124233,0.2499746010346519,5.394799876868379,3.484537134007291,4.092245109570473
sub-11993,6,gamma,8.6,m,ASD,64,62.998046875,0.2340660669007123,0.1822733646648824,14.746162214744878,0.3542892694312581,0.2006336554127568,0.265134958815506,5.154264670992127,3.411615361070345,4.068337587246428
sub-2713,1,theta,9.9,m,ASD,64,62.998046875,0.2914724066259299,0.269517336003322,18.362761617433588,0.1183791358843465,0.2536179371969463,0.3383929429156704,3.35103443694809,11.025845307254825,4.1328066561410175
sub-2713,1,alpha,9.9,m,ASD,64,62.998046875,0.3193637477126602,0.2937926468656459,20.11991610589759,0.1472504109645305,0.2790389484871123,0.3676753942138597,3.0995274776088424,12.244934264601214,4.129083080078027
sub-2713,1,beta,9.9,m,ASD,64,62.998046875,0.2478618286393603,0.2288953661961835,15.615295204279702,0.1374668565990023,0.2140592018089381,0.2904893263948565,3.954118875274553,6.870230211432389,4.129459689330477
sub-2713,1,gamma,9.9,m,ASD,64,62.998046875,0.1905565344354019,0.1695595750809662,12.00506166943032,0.200328907682546,0.1628576569537404,0.2283533423568081,5.103586578546223,4.305701767471906,4.117656696789871
sub-2713,2,theta,9.9,m,ASD,64,62.998046875,0.2877546310216388,0.2653493407582887,18.128541754363244,0.1136410988161715,0.250263418643204,0.3350608955964855,3.3830921263006286,12.132714031993752,4.133511181641009
sub-2713,2,alpha,9.9,m,ASD,64,62.998046875,0.3183140657805133,0.2965296212580667,20.053786144172346,0.1414114145429516,0.2771274769172449,0.3663115899935042,3.1084492604215344,12.42928033314606,4.129774450711422
sub-2713,2,beta,9.9,m,ASD,64,62.998046875,0.247851372831672,0.2269654199071838,15.61463648839534,0.1222766826997793,0.2122432514243589,0.2928109615672212,3.904235425518952,8.712579318146325,4.131624592692067
sub-2713,2,gamma,9.9,m,ASD,64,62.998046875,0.2145635876309367,0.1957901927753572,13.517506020749018,0.1686585680984774,0.184325494891697,0.2536414154995876,4.550133097441741,6.141995133821108,4.12443431097139
sub-2713,3,theta,9.9,m,ASD,64,62.998046875,0.2595611275522197,0.1853723540111967,16.35235103578984,0.0890571381403694,0.2099609048412373,0.3162542979260849,3.8979531614717913,9.434937208427977,4.133518055114834
sub-2713,3,alpha,9.9,m,ASD,64,62.998046875,0.2613739594108815,0.207047457020572,16.466559442885533,0.1446296762459176,0.2146933827259974,0.3154117125052152,3.815935192680034,9.564896815356503,4.127638776764879
sub-2713,3,beta,9.9,m,ASD,64,62.998046875,0.2117686512265108,0.1452251902989531,13.341425027270184,0.1065781405371634,0.1664975968335013,0.2672823871415505,4.703737584802592,7.447468029002862,4.130518359443041
sub-2713,3,gamma,9.9,m,ASD,64,62.998046875,0.1986746077920742,0.1208013234209859,12.516500290900671,0.1445507763313328,0.1502908603583271,0.257157840246131,4.925938612814288,5.847461360595908,4.124907929063276
sub-2713,4,theta,9.9,m,ASD,64,61.998046875,0.2916332081810527,0.2701029585589075,18.372892115406323,0.1828781591662928,0.2534741919853843,0.3388179162536395,3.415457657435579,6.879215166513559,4.122131469215657
sub-2713,4,alpha,9.9,m,ASD,64,61.998046875,0.2846428961287774,0.2629604034178163,17.932502456112978,0.1596407049196956,0.243873924981739,0.3339449919019591,3.4759229518294816,6.620998026387071,4.125935912550623
sub-2713,4,beta,9.9,m,ASD,64,61.998046875,0.2355549595454602,0.2143571373041183,14.839962451363991,0.147666179420653,0.2005285995511049,0.2794239838773185,4.2007803844721066,4.86692658274753,4.126871736368843
sub-2713,4,gamma,9.9,m,ASD,64,61.998046875,0.1947751017720356,0.1711840712921457,12.270831411638245,0.1633779268680814,0.1643698752022583,0.2347390119792557,4.955500917653119,5.801160361356171,4.124973617703578
sub-2713,5,theta,9.9,m,ASD,64,62.998046875,0.9246734389854958,0.924435585600074,58.25442665608624,0.0115943566162605,0.9243622675082408,0.9246734389854958,1.082691227517305,57.02520961703343,4.143059576504055
sub-2713,5,alpha,9.9,m,ASD,64,62.998046875,0.8316634627652805,0.8198759107897505,52.39479815421267,0.0185866376998419,0.8300875117193294,0.8316634627652805,1.2095311616000393,50.169882124168296,4.142916787915669
sub-2713,5,beta,9.9,m,ASD,64,62.998046875,0.8067048218381622,0.790122547287492,50.82240377580422,0.0172833053208414,0.8052829907235649,0.8067048218381622,1.2463552791262318,48.70079273456182,4.142943532536141
sub-2713,5,gamma,9.9,m,ASD,64,62.998046875,0.6519599057539283,0.6313798287404668,41.07347406249749,0.0388377899902456,0.6477478872127924,0.6519599057539283,1.565419700240858,36.25543790729833,4.142213110081345
sub-2713,06,theta,9.9,m,ASD,64,62.998046875,0.8568416159945826,0.8474553910838323,53.981021807658706,0.015714754290090845,0.8559512847092154,0.8568416159945826,1.1709263617834706,52.28449231525073,4.142986867895627
sub-2713,06,alpha,9.9,m,ASD,64,62.998046875,0.749260310226311,0.733297465640445,47.20339954425759,0.030842960814007732,0.7456134715621989,0.749260310226311,1.35530245163232,42.78631917001938,4.142539351991066
sub-2713,06,beta,9.9,m,ASD,64,62.998046875,0.7270416207527723,0.7039221681768941,45.80362210742465,0.02847381839963292,0.7241840516361367,0.7270416207527723,1.3923129841453064,42.42327133261015,4.142634301899005
sub-2713,06,gamma,9.9,m,ASD,64,62.998046875,0.5548359735162108,0.5320824335800136,34.95466633152128,0.05942294863405173,0.5478199197702619,0.5548359735162108,1.876979201837872,28.882687088310636,4.141028045020295
