participant_id,run,band,age,sex,group,duration_s,n_windows,mean_delta,cv_delta,mean_degree_cv,temporal_cv_degree_cv,std_delta,max_delta,temporal_entropy
sub-10003,1,theta,12.9,m,TD,61.998046875,11,0.2159815919898452,0.1714500592346831,0.1555558062063343,0.2848478173393154,0.0370300567404315,0.284269197563558,1.3661588475652018
sub-10003,1,alpha,12.9,m,TD,61.998046875,11,0.173401907773724,0.3530812751796374,0.2185069478875162,0.1188973649033273,0.0612249667156814,0.3350183577414485,1.1682824501725626
sub-10003,1,beta,12.9,m,TD,61.998046875,11,0.1342187007861365,0.0760778531698559,0.1323832727314567,0.0956371590113932,0.0102110706111326,0.1584504523641739,1.1682824501725624
sub-10003,1,gamma,12.9,m,TD,61.998046875,11,0.1664564952457802,0.1280834389682593,0.1302029920308376,0.1169997863980834,0.0213203203498113,0.2132934020467706,1.4184836619406564
sub-10003,2,theta,12.9,m,TD,62.998046875,11,0.2159138266139995,0.1375464780850313,0.1829240729167826,0.1858314389302162,0.0296981864207552,0.2769915058509367,1.5047882836761908
sub-10003,2,alpha,12.9,m,TD,62.998046875,11,0.1903266329145977,0.146922009046408,0.2078416599034486,0.0622140501445648,0.0279631712829978,0.258616670100292,1.0888999753412232
sub-10003,2,beta,12.9,m,TD,62.998046875,11,0.1488183453492092,0.1579261857021947,0.1562352318298766,0.1078633795574092,0.0235023136436704,0.1999419192748754,1.4708084763171114
sub-10003,2,gamma,12.9,m,TD,62.998046875,11,0.1783555039216517,0.0878911577192191,0.1804836376248381,0.0736082676864477,0.0156758717253565,0.2130785040318881,1.5047882836761906
sub-10003,3,theta,12.9,m,TD,62.998046875,11,0.197620681657138,0.0915458553578066,0.1545349640677664,0.2435433624208809,0.018091354338787,0.2288488818344075,1.470808476317111
sub-10003,3,alpha,12.9,m,TD,62.998046875,11,0.1985614425699028,0.284115205333376,0.2288575845686909,0.055984059946749,0.0564143250273234,0.3136789214562874,1.418483661940657
sub-10003,3,beta,12.9,m,TD,62.998046875,11,0.1410365639457623,0.0720900746167185,0.1355298786254497,0.1137619030894036,0.0101673364186076,0.16037094017364,1.4708084763171114
sub-10003,3,gamma,12.9,m,TD,62.998046875,11,0.1690773929473664,0.0613722776585886,0.1238778763866182,0.1371428064380466,0.0103766647058174,0.185627360068399,1.5571130980526453
sub-10003,4,theta,12.9,m,TD,62.998046875,11,0.2127979524357873,0.0864634128397155,0.1534157466693647,0.1453940276533839,0.018399237212988,0.2464243130182611,1.2206072645490171
sub-10003,4,alpha,12.9,m,TD,62.998046875,11,0.1772737893004867,0.2725513396428241,0.2191174091565158,0.0781003005194378,0.0483162087576799,0.2474177143664848,1.504788283676191
sub-10003,4,beta,12.9,m,TD,62.998046875,11,0.147990598661272,0.0957065084643758,0.1478007228123083,0.0855910830653102,0.0141636634835187,0.1737280263548694,1.4184836619406571
sub-10003,4,gamma,12.9,m,TD,62.998046875,11,0.1783150685605007,0.0953359048390683,0.1453787783954687,0.1338701966992835,0.0169998284077511,0.2132128129696783,1.5047882836761908
sub-10003,5,theta,12.9,m,TD,62.998046875,11,0.2151996793377791,0.1805586064240706,0.1649801973152604,0.1211877434199453,0.0388561542043168,0.3236851328261758,0.8979457248537795
sub-10003,5,alpha,12.9,m,TD,62.998046875,11,0.2052033040777789,0.2270138233349244,0.222953252117934,0.0987388624768774,0.0465839866198827,0.3066836122359975,1.1935496040941331
sub-10003,5,beta,12.9,m,TD,62.998046875,11,0.1353589638761106,0.102267786859399,0.147211441199467,0.121374645087328,0.0138428616672934,0.1639987795387641,1.2798542258296672
sub-10003,5,gamma,12.9,m,TD,62.998046875,11,0.1477002216055832,0.0584403601358708,0.1476904697495089,0.0638277233763091,0.0086316541428366,0.1618032542741599,1.557113098052646
sub-10003,6,theta,12.9,m,TD,62.998046875,11,0.2126354005272001,0.1654230809430682,0.1564629393865062,0.1325448506084744,0.0351748030729381,0.2728933785498524,1.504788283676191
sub-10003,6,alpha,12.9,m,TD,62.998046875,11,0.2134295913832637,0.3164212319268432,0.2138978888499673,0.0706624741437355,0.0675336542354514,0.3737237045585092,1.2798542258296677
sub-10003,6,beta,12.9,m,TD,62.998046875,11,0.1454534800301749,0.115666817030462,0.134119690308047,0.1238329261050528,0.0168241410612098,0.1726549687964288,1.5571130980526455
sub-10003,6,gamma,12.9,m,TD,62.998046875,11,0.1455379202624805,0.0980294871907589,0.144518458013923,0.1128330108581913,0.0142670076902385,0.1780857678805211,1.2798542258296677
sub-10025,1,theta,8.3,m,TD,62.998046875,11,0.2415375293822025,0.0798472047015614,0.1047233704129452,0.1612359441971879,0.0192860965517699,0.2842984013340246,1.1682824501725628
sub-10025,1,alpha,8.3,m,TD,62.998046875,11,0.2703007993394964,0.1507940357498499,0.146268646253925,0.1742815487026573,0.0407597483989638,0.344194940411628,1.4708084763171114
sub-10025,1,beta,8.3,m,TD,62.998046875,11,0.1770780039534951,0.0636151875625384,0.221847539747496,0.0829141053031384,0.0112648504347651,0.206143934612653,1.0888999753412232
sub-10025,1,gamma,8.3,m,TD,62.998046875,11,0.220910172490709,0.0841041237666528,0.2129092279597721,0.0467268759752712,0.0185794564885553,0.2637225627917297,1.1682824501725624
sub-10025,2,theta,8.3,m,TD,62.998046875,11,0.2445867803982245,0.0908790919588854,0.1268664606489548,0.1800109480472776,0.0222278245078288,0.2985849039569367,1.2798542258296677
sub-10025,2,alpha,8.3,m,TD,62.998046875,11,0.282154469102836,0.1361274441792921,0.1388977056668336,0.1651535739368985,0.0384089667428702,0.3330525931494874,1.2798542258296672
sub-10025,2,beta,8.3,m,TD,62.998046875,11,0.1734525478288404,0.1037279152066583,0.1973044465515263,0.0491441920735772,0.0179918711736725,0.2096153283323908,0.8018185525403383
sub-10025,2,gamma,8.3,m,TD,62.998046875,11,0.2149410280860559,0.0910878735133958,0.2263559431681835,0.0477590830200787,0.019578521179233,0.2619827650651429,1.2798542258296677
sub-10025,3,theta,8.3,m,TD,62.998046875,11,0.2312102403467855,0.1117251409699718,0.1491900794921455,0.1779357329637012,0.0258319966965574,0.2721455114904466,1.4708084763171112
sub-10025,3,alpha,8.3,m,TD,62.998046875,11,0.2322016801753906,0.2292321138952254,0.1682672115756954,0.2038602973827252,0.053228081996857,0.3613086108576606,1.0888999753412236
sub-10025,3,beta,8.3,m,TD,62.998046875,11,0.1677900643014499,0.1509073857558534,0.1677167943664188,0.0927464871610617,0.0253207599596892,0.216999500568181,1.2206072645490171
sub-10025,3,gamma,8.3,m,TD,62.998046875,11,0.1960073276740995,0.0783202420297179,0.1982580701724098,0.0429376166999061,0.015351341343112,0.2372737604019804,1.0888999753412236
sub-10025,4,theta,8.3,m,TD,62.998046875,11,0.2368408678632657,0.0727907518864633,0.1235877879625726,0.195801123542373,0.0172398248492824,0.2636933962438827,1.5047882836761908
sub-10025,4,alpha,8.3,m,TD,62.998046875,11,0.2224788168547299,0.1178982120823087,0.1240338350046597,0.2032561743979568,0.0262298547334779,0.2677577978780328,1.5571130980526453
sub-10025,4,beta,8.3,m,TD,62.998046875,11,0.1726009167561263,0.0582181105806753,0.1667711302819461,0.0511561408296952,0.0100484992580923,0.1916543010300399,1.5571130980526455
sub-10025,4,gamma,8.3,m,TD,62.998046875,11,0.1882310078134844,0.0691662780403154,0.1888046022397235,0.0426024138060405,0.0130192382223054,0.2173859402186259,1.359236700660006
sub-10025,5,theta,8.3,m,TD,62.998046875,11,0.2471304272444218,0.1026100651060056,0.1323161484942028,0.1627646552183684,0.0253580692293277,0.2805282808020103,1.2206072645490174
sub-10025,5,alpha,8.3,m,TD,62.998046875,11,0.2892061568507764,0.1653979328578895,0.1495663914409535,0.0860502056612218,0.0478341005130583,0.4230928197907778,0.9433483923260394
sub-10025,5,beta,8.3,m,TD,62.998046875,11,0.1946178003498318,0.1405057480925827,0.1909817010630608,0.1115694019254486,0.0273449196304265,0.2566873555092097,1.4184836619406564
sub-10025,5,gamma,8.3,m,TD,62.998046875,11,0.2287636789413538,0.1456908730165858,0.2110519653683673,0.1203468182162393,0.0333287800995974,0.2843854383070806,0.8979457248537798
sub-10025,6,theta,8.3,m,TD,58.998046875,10,0.2783992073696073,0.2804347511372322,0.1155698225245951,0.2347525194970318,0.0780728124357789,0.4904695008218634,0.3488320958410318
sub-10025,6,alpha,8.3,m,TD,58.998046875,10,0.3089777571392809,0.139440329990804,0.1494052489146569,0.1557334095295781,0.0430839604154592,0.3798607732042154,1.273028336585626
sub-10025,6,beta,8.3,m,TD,58.998046875,10,0.1995939532438165,0.2302920789891563,0.2090697376549817,0.0564504784249315,0.0459649064464132,0.3122048951441368,0.964962923004428
sub-10025,6,gamma,8.3,m,TD,58.998046875,10,0.2280223432686143,0.1142788180166995,0.2198318309820254,0.0255661389808077,0.0260581238702496,0.2922733935649919,1.002718264513516
sub-10036,1,theta,11.0,m,TD,62.998046875,11,0.2360776444164458,0.1508791294975228,0.1291998926283387,0.1772417628435978,0.0356191894835299,0.2803237204071361,1.418483661940657
sub-10036,1,alpha,11.0,m,TD,62.998046875,11,0.2173614011541432,0.0992406101187082,0.1419462328788334,0.2091962245567409,0.0215710780668937,0.264014576637986,1.2206072645490174
sub-10036,1,beta,11.0,m,TD,62.998046875,11,0.1495746192358314,0.0928036910779498,0.1566109133710885,0.0998488085896449,0.0138810767567568,0.1787648827985419,1.2798542258296672
sub-10036,1,gamma,11.0,m,TD,62.998046875,11,0.1857301777600972,0.0735647420503258,0.2031807979749032,0.0389148608915444,0.0136631926179562,0.204824414556343,1.5047882836761906
sub-10036,2,theta,11.0,m,TD,62.998046875,11,0.2138007076085541,0.1483182627433714,0.1490550849223311,0.1412129447411824,0.0317105495259525,0.2825553317825903,1.418483661940657
sub-10036,2,alpha,11.0,m,TD,62.998046875,11,0.222888737074756,0.1025591363064994,0.170243203070951,0.1259101524464248,0.0228592763669359,0.2671502497884574,1.3661588475652018
sub-10036,2,beta,11.0,m,TD,62.998046875,11,0.1466409310585393,0.0950043851088865,0.1427107174652471,0.0945595326109124,0.0139315314871061,0.1780949997741696,1.3592367006600068
sub-10036,2,gamma,11.0,m,TD,62.998046875,11,0.1599248840514771,0.1250969038224066,0.1533852267206074,0.0699860370009637,0.0200061078391222,0.199714954013132,1.470808476317111
sub-10036,3,theta,11.0,m,TD,62.998046875,11,0.2325972418511733,0.1181824873384719,0.1323250673941721,0.2144254148887497,0.0274889205901579,0.298981218915136,1.1935496040941334
sub-10036,3,alpha,11.0,m,TD,62.998046875,11,0.227138646799323,0.099115327482101,0.1502469912345121,0.2371467413818954,0.0225129213614552,0.2745557319683583,1.5047882836761908
sub-10036,3,beta,11.0,m,TD,62.998046875,11,0.1427619787247083,0.1024531686730064,0.1166243506547051,0.1067763092136552,0.0146264170864771,0.16134859224213,1.504788283676191
sub-10036,3,gamma,11.0,m,TD,62.998046875,11,0.1722504825607578,0.1140603004148395,0.1457982878821031,0.0933311127710767,0.0196469417875951,0.2020547137173414,1.2798542258296677
sub-10036,4,theta,11.0,m,TD,61.998046875,11,0.2380173054706608,0.0970582550407279,0.1189002626952934,0.2527473170274822,0.0231015443385753,0.2728881322633816,1.3138340331887473
sub-10036,4,alpha,11.0,m,TD,61.998046875,11,0.245453380763369,0.2264682909803754,0.1686015063515257,0.251605438658531,0.055587407657062,0.3219918129529703,1.5047882836761906
sub-10036,4,beta,11.0,m,TD,61.998046875,11,0.1502599342484369,0.1016302755056613,0.1203298908786045,0.088101560274961,0.0152709585152328,0.1826183477241201,1.504788283676191
sub-10036,4,gamma,11.0,m,TD,61.998046875,11,0.1691340701111489,0.0796189211040944,0.1119894408447307,0.1425030615046726,0.0134662721842735,0.2028561991053456,1.313834033188747
sub-10036,5,theta,11.0,m,TD,62.998046875,11,0.2478767126641762,0.1573429545054226,0.1305742720171407,0.2870102047592612,0.0390016543238305,0.29898073893893,1.3321790402061224
sub-10036,5,alpha,11.0,m,TD,62.998046875,11,0.2403482762774512,0.1872675908452897,0.1675652416667531,0.1279614368872645,0.0450094426624836,0.3558360399161089,1.1935496040941334
sub-10036,5,beta,11.0,m,TD,62.998046875,11,0.1587726047474214,0.1654610664174076,0.1462965304268808,0.1199237510237233,0.0262706844995433,0.2113635458695696,1.2798542258296677
sub-10036,5,gamma,11.0,m,TD,62.998046875,11,0.1951363127955044,0.1456049297382608,0.1486986632093991,0.0947245541125303,0.0284128091141183,0.2445337515340648,1.4708084763171112
sub-10036,6,theta,11.0,m,TD,61.998046875,11,0.230111739877791,0.0715427750883671,0.1318309368951623,0.1645000439204138,0.0164628324513411,0.2557719092784749,1.5571130980526455
sub-10036,6,alpha,11.0,m,TD,61.998046875,11,0.2344606905858207,0.1337998183910415,0.1926569759939748,0.090031835391669,0.0313707978203548,0.2891213790073933,1.5571130980526455
sub-10036,6,beta,11.0,m,TD,61.998046875,11,0.1422740040039232,0.0641945087519559,0.1174295488298712,0.0801343504497186,0.0091332097952698,0.1603418023203932,1.4708084763171114
sub-10036,6,gamma,11.0,m,TD,61.998046875,11,0.1729467024479169,0.0641728054948915,0.1535278664893275,0.0935325801113146,0.0110984750972372,0.18942341040086,1.557113098052645
sub-10124,1,theta,12.0,f,TD,62.998046875,11,0.1962043321526673,0.1115492839297795,0.1681879149026191,0.1238464973276135,0.0218864527556622,0.2234967165264505,1.418483661940657
sub-10124,1,alpha,12.0,f,TD,62.998046875,11,0.2048961241145693,0.1872760530825313,0.1950413741100241,0.0960602179474165,0.0383721374162722,0.2795064078804833,1.3661588475652018
sub-10124,1,beta,12.0,f,TD,62.998046875,11,0.1604266667789609,0.1506607464214605,0.2031787764379205,0.1109641373721042,0.0241700013629758,0.2121104779314128,1.1935496040941334
sub-10124,1,gamma,12.0,f,TD,62.998046875,11,0.1686545335485693,0.042936034432901,0.2968400979844331,0.0604282088743527,0.0072413568597491,0.1795665139756067,1.2206072645490178
sub-10124,2,theta,12.0,f,TD,62.998046875,11,0.1792740300022159,0.2049012627235796,0.1875482648537897,0.0999663809034743,0.0367334751212038,0.2769729066898642,1.1682824501725628
sub-10124,2,alpha,12.0,f,TD,62.998046875,11,0.2023148603074124,0.2138122912015814,0.2007106848056778,0.108991451680808,0.0432574038266695,0.2712936273725636,1.2798542258296677
sub-10124,2,beta,12.0,f,TD,62.998046875,11,0.1367463555044866,0.1040275195170248,0.2216685203047437,0.050408051612699,0.014225384166229,0.1639191081914212,1.4708084763171112
sub-10124,2,gamma,12.0,f,TD,62.998046875,11,0.1481487476198297,0.0789756055474106,0.263784461284943,0.0473540990659304,0.0117001370544455,0.1647056963482654,1.3321790402061229
sub-10129,1,theta,12.7,f,TD,62.998046875,11,0.2487366177938454,0.087121882476889,0.126398941586597,0.1586091287107732,0.0216704023832213,0.2851265145748901,1.5571130980526455
sub-10129,1,alpha,12.7,f,TD,62.998046875,11,0.2698338136915638,0.133274372644398,0.1590709790024728,0.1100103699145661,0.0359619322381218,0.3236587697431209,1.5047882836761906
sub-10129,1,beta,12.7,f,TD,62.998046875,11,0.1787875836790008,0.1089402620152809,0.1792507529640434,0.0835365930608522,0.0194771662111782,0.2154609110965573,1.5571130980526455
sub-10129,1,gamma,12.7,f,TD,62.998046875,11,0.1873189532757695,0.0938657596553588,0.1930040978830037,0.1190941007270659,0.0175828358471706,0.2138473684315688,1.557113098052646
sub-10129,2,theta,12.7,f,TD,62.998046875,11,0.2439477018766341,0.0448594100026011,0.119838842077957,0.1776704506550966,0.0109433499777211,0.2579209312023065,1.504788283676191
sub-10129,2,alpha,12.7,f,TD,62.998046875,11,0.2412472242001316,0.1098691724739042,0.1540046426587953,0.0957736486314301,0.0265056328846047,0.2969123543976886,1.504788283676191
sub-10129,2,beta,12.7,f,TD,62.998046875,11,0.1796614062386099,0.062987054413394,0.1896140371489886,0.0760539468938696,0.0113163427708012,0.1987148623858456,1.504788283676191
sub-10129,2,gamma,12.7,f,TD,62.998046875,11,0.182789708726529,0.1661068721306228,0.2191202588978956,0.1806855149347957,0.0303626267743974,0.2544905339418399,1.2206072645490176
sub-10129,3,theta,12.7,f,TD,62.998046875,11,0.2653417940279992,0.0766654298902794,0.1255091306840754,0.1709131154772905,0.0203425427070912,0.3050562292420904,1.4184836619406558
sub-10129,3,alpha,12.7,f,TD,62.998046875,11,0.2461425806565865,0.1233068537938695,0.1492418855828274,0.1747187060746564,0.0303510672055907,0.283952927329424,1.418483661940657
sub-10129,3,beta,12.7,f,TD,62.998046875,11,0.1918023235834766,0.0743840430783592,0.1954497535892313,0.0647093264826609,0.0142670323000371,0.229685412558047,1.0888999753412232
sub-10129,3,gamma,12.7,f,TD,62.998046875,11,0.2218593484910243,0.0798607302402305,0.2005509038490648,0.1253517712269327,0.0177178495811948,0.248984991189286,1.5571130980526455
sub-10129,4,theta,12.7,f,TD,61.998046875,11,0.245747296331792,0.0563416590691018,0.1318875839992079,0.1940730490146842,0.0138458103871357,0.2614093776249093,1.470808476317111
sub-10129,4,alpha,12.7,f,TD,61.998046875,11,0.2603690992240562,0.1427954576514937,0.167662178136704,0.1092224626468076,0.037179524682149,0.3084872388683568,1.2798542258296672
sub-10129,4,beta,12.7,f,TD,61.998046875,11,0.1915445259296589,0.0897533578240248,0.2072186419293844,0.0921076920722757,0.0171917643750876,0.2168197583899515,1.2798542258296672
sub-10129,4,gamma,12.7,f,TD,61.998046875,11,0.2030137962344769,0.0850872600316212,0.2287223645843172,0.0808910008094781,0.0172738876702945,0.2352151269869318,1.3661588475652018
sub-10129,5,theta,12.7,f,TD,62.998046875,11,0.2412953041196429,0.052522291775653,0.1302705048471926,0.1483961332449912,0.0126733823671193,0.2599741705570195,1.5047882836761906
sub-10129,5,alpha,12.7,f,TD,62.998046875,11,0.2187966540823187,0.0960998837890454,0.1645675105568125,0.1232080037943828,0.0210263330308389,0.2501039776240042,1.5571130980526455
sub-10129,5,beta,12.7,f,TD,62.998046875,11,0.2026808572370724,0.1422069758307485,0.1981269014507546,0.0620912061633824,0.0288226317666099,0.2584060123735874,1.2206072645490176
sub-10129,5,gamma,12.7,f,TD,62.998046875,11,0.2631492562267246,0.3513375513842753,0.21462524220905,0.0661899507830018,0.092454215331642,0.487212044724069,1.0888999753412236
sub-10129,6,theta,12.7,f,TD,62.998046875,11,0.2437437299725121,0.0892665387349136,0.1434182979371346,0.1177460804532974,0.0217581591130728,0.2876162023607422,1.5571130980526455
sub-10129,6,alpha,12.7,f,TD,62.998046875,11,0.2153065732385921,0.1208625793299079,0.1505363786256693,0.0961299644845983,0.0260225077884208,0.2686922329930985,1.2798542258296677
sub-10129,6,beta,12.7,f,TD,62.998046875,11,0.1897388432695142,0.1174664711440792,0.2016537185610854,0.0433952924086261,0.0222879523579468,0.2419371373301895,1.2798542258296677
sub-10129,6,gamma,12.7,f,TD,62.998046875,11,0.2159699202899574,0.0859177680472098,0.2179988145278634,0.0658880163276919,0.0185556535167328,0.2541022917903762,1.193549604094133
sub-10170,1,theta,8.3,f,TD,62.998046875,11,0.222363923053153,0.0878877388070657,0.13379115119818,0.200873324139662,0.0195430623894978,0.2514557188378716,1.504788283676191
sub-10170,1,alpha,8.3,f,TD,62.998046875,11,0.2311890070544344,0.1253037666455703,0.1394627982099149,0.1515788733916895,0.0289688533910952,0.2814176554605843,1.4708084763171114
sub-10170,1,beta,8.3,f,TD,62.998046875,11,0.1641831340275084,0.0587872497592993,0.1900339894718413,0.0591402004106569,0.0096518749063984,0.1799179468867279,1.2798542258296677
sub-10170,1,gamma,8.3,f,TD,62.998046875,11,0.1954667956694903,0.049901158596253,0.2187859575400002,0.048211100817642,0.0097540195710545,0.2101844556151367,1.3321790402061229
sub-10170,2,theta,8.3,f,TD,62.998046875,11,0.2432200084153618,0.0860881716867042,0.169374749935314,0.1797197008355167,0.0209383658421894,0.2854091107626119,1.4708084763171114
sub-10170,2,alpha,8.3,f,TD,62.998046875,11,0.2129450549997451,0.1193273816121092,0.1416131619507847,0.1659921709753717,0.0254101758404855,0.242465686999115,1.2798542258296677
sub-10170,2,beta,8.3,f,TD,62.998046875,11,0.1861161243177456,0.0703440420680563,0.1934010946582825,0.0642966559307095,0.0130921604786214,0.2217410631121538,1.0888999753412232
sub-10170,2,gamma,8.3,f,TD,62.998046875,11,0.1950637394448971,0.1253457934539843,0.2269970317241225,0.0294215712496943,0.0244504191949472,0.2610439023305507,0.8979457248537799
sub-10170,3,theta,8.3,f,TD,62.998046875,11,0.22814851633611,0.1043763245806553,0.1462021829707841,0.2646272122795122,0.0238133035937971,0.2719579701185463,1.5571130980526455
sub-10170,3,alpha,8.3,f,TD,62.998046875,11,0.2130200009506885,0.1391947346637619,0.1436819943581156,0.1560691205709214,0.0296512625105445,0.2918131379831355,1.0888999753412236
sub-10170,3,beta,8.3,f,TD,62.998046875,11,0.1574904747378945,0.0676903815690004,0.1898663405190824,0.0445696097645383,0.0106605903285587,0.1707124937062554,1.504788283676191
sub-10170,3,gamma,8.3,f,TD,62.998046875,11,0.1849831273577045,0.1052653574260621,0.204205371560189,0.0629989324021143,0.0194723150192048,0.2305884119473262,1.418483661940657
sub-10170,4,theta,8.3,f,TD,62.998046875,11,0.2383979819288786,0.1289040247036431,0.1350701059608103,0.192527527980284,0.0307304593519877,0.2991370830606623,1.504788283676191
sub-10170,4,alpha,8.3,f,TD,62.998046875,11,0.2153455012999701,0.1303710784502649,0.1432246870543906,0.1908951654121417,0.0280748252440204,0.2543220558008281,1.5571130980526455
sub-10170,4,beta,8.3,f,TD,62.998046875,11,0.1683350723144811,0.1117935220066714,0.1890786150923863,0.0761784778537009,0.0188187706113953,0.2052789678945106,1.4708084763171114
sub-10170,4,gamma,8.3,f,TD,62.998046875,11,0.1859690540525172,0.0824253529347302,0.2164185544045411,0.0598601758219861,0.015328564915299,0.2148799884706956,1.0888999753412236
sub-10170,5,theta,8.3,f,TD,61.998046875,11,0.2353631670736467,0.0935761728107872,0.1587544864673543,0.2428115592500793,0.0220243843954713,0.2781929602328862,1.2206072645490176
sub-10170,5,alpha,8.3,f,TD,61.998046875,11,0.2261147461985325,0.1317566218699052,0.1492522704225376,0.1307296217305899,0.0297921151142213,0.2827445685529903,1.3661588475652016
sub-10170,5,beta,8.3,f,TD,61.998046875,11,0.1671378765421876,0.1703845196151741,0.145056752641723,0.1494103720920177,0.0284777068043113,0.213206398570381,1.3661588475652018
sub-10170,5,gamma,8.3,f,TD,61.998046875,11,0.1957427355045159,0.0887886588835441,0.1645266374282383,0.1172514265269293,0.017379734971731,0.2298327861450876,1.3661588475652018
sub-10170,6,theta,8.3,f,TD,62.998046875,11,0.2111701063039784,0.0811057104365075,0.1371947569281464,0.1760126110179973,0.0171271014948181,0.2434227148501548,1.2798542258296672
sub-10170,6,alpha,8.3,f,TD,62.998046875,11,0.2176426625133212,0.1400475663239397,0.1509770609803731,0.1490086630132999,0.0304803252133932,0.2685228603847799,1.5571130980526455
sub-10170,6,beta,8.3,f,TD,62.998046875,11,0.1544645576465473,0.1105076756590535,0.1884743203737325,0.0456018875827712,0.0170695192373343,0.1963444891005434,1.2798542258296677
sub-10170,6,gamma,8.3,f,TD,62.998046875,11,0.1894627821619399,0.1342241528409433,0.2289458371630564,0.0447028765006818,0.0254304814307088,0.2473805287349341,1.418483661940657
sub-10177,1,theta,8.1,m,TD,62.998046875,11,0.2541212611527272,0.0865461892995119,0.1345604187983694,0.1782177146788015,0.0219932267728411,0.3006186670900557,1.5571130980526455
sub-10177,1,alpha,8.1,m,TD,62.998046875,11,0.2682513572068797,0.0847021864655706,0.1507709657085232,0.1573694386135809,0.0227214764778642,0.3101583373655099,1.5047882836761914
sub-10177,1,beta,8.1,m,TD,62.998046875,11,0.1847637470889044,0.1086196079056784,0.1972285661372889,0.0667721675967141,0.0200689657640893,0.2174913234298218,1.366158847565202
sub-10177,1,gamma,8.1,m,TD,62.998046875,11,0.2462584733610974,0.0635268812200298,0.2242722229189143,0.0602934980058203,0.0156440327866998,0.2753159954275095,1.3661588475652016
sub-10177,2,theta,8.1,m,TD,62.998046875,11,0.2508401248756103,0.101401875489872,0.1400785727702115,0.1807100765491573,0.0254356591106019,0.2865301518465107,1.313834033188747
sub-10177,2,alpha,8.1,m,TD,62.998046875,11,0.2572642773932718,0.1031906654491446,0.1639168297199307,0.1549966068041975,0.0265472719806082,0.3013136803507341,1.2798542258296677
sub-10177,2,beta,8.1,m,TD,62.998046875,11,0.171426963120424,0.0982462391666396,0.194056762380635,0.0546817773928376,0.0168420544184381,0.2020471036868319,1.2206072645490174
sub-10177,2,gamma,8.1,m,TD,62.998046875,11,0.1937387458223103,0.0940186530878673,0.1883942280109227,0.0483080856621757,0.0182150559332403,0.2199447296660858,1.054920167983144
sub-10177,3,theta,8.1,m,TD,62.998046875,11,0.2649810609536273,0.1646143464885475,0.1593598063875374,0.2333118130745925,0.0436196841808879,0.3728358022194128,1.1935496040941331
sub-10177,3,alpha,8.1,m,TD,62.998046875,11,0.2746200389529446,0.2274262052403375,0.1733973885763208,0.2177245471006239,0.0624557933422493,0.4086830640167609,1.5047882836761908
sub-10177,3,beta,8.1,m,TD,62.998046875,11,0.1780776809027451,0.1364832170363319,0.1675272222179844,0.0916958314605954,0.0243046147721125,0.2278102720300031,1.2798542258296677
sub-10177,3,gamma,8.1,m,TD,62.998046875,11,0.2092471585625697,0.2633209565225006,0.1675005518934814,0.0709046128171408,0.0550991619425745,0.3706052187438282,0.3250829733894482
sub-10177,4,theta,8.1,m,TD,62.998046875,11,0.2565301790776457,0.0832542750108695,0.1662016903697353,0.1494294682521014,0.0213572340776011,0.2932914461872112,1.470808476317111
sub-10177,4,alpha,8.1,m,TD,62.998046875,11,0.2581360860036373,0.0674831966127722,0.1811853226206751,0.1434101547258343,0.0174198482447024,0.2884198363175291,1.5047882836761912
sub-10177,4,beta,8.1,m,TD,62.998046875,11,0.162829361556885,0.1249530187718875,0.1661168610635741,0.069253045273407,0.0203460202713568,0.2014459102714534,1.418483661940657
sub-10177,4,gamma,8.1,m,TD,62.998046875,11,0.2146561572182814,0.1508366876749425,0.1804102991684723,0.0887846262608389,0.0323780237439881,0.291037756005184,1.2798542258296677
sub-10177,5,theta,8.1,m,TD,62.998046875,11,0.2444392037982811,0.0775451569738681,0.1658322989026289,0.1888913998016464,0.0189550764291826,0.2683977250015438,1.5571130980526455
sub-10177,5,alpha,8.1,m,TD,62.998046875,11,0.2804142031506141,0.1934572765851027,0.1719097419187966,0.1714799226101706,0.054248168057493,0.4168074248447589,1.2798542258296677
sub-10177,5,beta,8.1,m,TD,62.998046875,11,0.1793612597944917,0.1138396477850917,0.1721594133103264,0.0846931192672136,0.0204184226414091,0.2143162267671494,1.2798542258296677
sub-10177,5,gamma,8.1,m,TD,62.998046875,11,0.2013023446010678,0.1311758364580508,0.1801986741343298,0.0638444961104419,0.026406003434143,0.2470618976558319,1.5571130980526455
sub-10177,6,theta,8.1,m,TD,62.998046875,11,0.24835177276575,0.0810638964173544,0.1579303186889339,0.133696489938656,0.0201323623826301,0.283794986699257,1.0888999753422235
sub-10177,6,alpha,8.1,m,TD,62.998046875,11,0.2554621123946324,0.2046556867205762,0.1840883437944336,0.1563338415385766,0.0522817740434171,0.3765161990990863,1.1682824501725628
sub-10177,6,beta,8.1,m,TD,62.998046875,11,0.1639147266304484,0.0910092584075747,0.1948533723621905,0.1075361654076545,0.0149177577128084,0.1916709654405132,1.5047882836761908
sub-10177,6,gamma,8.1,m,TD,62.998046875,11,0.2212719927917604,0.0580315910265438,0.1919083207975825,0.0442098924566911,0.0128407657913778,0.2373446329773602,1.5571130980526455
sub-10182,1,theta,10.6,f,TD,62.998046875,11,0.2860510834007854,0.2250002189998671,0.1490822794000219,0.1584835317926089,0.0643615564105509,0.4518502371247587,1.0888999753412238
sub-10182,1,alpha,10.6,f,TD,62.998046875,11,0.2159818290391561,0.2863787114939319,0.18606025427543,0.1609017660278971,0.0618525979066225,0.3808134178480056,1.1682824501725626
sub-10182,1,beta,10.6,f,TD,62.998046875,11,0.1913538789959749,0.1588634182923012,0.2338558798190747,0.025609116097214,0.0303991313209508,0.2647443452939252,1.1682824501725626
sub-10182,1,gamma,10.6,f,TD,62.998046875,11,0.2153206675666255,0.0655573975325818,0.2681149349026158,0.0568849577534319,0.0141158626007117,0.2429478597741446,1.4708084763171112
sub-10182,2,theta,10.6,f,TD,62.998046875,11,0.246707562487379,0.1032198180862316,0.1378006421122809,0.1010696913901407,0.0254651097205481,0.2923020870698659,1.2206072645490174
sub-10182,2,alpha,10.6,f,TD,62.998046875,11,0.1834130059268512,0.1144356971626828,0.210053655100659,0.0590140162087155,0.0209889952020569,0.2214288160473998,1.470808476317111
sub-10182,2,beta,10.6,f,TD,62.998046875,11,0.1802333295796866,0.1299527299025618,0.2243730287092538,0.0910629702599075,0.0234218131984383,0.229658272064035,1.2798542258296677
sub-10182,2,gamma,10.6,f,TD,62.998046875,11,0.198914703540755,0.0601679426447258,0.2652986548476544,0.0381679797929812,0.0119682884738929,0.2311912290506773,1.1682824501725626
sub-10182,3,theta,10.6,f,TD,61.998046875,11,0.2655878613048321,0.091976499078272,0.1380018988649375,0.1695087610453988,0.024427841680596,0.3236986867737745,1.5047882836761906
sub-10182,3,alpha,10.6,f,TD,61.998046875,11,0.2322420011866652,0.3757109922267486,0.2249616866062096,0.1343218367842431,0.0872558727029434,0.4533759993695569,0.6390318596471769
sub-10182,3,beta,10.6,f,TD,61.998046875,11,0.1866119996247827,0.0761727428000822,0.2101720076173593,0.0405584732917403,0.0142147478509038,0.2138310941963702,1.3321790402061224
sub-10182,3,gamma,10.6,f,TD,61.998046875,11,0.2099521091832043,0.0691961202811146,0.2573277566294709,0.0591433069762841,0.0145278714003839,0.2343972724596289,1.557113098052645
sub-10182,4,theta,10.6,f,TD,62.998046875,11,0.2637815620040519,0.2561081022717172,0.1295496130563384,0.1717459535434303,0.0675565952593831,0.4014485239712809,0.9502705392302347
sub-10182,4,alpha,10.6,f,TD,62.998046875,11,0.1921430659003568,0.3713587292956045,0.2391743074457984,0.149752533915154,0.0713540047960894,0.3832971157510725,0.9404479886513264
sub-10182,4,beta,10.6,f,TD,62.998046875,11,0.2070154529426937,0.3519631958311505,0.2210910108322865,0.1012900833023033,0.0728618204044956,0.4118951562741919,0.8018185525403373
sub-10182,4,gamma,10.6,f,TD,62.998046875,11,0.2352818063673759,0.2968200183579417,0.2625708289087462,0.0593631033512019,0.069836350085551,0.4368260435978349,0.6390318596471771
sub-10182,5,theta,10.6,f,TD,62.998046875,11,0.2412599094777908,0.0833127983099922,0.1316197746251007,0.1489796186666192,0.0201000381786934,0.2680192429557844,1.279854225829668
sub-10182,5,alpha,10.6,f,TD,62.998046875,11,0.189028641282897,0.2212657788109926,0.2251174703766033,0.0821736102401599,0.0418255695312652,0.2814008333964168,1.1935496040941331
sub-10182,5,beta,10.6,f,TD,62.998046875,11,0.1848575656042697,0.1030820853084137,0.2040976920188758,0.0512960041616552,0.0190555033476281,0.2144494077416869,1.5571130980526455
sub-10182,5,gamma,10.6,f,TD,62.998046875,11,0.2071196186576854,0.081727881232425,0.2698131228358129,0.0394334993188732,0.0169274475946422,0.2440484961527119,1.4184836619406564
sub-10182,6,theta,10.6,f,TD,62.998046875,11,0.2431887452243868,0.1387488699137427,0.1454352954264308,0.1495170220081529,0.0337421635757635,0.3125584462747244,1.5047882836761906
sub-10182,6,alpha,10.6,f,TD,62.998046875,11,0.1988632837233691,0.3103035781372511,0.2070215445020242,0.1054585985240857,0.0617079884997951,0.3678733608796267,0.8018185525403374
sub-10182,6,beta,10.6,f,TD,62.998046875,11,0.1752415911411847,0.0560640043191415,0.2324117738847118,0.0529984446808909,0.0098247453226886,0.1886822796689256,1.2798542258296683
sub-10182,6,gamma,10.6,f,TD,62.998046875,11,0.2092166841912263,0.0659638945021034,0.2694181284818038,0.0361977471559113,0.0138007472841359,0.2318402244206357,1.5571130980526455
sub-10212,1,theta,9.5,m,TD,152.998046875,29,0.2713175262467143,0.1868716353415697,0.155981831335014,0.1598121700410255,0.0507015498267396,0.4506736527577101,1.568185015240522
sub-10212,1,alpha,9.5,m,TD,152.998046875,29,0.2578267082253818,0.1536331538632896,0.1519156812208331,0.1845751682873095,0.0396107303350092,0.364394060827848,1.6198051137196083
sub-10212,1,beta,9.5,m,TD,152.998046875,29,0.1939907848638729,0.2254334537049093,0.1654508101336969,0.1113790418979796,0.0437320126190143,0.3386021987540614,1.4958395482416418
sub-10212,1,gamma,9.5,m,TD,152.998046875,29,0.2201876054717218,0.1618380445772375,0.1744688081313937,0.1337371485466505,0.0356347315098495,0.3098858055840663,1.856156181580637
sub-10212,2,theta,9.5,m,TD,152.998046875,29,0.3101557985268734,0.4374871834623144,0.1506008192761134,0.1982904077511212,0.1356891867324644,0.6963774853666023,1.185660807042417
sub-10212,2,alpha,9.5,m,TD,152.998046875,29,0.3195482583310894,0.4212299237790772,0.1599910076884219,0.168105118062469,0.1346032885009629,0.798232668965918,1.4619727346067124
sub-10212,2,beta,9.5,m,TD,152.998046875,29,0.2689148722777546,0.5342574861274811,0.1736427675867549,0.146504958292575,0.1436697836459401,0.7941545767557044,1.3984938475203017
sub-10212,2,gamma,9.5,m,TD,152.998046875,29,0.2814308106879067,0.477045166369705,0.1887753252421877,0.1485566371096902,0.1342552079066504,0.708708428712278,1.3799900384705297
sub-10212,3,theta,9.5,m,TD,152.998046875,29,0.3028617887759006,0.1912242153118466,0.1258881194455318,0.1608367254295955,0.057914507906805,0.4272760854742573,1.9181987317980185
sub-10212,3,alpha,9.5,m,TD,152.998046875,29,0.3066364225083609,0.1941570716818255,0.1463988583049761,0.158532049151734,0.0595356298654085,0.4332259762348739,1.9303343772834043
sub-10212,3,beta,9.5,m,TD,152.998046875,29,0.2255577765768844,0.2066823776872677,0.1756821027979427,0.1260743257136069,0.0466188175689706,0.3438930476416149,1.8060741295637583
sub-10212,3,gamma,9.5,m,TD,152.998046875,29,0.2455654926199537,0.1392676182995264,0.197057411167638,0.0862773014148406,0.0341993212938701,0.3360473606760186,1.8374687478737604
sub-10213,1,theta,8.2,f,TD,62.998046875,11,0.2360409657682801,0.0619913859852477,0.1468588058790413,0.1939459654847863,0.0146325066173341,0.2630681170936134,1.4708084763171108
sub-10213,1,alpha,8.2,f,TD,62.998046875,11,0.2229579412177935,0.0658513428154205,0.1595861336837539,0.085647787807442,0.0146820798206191,0.2451684955590479,1.5047882836761908
sub-10213,1,beta,8.2,f,TD,62.998046875,11,0.2080095059378879,0.050276215491676,0.195783335915868,0.0675486886167076,0.0104579307449006,0.2323333766167573,1.313834033188747
sub-10213,1,gamma,8.2,f,TD,62.998046875,11,0.2528189214239768,0.1047828333784287,0.2127691102873803,0.0419291182576242,0.0264910829185874,0.3147896877278774,1.418483661940657
sub-10213,2,theta,8.2,f,TD,62.998046875,11,0.2596990605442555,0.1075806774820434,0.1379964549287103,0.1202714174666262,0.0279386008749088,0.3074474338353807,1.3661588475652022
sub-10213,2,alpha,8.2,f,TD,62.998046875,11,0.2449931573461616,0.1781037110290496,0.1502202628792205,0.1125140813552944,0.0436341905002533,0.316378258222421,1.2206072645490174
sub-10213,2,beta,8.2,f,TD,62.998046875,11,0.2270154879562997,0.1124856232281355,0.1835458065906061,0.0844572881910297,0.0255359786453161,0.2727166515465321,1.2798542258296672
sub-10213,2,gamma,8.2,f,TD,62.998046875,11,0.2558585604961118,0.2074950530672419,0.2280374252246325,0.1028702441067804,0.0530893855880563,0.3640689690083448,1.2798542258296677
sub-10213,3,theta,8.2,f,TD,62.998046875,11,0.2232943248902228,0.0664042497479869,0.1307959822030016,0.0998068430292971,0.0148276921173849,0.2536261054506482,1.4708084763171114
sub-10213,3,alpha,8.2,f,TD,62.998046875,11,0.242673230536542,0.1048883463263136,0.1907093955736013,0.0738664294212404,0.025453593848747,0.2805816219041354,1.5571130980526455
sub-10213,3,beta,8.2,f,TD,62.998046875,11,0.1940126797280085,0.0858102872075877,0.1642530837159782,0.1086733030956069,0.0166482837694599,0.2341714217123011,1.2275294114522126
sub-10213,3,gamma,8.2,f,TD,62.998046875,11,0.2271908193941432,0.144868018364444,0.1930149008661743,0.0607553407299953,0.0329126837963686,0.3090289945307651,1.0888999753412238
sub-10213,4,theta,8.2,f,TD,62.998046875,11,0.2718048711116462,0.1156955654289164,0.138923792442993,0.2098871833194091,0.0314466182497113,0.313609334470998,1.557113098052646
sub-10213,4,alpha,8.2,f,TD,62.998046875,11,0.2564059900262379,0.0986537895717418,0.177577570185458,0.1329264834544368,0.0252954225850812,0.3191099180729098,1.2798542258296677
sub-10213,4,beta,8.2,f,TD,62.998046875,11,0.2082262273010421,0.0869027780493179,0.1704354142161991,0.0668583622161847,0.0180954376152761,0.2360301392044777,1.1682824501725624
sub-10213,4,gamma,8.2,f,TD,62.998046875,11,0.2553021810988714,0.0778299947007686,0.1770251299333585,0.0926874945264644,0.0198701674020976,0.2911637966060682,1.4184836619406564
sub-10213,5,theta,8.2,f,TD,62.998046875,11,0.2460688855145993,0.1000030420818033,0.137523216390961,0.1233170228821891,0.0246076371132389,0.2850419913591341,1.3321790402061229
sub-10213,5,alpha,8.2,f,TD,62.998046875,11,0.2360099681676208,0.1164933680694663,0.1843397806034432,0.0753931632287896,0.0274935960899301,0.3044088071905121,1.1935496040941334
sub-10213,5,beta,8.2,f,TD,62.998046875,11,0.2188350872351627,0.1267597091029309,0.1826535371286841,0.0571195743215692,0.0277394719995705,0.2920778760988111,1.1682824501725624
sub-10213,5,gamma,8.2,f,TD,62.998046875,11,0.251824190818588,0.166105257264271,0.1966081941277765,0.1111570262268067,0.0418293220014545,0.3652468136428248,1.0888999753412236
sub-10213,6,theta,8.2,f,TD,62.998046875,11,0.2687084734229069,0.1614592843617986,0.1392394458715782,0.124188568262565,0.0433854778209754,0.3501858800973599,1.504788283676191
sub-10213,6,alpha,8.2,f,TD,62.998046875,11,0.2723680306936269,0.189348430665023,0.1827584537590277,0.1186882357531365,0.0515724591753504,0.3569235665209844,1.2206072645490171
sub-10213,6,beta,8.2,f,TD,62.998046875,11,0.2364210924523649,0.1343930475069492,0.1827603254673502,0.0964540855059132,0.0317733511097299,0.2879750534774551,1.6094379124291005
sub-10213,6,gamma,8.2,f,TD,62.998046875,11,0.2737962774742232,0.201834757319243,0.2151016738142656,0.1661522218155953,0.0552616052191237,0.4084493615641024,1.2798542258296677
sub-10214,1,theta,12.6,f,TD,62.998046875,11,0.2401511218584275,0.1183397463795562,0.1483140626297649,0.1370283747707026,0.0284194228536105,0.3096419020457416,1.1682824501725622
sub-10214,1,alpha,12.6,f,TD,62.998046875,11,0.2058973354568634,0.186197316050912,0.1840641204184129,0.1556217005159077,0.0383375312442884,0.252485378194013,1.2798542258296677
sub-10214,1,beta,12.6,f,TD,62.998046875,11,0.1459746501587129,0.0702453912202688,0.1721961565969015,0.071378913883319,0.0102540464087109,0.1594584459540329,1.4708084763171112
sub-10214,1,gamma,12.6,f,TD,62.998046875,11,0.1843564612272469,0.0426499301914194,0.1975237851963059,0.0457851519290385,0.0078627902017218,0.2005347005856312,1.0888999753412238
sub-10214,2,theta,12.6,f,TD,62.998046875,11,0.2207859965883476,0.076313160793059,0.1598956430417611,0.1604540570414654,0.0168488772585786,0.2425990390190781,1.1935496040941331
sub-10214,2,alpha,12.6,f,TD,62.998046875,11,0.2091949168152402,0.2573186106329161,0.2007282399065754,0.119747175585328,0.0538297453466233,0.3225913993566845,1.4708084763171114
sub-10214,2,beta,12.6,f,TD,62.998046875,11,0.1577862857901097,0.1514160372523858,0.2020796913797959,0.0817863581240807,0.0238913741272622,0.202947918072108,1.504788283676191
sub-10214,2,gamma,12.6,f,TD,62.998046875,11,0.2236650547696998,0.221147779709209,0.2017770928366702,0.0581990682132669,0.0494630302610789,0.3263826242987843,0.8018185525403375
sub-10214,3,theta,12.6,f,TD,62.998046875,11,0.2233819840100183,0.1656902672004929,0.1813832411158968,0.1710117098411507,0.0370122206185618,0.2754452439748166,1.5047882836761908
sub-10214,3,alpha,12.6,f,TD,62.998046875,11,0.2150347222670248,0.3330327657081525,0.2145632937549218,0.0898799385337291,0.0716136082802047,0.3811319386736613,1.2206072645490171
sub-10214,3,beta,12.6,f,TD,62.998046875,11,0.1708844299033843,0.16325291770119,0.1884507493911318,0.0686256337749141,0.0278973817715952,0.2279193708360257,1.3592367006600068
sub-10214,3,gamma,12.6,f,TD,62.998046875,11,0.2499007249641331,0.2716568494823664,0.204037382102364,0.0886568127246903,0.0678872436273874,0.4179232858729213,1.0888999753412238
sub-10214,4,theta,12.6,f,TD,62.998046875,11,0.2116012628605941,0.0958291616107765,0.1380590301018719,0.1096166493343042,0.0202775716158081,0.2433016361129466,1.3592367006600063
sub-10214,4,alpha,12.6,f,TD,62.998046875,11,0.2066224635408096,0.2483907727796179,0.2141427359149636,0.1424955080826198,0.0513231133927785,0.3156017726137177,1.2798542258296677
sub-10214,4,beta,12.6,f,TD,62.998046875,11,0.1409826254254069,0.1073914095766132,0.1572636291425765,0.0775391152604371,0.0151403228703535,0.1646959008564488,1.6094379124291005
sub-10214,4,gamma,12.6,f,TD,62.998046875,11,0.1934774132598427,0.1076202506162587,0.1608157916986302,0.0766247332501146,0.0208220877037173,0.2502819399553931,1.0888999753412232
sub-10214,5,theta,12.6,f,TD,62.998046875,11,0.206683863799196,0.1300957496555393,0.1841971760290729,0.1179177742936097,0.0268886922027899,0.2497210312279105,1.5571130980526455
sub-10214,5,alpha,12.6,f,TD,62.998046875,11,0.1617604911005555,0.3867973928575473,0.2227608085481327,0.0912975377472842,0.0625685362254381,0.3449036087572329,0.6390318596471769
sub-10214,5,beta,12.6,f,TD,62.998046875,11,0.1565562262853614,0.1275601455086392,0.1740996292723312,0.0928671118191772,0.0199703350053717,0.2007147643885386,1.5047882836761908
sub-10214,5,gamma,12.6,f,TD,62.998046875,11,0.2015225560392695,0.0804380085312373,0.2254274810229016,0.1137184560811387,0.0162100730820039,0.2370033921551886,1.1682824501725633
sub-10214,6,theta,12.6,f,TD,61.998046875,11,0.2110984424152547,0.1321160595186309,0.154489138270546,0.1244301865226912,0.0278894943825561,0.2880227657919509,0.8979457248537798
sub-10214,6,alpha,12.6,f,TD,61.998046875,11,0.1696909169891303,0.272141993280211,0.2180560413833437,0.1083351083600831,0.0461800243912409,0.2838399740576394,1.1682824501725626
sub-10214,6,beta,12.6,f,TD,61.998046875,11,0.1454227516165152,0.1171115842177245,0.149617317094718,0.1035939717073252,0.0170306888232278,0.1712302540986412,1.5571130980526453
sub-10214,6,gamma,12.6,f,TD,61.998046875,11,0.1946208945806585,0.0443793443225703,0.210091551679096,0.0776043284470736,0.008637147693006,0.2069882646033111,1.5571130980526462
sub-10258,1,theta,12.7,m,TD,62.998046875,11,0.2484929009241117,0.1320564652773244,0.1566550167256027,0.1721610648824016,0.0328150941426786,0.3221339037961392,1.418483661940657
sub-10258,1,alpha,12.7,m,TD,62.998046875,11,0.2749596837303645,0.0702215128508412,0.1476321100163188,0.117307653889938,0.0193080849646052,0.31258592293011,1.5047882836761906
sub-10258,1,beta,12.7,m,TD,62.998046875,11,0.1918370003828355,0.0986965305788904,0.1850811660681592,0.1093427266490639,0.0189336463745458,0.230918993800536,1.4708084763171112
sub-10258,1,gamma,12.7,m,TD,62.998046875,11,0.1864075278602683,0.104215287176864,0.2414593746830627,0.1134848177520736,0.0194265140479913,0.2227257327518991,1.5047882836761908
sub-10258,2,theta,12.7,m,TD,61.998046875,11,0.2562796294155373,0.055117464594768,0.1605336870531333,0.1405264830053698,0.0141254834007262,0.2820601481520842,1.359236700660007
sub-10258,2,alpha,12.7,m,TD,61.998046875,11,0.2713030322878936,0.1070665854542815,0.1455662973235164,0.1159926467899394,0.0290474892905645,0.3228839635329632,1.3661588475652018
sub-10258,2,beta,12.7,m,TD,61.998046875,11,0.1837237014524469,0.0679948731512878,0.1674040639876294,0.0869634324986051,0.0124922697752122,0.2104181902503961,1.2275294114522133
sub-10258,2,gamma,12.7,m,TD,61.998046875,11,0.200351612781917,0.1434347857989747,0.2182003192373032,0.0951693622789954,0.0287373906639968,0.2791711032283928,0.801818552540337
sub-10258,3,theta,12.7,m,TD,62.998046875,11,0.2512624906621587,0.0888804433509596,0.1353436693095388,0.237254302518186,0.0223323215676079,0.2837353370283743,1.2798542258296677
sub-10258,3,alpha,12.7,m,TD,62.998046875,11,0.2713872808335854,0.0770615382560381,0.1509431684531228,0.1237371813821023,0.0209135213242365,0.3147339076185878,1.2798542258296677
sub-10258,3,beta,12.7,m,TD,62.998046875,11,0.1832367564094557,0.0503022921583943,0.1529276686135237,0.0621865447084127,0.0092172288551152,0.2001070625026283,1.557113098052646
sub-10258,3,gamma,12.7,m,TD,62.998046875,11,0.2032516504147287,0.1334283492239183,0.2204832835346962,0.1637199854147164,0.0271195321920076,0.2407600985469028,1.3661588475652016
sub-10258,4,theta,12.7,m,TD,62.998046875,11,0.2562272956558079,0.0908098229940599,0.1425951168154675,0.1186110606079079,0.0232679553648413,0.2959859725613232,1.2798542258296677
sub-10258,4,alpha,12.7,m,TD,62.998046875,11,0.2745607989650889,0.0928430446984062,0.1506794726233425,0.1265701095650395,0.0254910605308387,0.3439276483939644,1.1935496040941336
sub-10258,4,beta,12.7,m,TD,62.998046875,11,0.183329009208341,0.0795675259657226,0.1743025864589695,0.0842767267660214,0.0145870357005344,0.2121940440698575,1.3321790402061215
sub-10258,4,gamma,12.7,m,TD,62.998046875,11,0.1952703227103851,0.0679886088683334,0.221179525624922,0.0925877063994439,0.0132761575944176,0.2166541519294946,1.504788283676191
sub-10258,5,theta,12.7,m,TD,61.998046875,11,0.244043968474113,0.0321283139753848,0.1530051741792158,0.1336535848389079,0.0078407212429673,0.261324358947245,1.279854225829668
sub-10258,5,alpha,12.7,m,TD,61.998046875,11,0.2537975241365324,0.0466110572503269,0.126275069377292,0.0935108908613942,0.0118297709275657,0.2771789310345927,1.47080847631711
sub-10258,5,beta,12.7,m,TD,61.998046875,11,0.203860860563196,0.0843491215056697,0.1779158460751392,0.0748932763582201,0.0171954844979797,0.2397161056263682,1.4708084763171114
sub-10258,5,gamma,12.7,m,TD,61.998046875,11,0.2135152171949386,0.1300601461364271,0.203977763255401,0.1171745738003477,0.0277698203508547,0.2917402488832724,0.89794572485378
sub-10258,6,theta,12.7,m,TD,61.998046875,11,0.2915917773630995,0.1150420949386844,0.1563332717310575,0.1514181615919851,0.0335453289348604,0.3517530347423415,1.5047882836761912
sub-10258,6,alpha,12.7,m,TD,61.998046875,11,0.2684990781453126,0.1005674603162388,0.1470024323938225,0.1052243765618346,0.027002270386426,0.3150811960836703,1.2798542258296668
sub-10258,6,beta,12.7,m,TD,61.998046875,11,0.2056963146645595,0.1284251540405609,0.1939541258642233,0.040297058107809,0.0264165808965001,0.2502839959847157,1.1682824501725628
sub-10258,6,gamma,12.7,m,TD,61.998046875,11,0.2162147644635765,0.0865002345515282,0.2142413756484464,0.0702816229077105,0.0187026278396893,0.2436312524370864,1.5571130980526455
sub-10260,1,theta,8.3,f,TD,152.998046875,29,0.2280446538604365,0.1024832922244817,0.1772038221452905,0.1511737978264814,0.0233707669019124,0.2911967200109004,1.8590247687384207
sub-10260,1,alpha,8.3,f,TD,152.998046875,29,0.2404765813881544,0.1264008495900256,0.1391756807524254,0.1746382611819966,0.030396444194094,0.3087998541270075,1.883296059709192
sub-10260,1,beta,8.3,f,TD,152.998046875,29,0.1769055259515754,0.1101551327817721,0.1639005728938842,0.1253385762407854,0.0194870517011351,0.2231718639709621,1.9455137572114567
sub-10260,1,gamma,8.3,f,TD,152.998046875,29,0.2240753548319854,0.1908056437720074,0.1792894076871039,0.0754606967766606,0.0427548423323488,0.3666040247361299,1.127534789814125
sub-10260,2,theta,8.3,f,TD,152.998046875,29,0.2429326614669163,0.0961331840828649,0.1543682468009218,0.1793377290981352,0.0233538902646355,0.2954181555734405,1.9364897736680384
sub-10260,2,alpha,8.3,f,TD,152.998046875,29,0.2332243290259855,0.1224059650951065,0.1369559262497962,0.1498703656056121,0.0285480490782068,0.3222953705205513,1.7183239515065765
sub-10260,2,beta,8.3,f,TD,152.998046875,29,0.17107592889707,0.1029592245122038,0.1780522173299044,0.1144201046745451,0.0176138449720502,0.2041966756088105,1.9895083403430016
sub-10260,2,gamma,8.3,f,TD,152.998046875,29,0.2031474487485916,0.071761842452543,0.1714458225239505,0.0831115480518036,0.0145782352118042,0.2301977732222916,1.979844890180544
sub-10260,3,theta,8.3,f,TD,152.998046875,29,0.2511142479849188,0.1192897521830786,0.1645731923032021,0.1175423730256624,0.0299553564118804,0.3187952141464029,1.8489649267401056
sub-10260,3,alpha,8.3,f,TD,152.998046875,29,0.2447941107518146,0.0896493353700793,0.1368771215800503,0.1475819077451095,0.0219456293314994,0.289580478527747,1.889451456093826
sub-10260,3,beta,8.3,f,TD,152.998046875,29,0.1632835379995388,0.0841482254593857,0.1435035512676382,0.0993365428592796,0.0137400199694755,0.212742882794985,1.4570283439628584
sub-10260,3,gamma,8.3,f,TD,152.998046875,29,0.1961415334703671,0.1274567583520846,0.1772087913915287,0.1102781994123109,0.0249995640344673,0.2781025696837386,1.6267195116810789
sub-10310,1,theta,11.8,m,TD,62.998046875,11,0.199215226070692,0.103383248658645,0.1339617725908993,0.1202826768274426,0.0205955172535579,0.2296143540365068,1.2798542258296677
sub-10310,1,alpha,11.8,m,TD,62.998046875,11,0.2499805456190996,0.2412737250475644,0.1692477893602918,0.2029991422849171,0.060313737431184,0.3717322433347031,1.504788283676191
sub-10310,1,beta,11.8,m,TD,62.998046875,11,0.1484100571572897,0.1377075036105208,0.1740747746197426,0.0877724000925099,0.0204371784819627,0.1798812397501373,1.504788283676191
sub-10310,1,gamma,11.8,m,TD,62.998046875,11,0.1577607869352143,0.114725191020036,0.1715727692291803,0.0628423645850897,0.0180991364167284,0.2021211085593956,1.220607264549017
sub-10310,2,theta,11.8,m,TD,62.998046875,11,0.1934055106245679,0.0541856208906632,0.1514944510272987,0.117913246746927,0.0104797976769221,0.216941773604435,1.193549604094133
sub-10310,2,alpha,11.8,m,TD,62.998046875,11,0.2145268829874415,0.201327369600102,0.1745698536022618,0.1233574562025134,0.0431901330605718,0.2877176228675021,1.366158847565202
sub-10310,2,beta,11.8,m,TD,62.998046875,11,0.1449901991183536,0.1109522210017068,0.1942494960792851,0.0714099493064724,0.016086984615772,0.1716891892980009,1.332179040206122
sub-10310,2,gamma,11.8,m,TD,62.998046875,11,0.1495344396842049,0.0787386909327194,0.2063104333238367,0.0614602451240717,0.0117741460301707,0.1703049220274216,1.4708084763171108
sub-10310,3,theta,11.8,m,TD,62.998046875,11,0.2096022005129979,0.1052080537342283,0.1410177272874859,0.1190357025032669,0.0220518395744892,0.2408295553759276,1.4708084763171112
sub-10310,3,alpha,11.8,m,TD,62.998046875,11,0.2185701278063641,0.1448715808130919,0.1675916222876599,0.139260330577641,0.0316645999339724,0.2639106850062725,1.3661588475652016
sub-10310,3,beta,11.8,m,TD,62.998046875,11,0.1403962218989058,0.1230223425942775,0.1638229482416873,0.0781465652586094,0.0172718721095124,0.1681257175790697,1.4708084763171112
sub-10310,3,gamma,11.8,m,TD,62.998046875,11,0.1612531090513501,0.1021921969376357,0.169858006791988,0.0499771993367159,0.0164788094770838,0.1884777294897556,1.5571130980526453
sub-10310,4,theta,11.8,m,TD,62.998046875,11,0.2247300304501309,0.0693951202340767,0.1439540382141637,0.1722284931455349,0.0155951674833639,0.2454769695764123,1.504788283676191
sub-10310,4,alpha,11.8,m,TD,62.998046875,11,0.2426126001954075,0.2921702941439439,0.1591363056310573,0.2618732646611013,0.0708841947624114,0.4152441279736114,1.0888999753412238
sub-10310,4,beta,11.8,m,TD,62.998046875,11,0.1331733475254726,0.1052882822417516,0.1669953793318081,0.0757604323046253,0.0140215930014461,0.1576651424519695,1.5047882836761903
sub-10310,4,gamma,11.8,m,TD,62.998046875,11,0.1662136756048289,0.1173897388300291,0.1746945689215793,0.0683637421334101,0.0195117799693474,0.2054702417971797,1.3661588475652018
sub-10310,5,theta,11.8,m,TD,62.998046875,11,0.1975359922213271,0.1355507202549845,0.1697203834396647,0.1052229097843676,0.0267761460220194,0.242370354774238,1.6094379124291005
sub-10310,5,alpha,11.8,m,TD,62.998046875,11,0.2052041052705236,0.1740529938565897,0.175001152628388,0.1879236240473245,0.0357163888741715,0.2639679745210954,1.3661588475652018
sub-10310,5,beta,11.8,m,TD,62.998046875,11,0.1365209738587345,0.0732707028542597,0.1324905779409216,0.1295380505272041,0.0100029877090507,0.1455630807020012,0.9404479886513264
sub-10310,5,gamma,11.8,m,TD,62.998046875,11,0.1538973958640097,0.1104515984684517,0.1481449291145493,0.1189595407514177,0.0169982133734224,0.1952360448258778,1.2798542258296677
sub-10310,6,theta,11.8,m,TD,62.998046875,11,0.2014727872914895,0.1019809829656217,0.1566663826657712,0.2174025619820329,0.0205463928889117,0.2274526703678852,1.4184836619406564
sub-10310,6,alpha,11.8,m,TD,62.998046875,11,0.2122601296186353,0.2903482043419742,0.1766474684178015,0.1784408612680758,0.0616293474884558,0.3423287293913626,1.5047882836761906
sub-10310,6,beta,11.8,m,TD,62.998046875,11,0.1278005292442597,0.0892715233541393,0.1493626438268055,0.1143875684703196,0.0114089479311895,0.1414298920890929,1.1935496040941338
sub-10310,6,gamma,11.8,m,TD,62.998046875,11,0.150227040753146,0.0689609887880479,0.1467576833141154,0.0665726415389043,0.0103598052731082,0.1766397375899569,1.2798542258296677
sub-10314,1,theta,9.0,m,TD,152.998046875,29,0.2419514733643045,0.1256287255193047,0.1569796141950621,0.1845741140684158,0.0303960552364012,0.3166798643143835,1.8898478479296832
sub-10314,1,alpha,9.0,m,TD,152.998046875,29,0.23695581236884,0.1631248439768807,0.1711049877342879,0.1561194524273901,0.0386533799222451,0.3358643384503304,1.7600037429451425
sub-10314,1,beta,9.0,m,TD,152.998046875,29,0.1771092058547506,0.0857840081643867,0.2134846608714765,0.08602929319272,0.0151931375611177,0.2208937742430487,1.7986575435949774
sub-10314,1,gamma,9.0,m,TD,152.998046875,29,0.228894697850385,0.0787729428073976,0.2206108929722348,0.0513867353573062,0.0180307089427637,0.2653858910451187,1.9823170855034693
sub-10314,2,theta,9.0,m,TD,152.998046875,29,0.2597178468702504,0.0883482212012332,0.1433513674490611,0.1352321044529221,0.0229456097852892,0.3261453904049352,1.7378082554614416
sub-10314,2,alpha,9.0,m,TD,152.998046875,29,0.2450986922107403,0.2056438892481118,0.1528311827662045,0.1593371330482077,0.0504030483160481,0.3926826930028429,1.7207961468285036
sub-10314,2,beta,9.0,m,TD,152.998046875,29,0.1833312860840097,0.1053498391741368,0.206935455377817,0.1050552653417337,0.0193139215046434,0.2202422359593704,1.686465013859416
sub-10314,2,gamma,9.0,m,TD,152.998046875,29,0.2364108819612914,0.1361509580047945,0.2323547521723098,0.052716867333836,0.0321875680619243,0.3368102415643056,1.626719511681079
sub-10314,3,theta,9.0,m,TD,152.998046875,29,0.250442141266945,0.0994919167906831,0.1378167230074435,0.1577050319774533,0.0249169686799109,0.3341358687208652,1.5799580509859272
sub-10314,3,alpha,9.0,m,TD,152.998046875,29,0.2468045267171016,0.1475986194157791,0.1539268544377404,0.1678571349356938,0.0364280074091565,0.330517931488613,1.861100572225491
sub-10314,3,beta,9.0,m,TD,152.998046875,29,0.1689815504462504,0.0866915821939594,0.2262234951379805,0.083203701511698,0.0146492779698605,0.2012733186748584,1.866216023577953
sub-10314,3,gamma,9.0,m,TD,152.998046875,29,0.2124857072648756,0.0623254641781245,0.2504260155249682,0.0693558978683334,0.0132432703365627,0.2532867718172338,1.7086605013441176
sub-10354,2,theta,12.5,f,TD,62.998046875,11,0.2375128564723362,0.1206011399457214,0.1636677924037413,0.1145615418376064,0.0286443212424488,0.2914700326928364,1.3661588475652018
sub-10354,2,alpha,12.5,f,TD,62.998046875,11,0.2135689649982632,0.1657177150967267,0.1458328956723681,0.2518893439019449,0.0353921608952507,0.307282955434086,1.1682824501725628
sub-10354,2,beta,12.5,f,TD,62.998046875,11,0.1668580714056432,0.0739763487405354,0.1619444252715748,0.0589663682258857,0.012343550880551,0.1927244793491284,1.220607264549018
sub-10354,2,gamma,12.5,f,TD,62.998046875,11,0.2076175010156795,0.0596198028566864,0.2128625162634868,0.0809605071963914,0.0123781144802123,0.2262995152460925,1.557113098052646
sub-10354,3,theta,12.5,f,TD,62.998046875,11,0.2340594362588743,0.1064135855999364,0.136727245491964,0.1596874771500729,0.024907103855913,0.3041971474991712,0.8979457248537799
sub-10354,3,alpha,12.5,f,TD,62.998046875,11,0.216342312272897,0.2559708021480396,0.1465458262287925,0.2700680191067621,0.0553773152113111,0.3415882523249599,1.1682824501725626
sub-10354,3,beta,12.5,f,TD,62.998046875,11,0.1515461293063504,0.1246455921597104,0.1454975520507089,0.1020542373885134,0.0188895570270267,0.1918884030561563,1.5047882836761908
sub-10354,3,gamma,12.5,f,TD,62.998046875,11,0.1730377188060534,0.0734316387998159,0.2094788884941917,0.0766106146686744,0.0127064432661836,0.1974934129472413,1.366158847565202
sub-10354,4,theta,12.5,f,TD,62.998046875,11,0.2344068682616796,0.0758105515626212,0.1192070928567364,0.187073402762129,0.0177705139730604,0.2641858789146669,1.5571130980526455
sub-10354,4,alpha,12.5,f,TD,62.998046875,11,0.2259211414885339,0.0849297003134071,0.1144411392193815,0.1598849494951817,0.0191874148411689,0.2681489305870247,1.0888999753412234
sub-10354,4,beta,12.5,f,TD,62.998046875,11,0.1438313767358258,0.1086650785717067,0.1266751762999908,0.090525146054935,0.0156294478541839,0.1604275869587335,1.2798542258296677
sub-10354,4,gamma,12.5,f,TD,62.998046875,11,0.1763303327775342,0.0626006688964133,0.1778661762102624,0.1011741875354488,0.0110383967786634,0.1947280672696506,1.4708084763171103
sub-10354,5,theta,12.5,f,TD,62.998046875,11,0.2206980443383739,0.0867330312792751,0.1331608716623549,0.1552559299953663,0.0191418103829617,0.261913652082174,1.470808476317111
sub-10354,5,alpha,12.5,f,TD,62.998046875,11,0.2145291567428313,0.1118676004881218,0.1321890868466739,0.1318941817048718,0.0239988619996725,0.2627272556632584,1.5047882836761908
sub-10354,5,beta,12.5,f,TD,62.998046875,11,0.1527010296165574,0.11196074873641,0.1179868951306258,0.0945216041446659,0.0170965216088024,0.1782706462143556,1.5571130980526455
sub-10354,5,gamma,12.5,f,TD,62.998046875,11,0.1794998703770554,0.0971255650154962,0.1891307006910766,0.0724667718439195,0.0174340263306769,0.2028654392044733,1.5047882836761906
sub-10354,6,theta,12.5,f,TD,62.998046875,11,0.2475028185368074,0.1525282306077013,0.1435700152966325,0.138381800765964,0.0377511669819907,0.3255684475722716,1.4708084763171112
sub-10354,6,alpha,12.5,f,TD,62.998046875,11,0.2018356691033282,0.1258326262021373,0.1378361968209676,0.1574219048298747,0.0253975123046632,0.2439879077059326,1.4708084763171112
sub-10354,6,beta,12.5,f,TD,62.998046875,11,0.1605678557984362,0.1466067422654397,0.1250607912466787,0.0705677014716948,0.0235403302513022,0.2103436798140971,1.5047882836761908
sub-10354,6,gamma,12.5,f,TD,62.998046875,11,0.1814690004183959,0.2582165212646127,0.1577546788264772,0.0738595117450287,0.0468582940056629,0.3122253700680181,0.8018185525403375
sub-10400,1,theta,12.6,f,TD,61.998046875,11,0.2372388019846806,0.1372558615438577,0.1107385547192822,0.2532033023135406,0.0325624161581772,0.3001942509890603,1.2206072645490171
sub-10400,1,alpha,12.6,f,TD,61.998046875,11,0.2273024527358972,0.1544408600869129,0.1551702440745217,0.1460598845191298,0.0351047863005512,0.2989063772238964,1.0888999753412234
sub-10400,1,beta,12.6,f,TD,61.998046875,11,0.165784348496407,0.1633654552587029,0.1332622718075365,0.0961138909893667,0.0270834355670463,0.2177922575223415,1.2206072645490174
sub-10400,1,gamma,12.6,f,TD,61.998046875,11,0.2162588533945002,0.2412878106281333,0.1848626387764885,0.113259296815526,0.0521806252647507,0.3053182449498476,1.4708084763171112
sub-10400,2,theta,12.6,f,TD,62.998046875,11,0.2339523110354784,0.1070744158138535,0.1568374826503444,0.1210579367442392,0.0250503070325318,0.2749256649245542,1.359236700660006
sub-10400,2,alpha,12.6,f,TD,62.998046875,11,0.2449802899297406,0.1994679475307442,0.1443052524948825,0.1303913035442248,0.0488657156179714,0.351398646671246,1.5047882836761906
sub-10400,2,beta,12.6,f,TD,62.998046875,11,0.2015685931209646,0.3848638683715978,0.1883162127528624,0.0884411391686699,0.0775764684911399,0.3551743766258093,1.0888999753412236
sub-10400,2,gamma,12.6,f,TD,62.998046875,11,0.2650531821766396,0.5029256024414998,0.2151205840349608,0.1352737603347457,0.133302031325726,0.5569863599244218,1.2275294114522128
sub-10400,3,theta,12.6,f,TD,62.998046875,11,0.2202691675240595,0.1349449753560391,0.1799421597987132,0.1903267624660157,0.0297242173833644,0.2781737845390471,1.5047882836761908
sub-10400,3,alpha,12.6,f,TD,62.998046875,11,0.2167968945741094,0.1298077449686618,0.1719261753441538,0.1105305304531438,0.0281419160010036,0.2725391054274125,1.5047882836761908
sub-10400,3,beta,12.6,f,TD,62.998046875,11,0.2050806535198545,0.1665449818114185,0.1634376966856538,0.1161689869828192,0.0341551537105045,0.2648443938073943,1.5571130980526455
sub-10400,3,gamma,12.6,f,TD,62.998046875,11,0.2509924451567298,0.2480747444939831,0.2086698138341705,0.106924123118155,0.0622648867024238,0.3833053821646225,1.4708084763171116
sub-10400,4,theta,12.6,f,TD,61.998046875,11,0.2182080579308592,0.13158778639912,0.1829156932928858,0.0928836658446979,0.0287135153177043,0.2750973764281134,1.2798542258296677
sub-10400,4,alpha,12.6,f,TD,61.998046875,11,0.2326994568258617,0.0799117220582748,0.1420826050092148,0.1766670873072788,0.0185954143170596,0.2573751216568462,1.2798542258296677
sub-10400,4,beta,12.6,f,TD,61.998046875,11,0.1652544672120102,0.0786357910636093,0.1826031632567884,0.0601938188135551,0.0129949157560903,0.1892754464005871,1.4708084763171114
sub-10400,4,gamma,12.6,f,TD,61.998046875,11,0.2158263893374259,0.0804233277784343,0.2376151055319234,0.0790147650584221,0.0173574764530002,0.2422616888532039,1.3661588475652018
sub-10400,5,theta,12.6,f,TD,62.998046875,11,0.2185390347828935,0.1374861069071597,0.1345611264947147,0.1486449509421477,0.0300460810996858,0.2894123287624726,1.2798542258296672
sub-10400,5,alpha,12.6,f,TD,62.998046875,11,0.2068361855607744,0.1693304426747209,0.163597337820308,0.1651780697578196,0.035023662862326,0.2883612208978414,1.3592367006600066
sub-10400,5,beta,12.6,f,TD,62.998046875,11,0.1505328216893191,0.0403645438930338,0.1216692639935023,0.0945846454596221,0.0060761886884611,0.1622748248528811,1.5047882836761908
sub-10400,5,gamma,12.6,f,TD,62.998046875,11,0.184011655381578,0.0749908811277622,0.1846377484301183,0.0804172299741767,0.0137991961749176,0.2105211171624259,1.359236700660007
sub-10400,6,theta,12.6,f,TD,62.998046875,11,0.2164163164721675,0.0925835927725743,0.1182999461593795,0.2544324995699001,0.0200366001136923,0.2556351495856648,1.504788283676191
sub-10400,6,alpha,12.6,f,TD,62.998046875,11,0.23333379652669,0.2469578522619746,0.1752915650920687,0.1200673585052933,0.0576236132506109,0.3653964246403805,1.4184836619406564
sub-10400,6,beta,12.6,f,TD,62.998046875,11,0.1500949688130065,0.0609393743009428,0.1326381096207501,0.1277047554116432,0.009146693485245,0.1639856233421327,1.418483661940656
sub-10400,6,gamma,12.6,f,TD,62.998046875,11,0.1842076574566132,0.0585865314999431,0.1746375093034089,0.0811557101863491,0.0107920877261711,0.2042818961703105,1.50478828367619
sub-10434,1,theta,8.7,m,TD,62.998046875,11,0.2580278165314056,0.0820841749385723,0.1344273503418478,0.1054682929983745,0.0211800004312638,0.3027829573188718,1.4184836619406562
sub-10434,1,alpha,8.7,m,TD,62.998046875,11,0.2668209032306381,0.1261297731777831,0.1538517596307835,0.2347889954193304,0.0336540600036977,0.3396405036211756,1.504788283676191
sub-10434,1,beta,8.7,m,TD,62.998046875,11,0.1852395120251188,0.0830461354306217,0.2237198915081414,0.0780468443085426,0.0153834256028233,0.2128115498413238,1.2798542258296677
sub-10434,1,gamma,8.7,m,TD,62.998046875,11,0.2252025612609506,0.0681570257452377,0.2558940634315946,0.0551564166793658,0.0153491367658242,0.2519803340804756,1.2206072645490165
sub-10434,2,theta,8.7,m,TD,62.998046875,11,0.2672651121506524,0.0740011895417346,0.1404311810164178,0.1922610917002665,0.0197779362222273,0.293571108544316,1.504788283676191
sub-10434,2,alpha,8.7,m,TD,62.998046875,11,0.2437430191396938,0.1976881196352506,0.2094137411667463,0.1175364961286772,0.0481850991281426,0.3457799703323445,1.4708084763171114
sub-10434,2,beta,8.7,m,TD,62.998046875,11,0.190018803498865,0.0674825227627878,0.2234631468363633,0.0380942366492648,0.0128229482325373,0.2098767561338538,1.5047882836761914
sub-10434,2,gamma,8.7,m,TD,62.998046875,11,0.2338284448617281,0.1354767497608946,0.239569073982039,0.0528581174478353,0.0316783177116469,0.3087375438585959,1.0888999753412236
sub-10434,3,theta,8.7,m,TD,62.998046875,11,0.2697448133030057,0.0853988907199644,0.1325100040006729,0.1453056279149175,0.0230359078336259,0.3110718595543353,1.2798542258296672
sub-10434,3,alpha,8.7,m,TD,62.998046875,11,0.2848028795903589,0.2977733380422455,0.1693011976825882,0.1479868771664336,0.0848067041399626,0.5171778595314309,0.9404479886513262
sub-10434,3,beta,8.7,m,TD,62.998046875,11,0.2024776489797809,0.0764046189752663,0.2131473105168826,0.0699958945122639,0.0154702276213843,0.235036106187236,1.470808476317111
sub-10434,3,gamma,8.7,m,TD,62.998046875,11,0.2395060835613529,0.0730336588760744,0.2295776144381723,0.0835621926961207,0.0174920056056374,0.2716398609818878,1.5571130980526455
sub-10434,4,theta,8.7,m,TD,61.998046875,11,0.2552848937270134,0.0997980637869819,0.1297044495735149,0.1501644373513961,0.0254769381081211,0.3112292350402678,1.4708084763171114
sub-10434,4,alpha,8.7,m,TD,61.998046875,11,0.2481140775457705,0.1441926693279796,0.1470960963031193,0.1345182611255044,0.0357762311393181,0.3267372686051906,1.4708084763171112
sub-10434,4,beta,8.7,m,TD,61.998046875,11,0.196217164089396,0.1128379312822469,0.2086097091160647,0.0613909092258583,0.0221407388780294,0.2274898687576991,1.5571130980526455
sub-10434,4,gamma,8.7,m,TD,61.998046875,11,0.2346795274397974,0.1221964042839887,0.2381131645272708,0.0609370174504191,0.0286769944123311,0.2902102257685223,1.0296530140615736
sub-10434,5,theta,8.7,m,TD,61.998046875,11,0.2581792169814768,0.1142352298008772,0.135995031231376,0.1586970668511078,0.0294931621818037,0.3119701178066609,1.279854225829668
sub-10434,5,alpha,8.7,m,TD,61.998046875,11,0.2577326365142298,0.1100895990999662,0.159479135069843,0.2136998358699713,0.0283736826289389,0.2953442468459765,1.418483661940657
sub-10434,5,beta,8.7,m,TD,61.998046875,11,0.2015642245862772,0.0792987746256955,0.2347175354063481,0.0437182091669648,0.0159837960181495,0.2325153124817583,1.4708084763171116
sub-10434,5,gamma,8.7,m,TD,61.998046875,11,0.2341154972647357,0.0756792393107469,0.2531986778877781,0.0376009338608944,0.0177176827439281,0.255289843803586,1.4708084763171112
sub-10434,6,theta,8.7,m,TD,62.998046875,11,0.2580386667770495,0.088084777651037,0.130005552356605,0.2045791826947543,0.0227292785885145,0.3102565593761378,1.0888999753412236
sub-10434,6,alpha,8.7,m,TD,62.998046875,11,0.2724925494950883,0.2182828468830462,0.1861656782782443,0.170449860405355,0.0594804494584255,0.3935090694157805,1.4708084763171112
sub-10434,6,beta,8.7,m,TD,62.998046875,11,0.1843013732654023,0.0514982956395339,0.2296942937568963,0.0435826932572049,0.0094912066072452,0.2037800625862014,1.359236700660006
sub-10434,6,gamma,8.7,m,TD,62.998046875,11,0.2295021978535585,0.0978921509655175,0.24211709428571,0.0520633184397663,0.0224664637992965,0.2912916795904028,0.9433483923260392
sub-10520,1,theta,11.0,m,TD,151.998046875,29,0.2365335790868108,0.1144331145907414,0.1358374341885263,0.1922603035727252,0.0270672741603136,0.3163601095670082,1.7696671931076018
sub-10520,1,alpha,11.0,m,TD,151.998046875,29,0.2535302923579464,0.1854242072675007,0.1873817390373434,0.1693924035966975,0.0470106534789553,0.3531651302643251,1.64948653828452
sub-10520,1,beta,11.0,m,TD,151.998046875,29,0.1969885372687065,0.0858575509307917,0.1934872703152452,0.0809256640126881,0.0169129533714159,0.2344821635923663,1.8167055106808137
sub-10520,1,gamma,11.0,m,TD,151.998046875,29,0.2495930660479061,0.0416610239669105,0.2314296394224317,0.0757425174813562,0.0103983027066381,0.2743152622491811,1.6893336010192006
sub-10520,2,theta,11.0,m,TD,152.998046875,29,0.2466436282087471,0.1102160137620148,0.1452390363653753,0.2135011687353981,0.0271840775210787,0.3475493761169845,1.4255657981515564
sub-10520,2,alpha,11.0,m,TD,152.998046875,29,0.2018312338111599,0.2647485389714281,0.2292332945959177,0.1124007612103264,0.05343452427057,0.3210724717350187,1.99853232388642
sub-10520,2,beta,11.0,m,TD,152.998046875,29,0.1894243290413119,0.1173856126350736,0.1802179013647346,0.076916029459099,0.0222356909126195,0.2364202858470253,1.889847847929683
sub-10520,2,gamma,11.0,m,TD,152.998046875,29,0.2272365337987861,0.0465225990568828,0.2117094902352518,0.0686709981153453,0.0105716341530432,0.2525364823125791,1.775251050372496
sub-10520,3,theta,11.0,m,TD,151.998046875,29,0.2430111196791284,0.1219389275736459,0.1584648657588967,0.2037088111422309,0.0296325153222657,0.2967494201775998,1.821649901327668
sub-10520,3,alpha,11.0,m,TD,151.998046875,29,0.2151979820556493,0.2473951068659913,0.2224374065460845,0.1210836387616961,0.0532389277682504,0.3469308334933088,1.8191777060037408
sub-10520,3,beta,11.0,m,TD,151.998046875,29,0.1957271505885016,0.0876813733167735,0.198731029155997,0.1058161104470817,0.0171616253590664,0.2478785568789932,1.676801563697958
sub-10520,3,gamma,11.0,m,TD,151.998046875,29,0.2431225615090622,0.0608724042181592,0.2313672872420688,0.0741013457350766,0.0147994548387948,0.2848557754534199,1.759035811989546
sub-10593,1,theta,9.4,f,TD,152.998046875,29,0.2486899965702158,0.082662600652926,0.131448664719573,0.1621631936150694,0.0205573618729439,0.290326384425379,1.9580457945326988
sub-10593,1,alpha,9.4,f,TD,152.998046875,29,0.2689815328460997,0.1049702585377427,0.1445467520651054,0.148795521204476,0.0282350610448384,0.3538976686734528,1.7354039876378162
sub-10593,1,beta,9.4,f,TD,152.998046875,29,0.1638937965631973,0.0725379394205044,0.162321361597302,0.0860509956869956,0.0118885182865702,0.1868272601500317,1.895431705195578
sub-10593,1,gamma,9.4,f,TD,152.998046875,29,0.1904846098357109,0.0499926165764142,0.2119330361858123,0.0807673682422943,0.0095228240632745,0.2090944761142799,1.815098113107176
sub-10593,2,theta,9.4,f,TD,62.998046875,11,0.2384238405433594,0.0936540790117538,0.164724713464925,0.2248852411804845,0.0223293652006272,0.2828979518570924,1.2798542258296677
sub-10593,2,alpha,9.4,f,TD,62.998046875,11,0.2537916982184094,0.1231381923454036,0.1514974736164161,0.1520584535441419,0.0312514509510082,0.3248357218091838,1.3592367006600063
sub-10593,2,beta,9.4,f,TD,62.998046875,11,0.188405132180011,0.0457405787929253,0.1596377164051171,0.0675935745080032,0.008617759793517,0.1968129130620211,0.9433483923260392
sub-10593,2,gamma,9.4,f,TD,62.998046875,11,0.2193545464370089,0.1264870664210254,0.1977980170375312,0.0981621022182779,0.0277455130850583,0.2765681994962435,1.2206072645490174
sub-10741,1,theta,11.7,f,TD,62.998046875,11,0.2169419104338192,0.1063176346230772,0.1809998989426793,0.1256787263952453,0.0230647507680414,0.2699538442564065,1.1682824501725624
sub-10741,1,alpha,11.7,f,TD,62.998046875,11,0.2087180316014677,0.1934741306117218,0.1571353698564453,0.1877053541154114,0.0403815397072773,0.2996289596679016,1.359236700660006
sub-10741,1,beta,11.7,f,TD,62.998046875,11,0.1369818988609982,0.1033492496562693,0.1652487765209993,0.0640045485276804,0.0141569764638784,0.1621473856172509,1.3661588475652018
sub-10741,1,gamma,11.7,f,TD,62.998046875,11,0.2008749233107523,0.0960383564721931,0.1729366869820884,0.094960048924301,0.0192916974913385,0.2395835413569806,1.4708084763171116
sub-10741,2,theta,11.7,f,TD,62.998046875,11,0.2183691076636583,0.1238796662223097,0.1781914216924552,0.1667810242806326,0.0270514921707615,0.2633769977442913,1.4708084763171116
sub-10741,2,alpha,11.7,f,TD,62.998046875,11,0.2082557931959541,0.1807914930966816,0.1473968530272557,0.1169883748425929,0.037650875798111,0.3009249585368371,1.2798542258296677
sub-10741,2,beta,11.7,f,TD,62.998046875,11,0.1301003182065138,0.1020745319236433,0.1438493178022073,0.0772355308308822,0.013279929084149,0.1489745527282076,1.504788283676191
sub-10741,2,gamma,11.7,f,TD,62.998046875,11,0.1724325633299234,0.1061297578282688,0.1516454083721868,0.0454267544006473,0.0183002261880185,0.2044486089610582,1.5571130980526455
sub-10741,3,theta,11.7,f,TD,62.998046875,11,0.214779266989795,0.1053320348178975,0.1901989822447226,0.1486825258125409,0.0226231372288369,0.2475372278908486,1.6094379124291005
sub-10741,3,alpha,11.7,f,TD,62.998046875,11,0.2056044031240448,0.1721365959625485,0.1616311818618892,0.126944086251825,0.0353920420688568,0.2595258058396743,1.504788283676191
sub-10741,3,beta,11.7,f,TD,62.998046875,11,0.1348424668531017,0.0947575746943556,0.1475667168886968,0.0894208861319794,0.0127773451248987,0.1516473659475997,1.5571130980526453
sub-10741,3,gamma,11.7,f,TD,62.998046875,11,0.1831503801244508,0.1236201610749778,0.1474669637871484,0.0710035079281592,0.0226410794920516,0.2421593072730768,0.8979457248537794
sub-10741,4,theta,11.7,f,TD,62.998046875,11,0.2063953008494973,0.0813968471171764,0.2088245435423559,0.0753646780123902,0.0167999267490315,0.2300682415205778,1.2798542258296677
sub-10741,4,alpha,11.7,f,TD,62.998046875,11,0.1792238361566357,0.1809657691584752,0.1728867025339005,0.1604206357846726,0.032433379361799,0.2398026101948072,1.5571130980526455
sub-10741,4,beta,11.7,f,TD,62.998046875,11,0.1344396410801576,0.0542029480753676,0.1581337053409153,0.1070293211029004,0.007287024884793,0.1468964873922352,1.4708084763171112
sub-10741,4,gamma,11.7,f,TD,62.998046875,11,0.1793765961292149,0.0406929321335307,0.1800106484715747,0.0849673198287281,0.0072993596526705,0.1939672682324704,1.3592367006600052
sub-10741,5,theta,11.7,f,TD,62.998046875,11,0.2152468951644636,0.0741905699477025,0.1722610779440184,0.1596416366694533,0.0159692898317991,0.2407806632530233,1.5571130980526453
sub-10741,5,alpha,11.7,f,TD,62.998046875,11,0.1926411529049274,0.0895934996492939,0.1665746769790182,0.1252153506290678,0.0172593950653167,0.2423993548043657,0.8979457248537799
sub-10741,5,beta,11.7,f,TD,62.998046875,11,0.1330241367310619,0.1043735432371893,0.1655048709445406,0.074924731100331,0.0138842004867936,0.1617512823006245,1.504788283676191
sub-10741,5,gamma,11.7,f,TD,62.998046875,11,0.196450993167266,0.0710982125616348,0.1766629567139968,0.07310851765282,0.0139673144702216,0.227978533142691,1.4708084763171112
sub-10741,6,theta,11.7,f,TD,62.998046875,11,0.2253775544655582,0.1376491297393508,0.1890106732479729,0.1700655999434555,0.0310230242351048,0.2913022811644806,1.054920167983144
sub-10741,6,alpha,11.7,f,TD,62.998046875,11,0.2009512507012697,0.1227833583449132,0.1676318363960287,0.2114821344521607,0.0246734694248352,0.2458378260238583,1.5571130980526455
sub-10741,6,beta,11.7,f,TD,62.998046875,11,0.1299644947187349,0.0744785583726236,0.1732798577496972,0.0467175195304888,0.0096795682063523,0.1472516306107277,1.359236700660007
sub-10741,6,gamma,11.7,f,TD,62.998046875,11,0.1847935624449379,0.0541192624148097,0.1659295561484412,0.1491559550938441,0.0100008912985792,0.2052371692771622,1.470808476317111
sub-10747,1,theta,9.2,m,TD,62.998046875,11,0.2448321157523962,0.1185597445376849,0.1651516306376623,0.2007587325359539,0.0290272330983435,0.2827206328086095,1.313834033188747
sub-10747,1,alpha,9.2,m,TD,62.998046875,11,0.2451306092584314,0.1452805743823914,0.1583175338405378,0.1409873923316428,0.0356127157119157,0.2980198274044378,1.5047882836761906
sub-10747,1,beta,9.2,m,TD,62.998046875,11,0.1864724007858312,0.0546279881139552,0.2323120864296443,0.0824338876595521,0.0101866120937637,0.2041628905162391,1.557113098052646
sub-10747,1,gamma,9.2,m,TD,62.998046875,11,0.2089692947840471,0.0666648564435084,0.2971242322279676,0.0457583244278173,0.0139309080379463,0.231609028327429,1.313834033188747
sub-10747,2,theta,9.2,m,TD,61.998046875,11,0.2391445909536436,0.1561160614321007,0.2023120821424217,0.0743074156694657,0.0373343116526297,0.3293111764054863,1.2798542258296677
sub-10747,2,alpha,9.2,m,TD,61.998046875,11,0.237837597063322,0.1544478327050629,0.2105975081646075,0.1055959424106921,0.0367335014023645,0.3089524555171819,1.4184836619406564
sub-10747,2,beta,9.2,m,TD,61.998046875,11,0.2331564001519179,0.1367682757996709,0.2088185348689686,0.0565376899840106,0.0318883988405727,0.3011849052291283,1.5047882836761908
sub-10747,2,gamma,9.2,m,TD,61.998046875,11,0.2859224835589891,0.1858507625717104,0.2384690304045461,0.053516835527447,0.0531389116060213,0.3931376867639706,1.2798542258296677
sub-10747,3,theta,9.2,m,TD,61.998046875,11,0.257106492439315,0.1679244057579981,0.1844788192915208,0.1291303540375532,0.0431744549595631,0.3395793903073219,1.3321790402061224
sub-10747,3,alpha,9.2,m,TD,61.998046875,11,0.2802910905354196,0.2102858175624023,0.1817680462534138,0.2439023028263171,0.0589412411289083,0.4330132627527375,1.1682824501725628
sub-10747,3,beta,9.2,m,TD,61.998046875,11,0.1995943523044331,0.072074959046948,0.2048782471611065,0.0371411136828165,0.0143857547684162,0.2258089103592772,1.2206072645490174
sub-10747,3,gamma,9.2,m,TD,61.998046875,11,0.2328429076843052,0.0810850834046147,0.2442425863818707,0.0439615554515821,0.0188800865898359,0.27573489888377,1.2798542258296672
sub-10747,4,theta,9.2,m,TD,62.998046875,11,0.2518934718048733,0.1190777825531348,0.1446486453653132,0.2296081519139974,0.0299949160622539,0.2918377781760605,1.4708084763171114
sub-10747,4,alpha,9.2,m,TD,62.998046875,11,0.2329451165203249,0.260349067161406,0.1925608489358822,0.1129311823091084,0.0606470437861319,0.3325741237568366,1.5571130980526455
sub-10747,4,beta,9.2,m,TD,62.998046875,11,0.201294236335885,0.0603386796455057,0.1983954590819202,0.0635407564770964,0.012145828440818,0.2200634773822635,1.2206072645490174
sub-10747,4,gamma,9.2,m,TD,62.998046875,11,0.2220295332960166,0.0880142236923745,0.2590773620085553,0.0412687330855468,0.0195417570099171,0.2683119610257591,1.1682824501725622
sub-10747,5,theta,9.2,m,TD,62.998046875,11,0.235165245118487,0.0730092751461972,0.1570687874573835,0.1285558775793849,0.0171692440857515,0.2695406344496229,1.4708084763171112
sub-10747,5,alpha,9.2,m,TD,62.998046875,11,0.2193549107948689,0.2863456018016014,0.1897332935041067,0.108005526192956,0.0628113139399796,0.3371459474789662,1.2798542258296677
sub-10747,5,beta,9.2,m,TD,62.998046875,11,0.2005291906424916,0.0604445981109303,0.1856970121983403,0.0662832274033243,0.0121209063379559,0.2262336612847412,1.4708084763171116
sub-10747,5,gamma,9.2,m,TD,62.998046875,11,0.2297098679408795,0.0527129466569472,0.2144384384705723,0.096547313043071,0.0121086840153946,0.2543544128034149,1.470808476317112
sub-10747,6,theta,9.2,m,TD,62.998046875,11,0.2387885387772263,0.0781910290612011,0.1705318902684372,0.1131752396802386,0.01867112157509,0.268833132752186,1.504788283676191
sub-10747,6,alpha,9.2,m,TD,62.998046875,11,0.2581241190560766,0.3483591297717073,0.1990194948776845,0.1877130907605978,0.0899198934878117,0.4571770610053182,1.1682824501725626
sub-10747,6,beta,9.2,m,TD,62.998046875,11,0.2035929521759291,0.0857257744030928,0.220988722132989,0.090582183162037,0.017453163488379,0.2439757517397243,1.0888999753412232
sub-10747,6,gamma,9.2,m,TD,62.998046875,11,0.2343768959445448,0.1534451526166735,0.261868380390412,0.0756768836777603,0.0359639985681863,0.3014734473587924,1.4708084763171112
sub-10752,1,theta,11.9,m,TD,61.998046875,11,0.2501543175084626,0.114869378339489,0.1254938408288044,0.2516342938966357,0.0287350709412511,0.3135577622225307,1.2798542258296672
sub-10752,1,alpha,11.9,m,TD,61.998046875,11,0.2194010880337422,0.1513309449587528,0.1392013973767139,0.2404779635490666,0.033202173977276,0.3112509274210626,0.9433483923260392
sub-10752,1,beta,11.9,m,TD,61.998046875,11,0.1705395558407724,0.1219393979133427,0.1713377394818135,0.0875212398097866,0.0207954907597546,0.2205934473922096,1.088899975341224
sub-10752,1,gamma,11.9,m,TD,61.998046875,11,0.2226487384161939,0.1114574704959287,0.2272953030830482,0.0702927860493384,0.0248158651930901,0.2589849938691237,1.5047882836761908
sub-10752,2,theta,11.9,m,TD,62.998046875,11,0.2531510829960062,0.1184677783237218,0.135807192834015,0.143521054873417,0.0299902463828994,0.324670520155057,1.0888999753412234
sub-10752,2,alpha,11.9,m,TD,62.998046875,11,0.2670283162093504,0.1830547783785796,0.1611646339373683,0.221180052558634,0.0488808092446909,0.3983342123398324,1.1682824501725624
sub-10752,2,beta,11.9,m,TD,62.998046875,11,0.1912556458004186,0.1307777353040784,0.1871157505843545,0.0427475663616602,0.0250119802220285,0.2480174162275098,1.2798542258296677
sub-10752,2,gamma,11.9,m,TD,62.998046875,11,0.2281339614963444,0.1709148359137076,0.2127928691804841,0.0538437295854673,0.0389914785956627,0.2866054513401875,1.2798542258296672
sub-10752,3,theta,11.9,m,TD,62.998046875,11,0.219091599673755,0.1441999793339005,0.1283534912816974,0.1904410255007601,0.0315930041453309,0.281107586185865,1.3661588475652018
sub-10752,3,alpha,11.9,m,TD,62.998046875,11,0.2383420185881399,0.187093683665557,0.1325031331865206,0.202024635105331,0.0445922862301268,0.3507081222434399,1.0888999753412232
sub-10752,3,beta,11.9,m,TD,62.998046875,11,0.1661029861475501,0.0887201520910934,0.1478013845907759,0.0996045780532319,0.0147366821938841,0.197361805696796,1.4184836619406562
sub-10752,3,gamma,11.9,m,TD,62.998046875,11,0.2048952594164403,0.1110980495406178,0.1863602361787715,0.0717913676134097,0.0227634636813965,0.2408958778025143,1.5571130980526455
sub-10752,4,theta,11.9,m,TD,62.998046875,11,0.2403916035190705,0.1361381914198574,0.1283614016554046,0.1879669235227799,0.0327264781357418,0.3265987248091613,1.1682824501725626
sub-10752,4,alpha,11.9,m,TD,62.998046875,11,0.2397147286093841,0.1627549261026775,0.1410873101563077,0.2537910355283759,0.0390147529407064,0.3269989271409527,1.3592367006600068
sub-10752,4,beta,11.9,m,TD,62.998046875,11,0.1822662217755737,0.1882916314238034,0.1468761254028099,0.09460071874115,0.0343192042517638,0.247674442924328,1.5571130980526455
sub-10752,4,gamma,11.9,m,TD,62.998046875,11,0.2517157255878907,0.1769865637695322,0.1898830111316327,0.072916459517351,0.0445503013187322,0.3215475811856007,1.5571130980526455
sub-10752,5,theta,11.9,m,TD,62.998046875,11,0.2407466201102384,0.1429888861857215,0.1540070714710562,0.1779114311602553,0.034424091062683,0.3136218406802336,1.4708084763171114
sub-10752,5,alpha,11.9,m,TD,62.998046875,11,0.232644713060762,0.2363187882988103,0.1621426975991313,0.1764329757104352,0.05497831669488,0.3492595469880102,1.2206072645490171
sub-10752,5,beta,11.9,m,TD,62.998046875,11,0.1658177916722431,0.1497424497662306,0.1326389024794605,0.0767746854180241,0.0248299623399779,0.2182487563252194,0.950270539230234
sub-10752,5,gamma,11.9,m,TD,62.998046875,11,0.2294375548250462,0.2417502889202945,0.1913655212974596,0.1062101024566448,0.0554665951683625,0.3533609675955419,1.0888999753412236
sub-10752,6,theta,11.9,m,TD,62.998046875,11,0.223560492965682,0.0857613823868799,0.1302837865151375,0.2512981021331613,0.019172856923915,0.2506699365791955,1.168282450172562
sub-10752,6,alpha,11.9,m,TD,62.998046875,11,0.2400366021297915,0.2765557866360841,0.1485487805782981,0.2390081624962972,0.0663835113237338,0.3976130065629861,1.1682824501725626
sub-10752,6,beta,11.9,m,TD,62.998046875,11,0.1580034238406001,0.0767791753192381,0.1482374627534018,0.1112287070866187,0.0121313725801741,0.1754341601559995,1.504788283676191
sub-10752,6,gamma,11.9,m,TD,62.998046875,11,0.2095567795182876,0.1637618800966344,0.2007550904385973,0.0827868631371476,0.0343174122010744,0.2820735566159796,1.3592367006600066
sub-10764,1,theta,12.9,f,TD,62.998046875,11,0.2168090307680022,0.0901714492590588,0.1490786502037714,0.1820993301186465,0.0195499845168928,0.2426704581403865,1.2798542258296677
sub-10764,1,alpha,12.9,f,TD,62.998046875,11,0.237539115653994,0.2355401572498641,0.1523073008982074,0.1796098417593018,0.0559500006543709,0.3767276931942201,1.2798542258296677
sub-10764,1,beta,12.9,f,TD,62.998046875,11,0.177057699313568,0.0494463093684589,0.1637114515358983,0.0729435374405455,0.0087548497763757,0.1890102115236075,1.5571130980526455
sub-10764,1,gamma,12.9,f,TD,62.998046875,11,0.2090607325825438,0.0618968693569151,0.1825062204494167,0.0355549217390737,0.0129402048523845,0.2292631709419426,1.470808476317112
sub-10764,2,theta,12.9,f,TD,62.998046875,11,0.2551052167750908,0.1729903720131444,0.167992179220022,0.21547732724148,0.0441307463525898,0.3522750849622718,1.2275294114522126
sub-10764,2,alpha,12.9,f,TD,62.998046875,11,0.2403863273244535,0.1074959129845411,0.1429197682517238,0.1998708903117735,0.0258405477248503,0.2861627243864811,1.5047882836761908
sub-10764,2,beta,12.9,f,TD,62.998046875,11,0.191127682617816,0.1969676171519411,0.1495156715638316,0.1600861961072826,0.0376459642172006,0.257829501079392,1.2798542258296672
sub-10764,2,gamma,12.9,f,TD,62.998046875,11,0.2494829909280319,0.2946754848440618,0.1857708325479596,0.0692994887685813,0.0735165213123591,0.4253433406680629,1.2206072645490174
sub-10764,3,theta,12.9,f,TD,62.998046875,11,0.2436646205051442,0.1144684589402282,0.1567918183469664,0.1416498328558496,0.0278919136075938,0.2872980699923813,1.557113098052646
sub-10764,3,alpha,12.9,f,TD,62.998046875,11,0.2094084041465054,0.2666060631701969,0.1844319320637741,0.0921051233658918,0.0558295502245199,0.3549393717811301,1.2206072645490176
sub-10764,3,beta,12.9,f,TD,62.998046875,11,0.1697400020391692,0.0687368909716145,0.1500792998458436,0.115247722729946,0.0116674000137567,0.1924966711603008,1.4708084763171112
sub-10764,3,gamma,12.9,f,TD,62.998046875,11,0.1925660462621587,0.0904722310751244,0.1498298036669591,0.0584678095902303,0.0174218798347436,0.22516125935202,1.3661588475652018
sub-10764,4,theta,12.9,f,TD,62.998046875,11,0.2229986258068462,0.0604688876396082,0.1744300130870501,0.1016894093873106,0.0134844788477616,0.2444327598346332,1.5047882836761914
sub-10764,4,alpha,12.9,f,TD,62.998046875,11,0.2187866549151421,0.3205688952994018,0.1703410005529925,0.081550345065767,0.0701361962727191,0.3540688837687068,1.2798542258296677
sub-10764,4,beta,12.9,f,TD,62.998046875,11,0.1822292729419493,0.0874569088979195,0.1513889621120275,0.0709608677527299,0.0159372089223056,0.2179317669966378,1.418483661940657
sub-10764,4,gamma,12.9,f,TD,62.998046875,11,0.2062392912487667,0.0805051541806182,0.1958762045674786,0.0527029421847883,0.0166033259401639,0.2320368462678048,1.5047882836761908
sub-10764,5,theta,12.9,f,TD,61.998046875,11,0.2417287065938693,0.0526738500052054,0.151644347337724,0.2301929588745505,0.0127327816331304,0.2616968764824123,1.470808476317112
sub-10764,5,alpha,12.9,f,TD,61.998046875,11,0.1765807904905909,0.2747544457083397,0.1936284847055955,0.1430550679825379,0.0485163572142575,0.3024274021481668,1.0888999753412236
sub-10764,5,beta,12.9,f,TD,61.998046875,11,0.182314005176691,0.0804426890106181,0.1672280934497481,0.1035579384260526,0.0146658288207892,0.2002921595188342,1.2798542258296677
sub-10764,5,gamma,12.9,f,TD,61.998046875,11,0.2180385660258385,0.0635262508635192,0.1837746735915797,0.0604293255697708,0.0138511726433429,0.2349761748177915,1.418483661940656
sub-10764,6,theta,12.9,f,TD,61.998046875,11,0.2493801694761276,0.1244870922585662,0.1419923252133375,0.2245407302772489,0.031044612165156,0.322070106410854,1.2798542258296677
sub-10764,6,alpha,12.9,f,TD,61.998046875,11,0.2214949002064438,0.1809983442199214,0.1791841260841599,0.1084902943055097,0.040090210190704,0.3156062966022997,1.2206072645490176
sub-10764,6,beta,12.9,f,TD,61.998046875,11,0.1789778198361567,0.0443111332585421,0.1401922768067122,0.1671412266855537,0.0079307100251276,0.1948687683363972,1.5571130980526455
sub-10764,6,gamma,12.9,f,TD,61.998046875,11,0.2047270995781653,0.1385583185729842,0.1611943873770753,0.067000034655605,0.028366642684013,0.2723976014704475,1.1935496040941331
sub-10769,1,theta,12.0,m,TD,152.998046875,29,0.2565973762531603,0.1105857205458463,0.1687644156663273,0.1974954364734584,0.0283760057432399,0.3213047209356909,1.901983493415069
sub-10769,1,alpha,12.0,m,TD,152.998046875,29,0.2555667678225081,0.2779286698317273,0.1918588634474139,0.1343330652825307,0.0710293318343815,0.4341640573563378,1.9562130658288128
sub-10769,1,beta,12.0,m,TD,152.998046875,29,0.2148210562500878,0.1002100137625271,0.2280767007481903,0.1046769409529878,0.0215272210034021,0.2686797621751055,1.8004902722988638
sub-10769,1,gamma,12.0,m,TD,152.998046875,29,0.2748008143633575,0.2055824365552098,0.2641791528949942,0.083793678816117,0.0564942209843805,0.5247626208462777,0.8084472856551987
sub-10769,2,theta,12.0,m,TD,152.998046875,29,0.2989149517919162,0.2801732950458591,0.1598659790965718,0.181346926783383,0.0837479869822954,0.5619697477057051,1.6182670672574009
sub-10769,2,alpha,12.0,m,TD,152.998046875,29,0.2532883854581959,0.2767867564971532,0.1928965826974384,0.196330738961638,0.0701068706696515,0.4254125007180404,1.951494006312208
sub-10769,2,beta,12.0,m,TD,152.998046875,29,0.2241787836294046,0.1605337450517212,0.2180027741385685,0.0991761652951312,0.0359882596973283,0.3460230111328617,1.6066336097793248
sub-10769,2,gamma,12.0,m,TD,152.998046875,29,0.277449444208572,0.0727326502588288,0.2437082458488019,0.0683893739177274,0.0201796333902012,0.3409126999234675,1.7055529259794262
sub-10769,3,theta,12.0,m,TD,152.998046875,29,0.2778131326486774,0.2254552051243878,0.1874951087698368,0.1856388768073802,0.0626344168077817,0.4174126430897366,1.8016319269242136
sub-10769,3,alpha,12.0,m,TD,152.998046875,29,0.295992703264201,0.1724396742184389,0.1646951703049122,0.1654249784892992,0.0510408853220863,0.4172813981496335,1.8163091188459568
sub-10769,3,beta,12.0,m,TD,152.998046875,29,0.2531751218839758,0.1497451111775559,0.2006636830676334,0.080980718288709,0.0379117367740569,0.3658320090720227,1.5999760253873814
sub-10769,3,gamma,12.0,m,TD,152.998046875,29,0.3402046236612379,0.1254584424208467,0.2081064750991976,0.0677232281272075,0.0426815421890347,0.4940952118620197,1.4989849922784864
sub-10777,1,theta,9.0,m,TD,62.998046875,11,0.2783198493876067,0.1062420011849884,0.1399305465491457,0.1766414549433247,0.0295692577685501,0.3374260118991942,1.3592367006600066
sub-10777,1,alpha,9.0,m,TD,62.998046875,11,0.2838576179765176,0.1022161099994214,0.1331985627691162,0.1279682421708272,0.0290148215033636,0.3621797871458278,0.9404479886513266
sub-10777,1,beta,9.0,m,TD,62.998046875,11,0.2295550055401301,0.3129436112525303,0.1724020351910782,0.0731965815510154,0.0718377724151358,0.4100548554908202,0.9404479886513264
sub-10777,1,gamma,9.0,m,TD,62.998046875,11,0.2726653405123301,0.2393525071435966,0.1805251268302063,0.0610778506863381,0.065263132863028,0.3912699284158129,1.2206072645490171
sub-10777,2,theta,9.0,m,TD,62.998046875,11,0.2607029855724725,0.111882546636666,0.1564048970314449,0.1673833462170415,0.0291681139417421,0.3174042024192936,1.366158847565202
sub-10777,2,alpha,9.0,m,TD,62.998046875,11,0.2451291319900426,0.0656388916738169,0.1263279527494502,0.1597222245636339,0.0160900045408568,0.2803532254995502,1.5047882836761908
sub-10777,2,beta,9.0,m,TD,62.998046875,11,0.1758455015877063,0.0730271412943897,0.1703602387034866,0.1262678559469199,0.0128414942905012,0.1987957499111525,1.5047882836761912
sub-10777,2,gamma,9.0,m,TD,62.998046875,11,0.2268346372586627,0.1612229214365202,0.2044033891215568,0.1032634666162244,0.0365709429019961,0.2987874005312723,1.2798542258296677
sub-10777,3,theta,9.0,m,TD,62.998046875,11,0.3143681594295529,0.3262063680343116,0.1539228551460289,0.1261387233328228,0.102548895513472,0.6090505981674116,0.639031859647177
sub-10777,3,alpha,9.0,m,TD,62.998046875,11,0.2838759375481273,0.1513154496987077,0.1267077115228342,0.1400988566053817,0.0429548151488884,0.403363858325953,0.9433483923260392
sub-10777,3,beta,9.0,m,TD,62.998046875,11,0.2192476952962171,0.3366849029093424,0.1863280914133112,0.059652456399673,0.0738173890042406,0.436349118975235,0.3250829733894481
sub-10777,3,gamma,9.0,m,TD,62.998046875,11,0.2458372175171678,0.3738581572970978,0.1927202414734621,0.0695627426413921,0.091908249136388,0.5113440073897821,0.6390318596471769
sub-10777,4,theta,9.0,m,TD,62.998046875,11,0.3245000375126695,0.2790446389276362,0.1448206568547136,0.1479893183597076,0.0905499958000063,0.5062448829386187,1.4708084763171114
sub-10777,4,alpha,9.0,m,TD,62.998046875,11,0.3241227805380633,0.218611965311701,0.1406207474078357,0.1771651709717281,0.0708571180559377,0.4931845904702019,1.1935496040941331
sub-10777,4,beta,9.0,m,TD,62.998046875,11,0.2584064563234823,0.253359526025314,0.1336183307178075,0.1508414964246976,0.0654697372962518,0.3938696082946632,1.3592367006600063
sub-10777,4,gamma,9.0,m,TD,62.998046875,11,0.2828951702400256,0.2645558142745917,0.1599966752077036,0.2037553740050321,0.0748415621174637,0.4309865450826389,1.2206072645490174
sub-10777,5,theta,9.0,m,TD,125.998046875,24,0.1904952922841387,1.014128555465002,0.0894554472690726,0.2919824898496858,0.193186715588011,0.7110529871601312,1.2277431541747552
sub-10777,5,alpha,9.0,m,TD,125.998046875,24,0.2687238213546518,0.5719759565105001,0.1327183184586751,0.239087409261595,0.1537035647570557,0.8188584724034331,1.4478315154293695
sub-10777,5,beta,9.0,m,TD,125.998046875,24,0.2591116649708536,0.517674121573302,0.1753441606303546,0.265140578874447,0.1341354035537,0.6762995964877008,1.6496588292972008
sub-10777,5,gamma,9.0,m,TD,125.998046875,24,0.2542366098548555,0.4426576329389809,0.2463539351143958,0.1253921862968878,0.1125397759252242,0.4875881511017645,1.979308807204036
sub-10787,1,theta,12.9,f,TD,62.998046875,11,0.2497737460987084,0.1135992212950823,0.1419950120346782,0.1662691153852255,0.0283741030568824,0.3069311635401964,1.418483661940657
sub-10787,1,alpha,12.9,f,TD,62.998046875,11,0.279586905709223,0.2422056999472332,0.1894721327505784,0.1629058944103476,0.0677175421936256,0.3916303911803457,1.3661588475652018
sub-10787,1,beta,12.9,f,TD,62.998046875,11,0.1882799206911714,0.0965649717478262,0.1713016239209528,0.0818699703629265,0.0181812452223224,0.2233834602971448,1.5047882836761908
sub-10787,1,gamma,12.9,f,TD,62.998046875,11,0.2252226140040309,0.139829338586797,0.2144352081181808,0.0822407543721145,0.0314927291511129,0.2780588678478781,1.2206072645490171
sub-10787,2,theta,12.9,f,TD,62.998046875,11,0.2409755536100752,0.0446572089051524,0.1517190080856162,0.0985407786522499,0.0107612956386445,0.2579862381807222,1.418483661940657
sub-10787,2,alpha,12.9,f,TD,62.998046875,11,0.2360768128590534,0.1865244115457696,0.163590801601634,0.0907833695127323,0.0440340885983222,0.3379876123661604,1.418483661940657
sub-10787,2,beta,12.9,f,TD,62.998046875,11,0.1832522363824392,0.0943287502830078,0.155828953239928,0.0865431008776735,0.0172859544446161,0.2217520178340438,1.4184836619406562
sub-10787,2,gamma,12.9,f,TD,62.998046875,11,0.1901031554677623,0.1098228154738624,0.1868404776828142,0.0296745028629286,0.0208776637640448,0.2316365795474434,1.5047882836761912
sub-10787,3,theta,12.9,f,TD,62.998046875,11,0.2480398872346962,0.0777922847078509,0.1509674446180615,0.1578029810747696,0.0192955895267425,0.2853924482892653,1.2798542258296672
sub-10787,3,alpha,12.9,f,TD,62.998046875,11,0.2113183716828168,0.3060747339943142,0.1940143129018134,0.1298361163290944,0.0646792144012358,0.3812125831344319,0.8018185525403374
sub-10787,3,beta,12.9,f,TD,62.998046875,11,0.1784794234791082,0.0847263644652309,0.1535452339290892,0.1194514086225419,0.0151219126833199,0.201705072325222,1.4708084763171112
sub-10787,3,gamma,12.9,f,TD,62.998046875,11,0.2085538247101003,0.0811123399619811,0.2104527207806592,0.0538658794850682,0.0169162887303381,0.2336886806959192,1.5571130980526455
sub-10787,4,theta,12.9,f,TD,61.998046875,11,0.2453609793402426,0.0581752674543007,0.1360196008721802,0.1325287743589731,0.0142739405960259,0.275408128977462,1.4708084763171114
sub-10787,4,alpha,12.9,f,TD,61.998046875,11,0.2226792334286781,0.4280524586852067,0.1740372469272988,0.1300629368888517,0.0953183933677108,0.442864754560559,1.418483661940657
sub-10787,4,beta,12.9,f,TD,61.998046875,11,0.1891987711753604,0.1401266537040228,0.1677150821125531,0.1017503817569075,0.0265117906898565,0.2516299580091939,1.359236700660006
sub-10787,4,gamma,12.9,f,TD,61.998046875,11,0.234186894626981,0.2865281190856026,0.2040138204546244,0.1230882367472464,0.0671011304322536,0.3562509643900095,1.3592367006600066
sub-10787,5,theta,12.9,f,TD,62.998046875,11,0.2423141120691297,0.1147495333047129,0.1451785790349664,0.1342308865551797,0.0278054312731932,0.2941340211352827,1.366158847565202
sub-10787,5,alpha,12.9,f,TD,62.998046875,11,0.2252087576815922,0.3158517925137267,0.1675346372066369,0.1397293197338862,0.0711325898038363,0.347303542380284,1.5571130980526455
sub-10787,5,beta,12.9,f,TD,62.998046875,11,0.1933859097297115,0.080583204919407,0.1756750578105643,0.090579907174806,0.0155836563923558,0.2166535277982804,1.4184836619406558
sub-10787,5,gamma,12.9,f,TD,62.998046875,11,0.2132759867368395,0.0157353305431579,0.2113686143218207,0.0617467147096487,0.003355968148238,0.2196227472941061,1.5047882836761894
sub-10787,6,theta,12.9,f,TD,62.998046875,11,0.2492902950556551,0.108793796125742,0.1504605272698853,0.1562138094541296,0.0271212375365198,0.3133694088442618,1.1682824501725626
sub-10787,6,alpha,12.9,f,TD,62.998046875,11,0.2133985342882401,0.2274465784189243,0.1894373527277828,0.0660327170096451,0.0485367664637011,0.3343284905370816,1.2798542258296677
sub-10787,6,beta,12.9,f,TD,62.998046875,11,0.183528334410755,0.0482520229591813,0.1665813175656479,0.0615436432751932,0.0088556134056963,0.2049260988929503,1.2798542258296677
sub-10787,6,gamma,12.9,f,TD,62.998046875,11,0.2294739181748223,0.1155298657842228,0.1926027152524812,0.0730866812475437,0.0265110909678324,0.2739376722562172,1.2798542258296677
sub-10788,1,theta,8.6,m,TD,61.998046875,11,0.2581950884404622,0.0843546577248336,0.1342147907206888,0.1850489031833194,0.0217799583117127,0.3132374257239874,1.088899975341224
sub-10788,1,alpha,8.6,m,TD,61.998046875,11,0.2655027005933166,0.1508736189826926,0.1707254600960098,0.1433532589154387,0.0400573532883428,0.3410304994151946,1.5571130980526455
sub-10788,1,beta,8.6,m,TD,61.998046875,11,0.1877869402987699,0.0971359425248443,0.1792344920173523,0.1111499313292518,0.0182408614398748,0.2219500952861818,1.4708084763171114
sub-10788,1,gamma,8.6,m,TD,61.998046875,11,0.2254138609932554,0.1279178433264662,0.2285105488951597,0.1377985919579074,0.028834454954277,0.2779743887188777,1.2798542258296677
sub-10788,2,theta,8.6,m,TD,62.998046875,11,0.2440720109609039,0.1282509022108928,0.1274654054800911,0.1636695082504477,0.0313024556102911,0.3074823654635984,1.5047882836761908
sub-10788,2,alpha,8.6,m,TD,62.998046875,11,0.2855341375770114,0.1389190006973961,0.1494268463198064,0.1309878890447068,0.0396661170573301,0.375769638563109,1.3592367006600068
sub-10788,2,beta,8.6,m,TD,62.998046875,11,0.1947361154183277,0.1022982777927801,0.1837731233649984,0.1078264121777489,0.0199211692314532,0.2429760814971133,1.2798542258296677
sub-10788,2,gamma,8.6,m,TD,62.998046875,11,0.2555038099808747,0.1987786316297546,0.2111265284962009,0.0994097963629314,0.0507886977243858,0.3632164101444257,1.4708084763171112
sub-10788,3,theta,8.6,m,TD,61.998046875,11,0.2403964510324188,0.1867937579361356,0.1692671309101783,0.2253676618981875,0.0449045564830425,0.3610167237135658,1.1935496040941331
sub-10788,3,alpha,8.6,m,TD,61.998046875,11,0.2399707427086387,0.0990566269416093,0.1634520623150353,0.1054138522344057,0.0237706923374896,0.2787824300279699,1.5047882836761906
sub-10788,3,beta,8.6,m,TD,61.998046875,11,0.1898984966305253,0.1146085409081389,0.189620948776149,0.0926003345615933,0.0217639896195882,0.2190369010732842,1.5571130980526453
sub-10788,3,gamma,8.6,m,TD,61.998046875,11,0.2319341307316668,0.1615193996816254,0.2157067528450643,0.1346373132618938,0.0374618615616199,0.3129869003134524,1.504788283676191
sub-10788,4,theta,8.6,m,TD,62.998046875,11,0.2340268830019743,0.0921790433685503,0.1564779853425392,0.1430649794244436,0.0215723741977378,0.269587330234838,1.5571130980526455
sub-10788,4,alpha,8.6,m,TD,62.998046875,11,0.2608759632103526,0.1460617597701289,0.1454998626758241,0.1752642185606865,0.0381040022683775,0.3156711702281642,1.5571130980526455
sub-10788,4,beta,8.6,m,TD,62.998046875,11,0.1946015026609204,0.0711200581569693,0.1730270420058564,0.1466457101546044,0.0138400701867494,0.2168678580675087,1.470808476317111
sub-10788,4,gamma,8.6,m,TD,62.998046875,11,0.2266874901120764,0.129358891651013,0.2223368867034365,0.1022279977406547,0.0293240424721775,0.2898778407270977,1.5571130980526455
sub-10788,5,theta,8.6,m,TD,61.998046875,11,0.2373512391634952,0.0680617830048602,0.1464279552392389,0.1358536393457675,0.0161545485359485,0.2637223256242551,1.3592367006600057
sub-10788,5,alpha,8.6,m,TD,61.998046875,11,0.2603868280543029,0.1992739150732482,0.1697156407435969,0.149568685371925,0.0518883026600849,0.3693248532348377,1.418483661940657
sub-10788,5,beta,8.6,m,TD,61.998046875,11,0.1774639997640059,0.1248039291356343,0.1738963826392052,0.0949034585284342,0.022148204450798,0.2094661027601789,1.5571130980526455
sub-10788,5,gamma,8.6,m,TD,61.998046875,11,0.2177640453134948,0.0892519426964627,0.2231653060008749,0.0467272684849035,0.0194358640937592,0.242683129225371,1.504788283676191
sub-10788,6,theta,8.6,m,TD,62.998046875,11,0.2589428522342999,0.0945487724605099,0.1525220572228768,0.1948065026083026,0.0244827288162708,0.2961978896673899,1.5047882836761906
sub-10788,6,alpha,8.6,m,TD,62.998046875,11,0.2829898886920377,0.197063345249625,0.1736585993138196,0.1657293344427709,0.055766934137669,0.3976216686429272,1.5047882836761908
sub-10788,6,beta,8.6,m,TD,62.998046875,11,0.2022640720394466,0.0784506857489444,0.1590006374417542,0.1213455720567514,0.0158677551539469,0.2292978490323166,1.5571130980526455
sub-10788,6,gamma,8.6,m,TD,62.998046875,11,0.2336435254065319,0.1492086721862812,0.2018869311897975,0.1078804173105478,0.0348616401909795,0.2985461191477562,1.3592367006600066
sub-10790,1,theta,11.1,m,TD,62.998046875,11,0.2210980287209331,0.1182493732951945,0.1655850906920521,0.2177282338241603,0.0261447033331715,0.2721163862850411,1.4708084763171114
sub-10790,1,alpha,11.1,m,TD,62.998046875,11,0.2221440282177086,0.2109818070363066,0.1796380613522054,0.189240922406309,0.0468683484959074,0.3552099361499281,0.9433483923260392
sub-10790,1,beta,11.1,m,TD,62.998046875,11,0.1688637604954064,0.1357738365919583,0.1826291844823301,0.0960878880646332,0.0229272806239426,0.2281443906916792,1.1682824501725626
sub-10790,1,gamma,11.1,m,TD,62.998046875,11,0.2205777905343771,0.067835564040215,0.2200862824705008,0.0665962170927043,0.0149630188357117,0.239406046298047,1.2206072645490171
sub-10790,2,theta,11.1,m,TD,61.998046875,11,0.209303421492516,0.1072498162574931,0.1549375706566587,0.0868356602153333,0.0224477534972442,0.2489160107140124,1.5047882836761908
sub-10790,2,alpha,11.1,m,TD,61.998046875,11,0.2209434383825344,0.2115380364169957,0.1687803739783489,0.1361013110606166,0.0467379411148723,0.3267496670717612,1.3592367006600066
sub-10790,2,beta,11.1,m,TD,61.998046875,11,0.211319132437131,0.2356199890669095,0.1810398362917734,0.0953633318346527,0.0497910116747012,0.3140446421277804,1.3592367006600063
sub-10790,2,gamma,11.1,m,TD,61.998046875,11,0.265871119675212,0.2695833647387441,0.2241466344309747,0.0838418319613053,0.0716744310291705,0.4294573502005462,1.2275294114522124
sub-10790,3,theta,11.1,m,TD,183.998046875,35,0.4835025373756473,0.4217934122677432,0.1063307683806343,0.4424680063180606,0.2039381850802081,1.12602230107583,1.0643019249566947
sub-10790,3,alpha,11.1,m,TD,183.998046875,35,0.4955791059076459,0.4593393026693244,0.1176769499670279,0.5400398943876488,0.2276389609255646,1.427437814376749,0.8236726374828551
sub-10790,3,beta,11.1,m,TD,183.998046875,35,0.4764615901829193,0.5576979767373814,0.1170281806123128,0.283108147910864,0.2657216648386472,1.5420360236698798,0.9446559607903108
sub-10790,3,gamma,11.1,m,TD,183.998046875,35,0.4807640030884911,0.4382972627690225,0.1248179271067831,0.4299117221241634,0.2107175465920018,1.241649805633875,0.9446559607903108
sub-10790,4,theta,11.1,m,TD,61.998046875,11,0.2056126989635583,0.0792796763450938,0.1606833283724407,0.1233074844295519,0.0163009082263513,0.2310652098957887,1.504788283676191
sub-10790,4,alpha,11.1,m,TD,61.998046875,11,0.2205751385239654,0.1693994527493888,0.183476561428007,0.1833626299701463,0.0373653077562497,0.2968696352165071,1.4708084763171114
sub-10790,4,beta,11.1,m,TD,61.998046875,11,0.1517104615357907,0.1716354071642201,0.1647606694313704,0.0987002152457523,0.0260388868369388,0.2024849378997525,0.801818552540337
sub-10790,4,gamma,11.1,m,TD,61.998046875,11,0.2033946382967815,0.0721670716393225,0.1985287289066261,0.0915156215991769,0.0146783954330901,0.2297396501936944,1.2206072645490178
sub-10790,5,theta,11.1,m,TD,62.998046875,11,0.2285803508210321,0.0885086241670292,0.154001958590058,0.1796373550877202,0.0202313323628749,0.2557246773624239,1.332179040206122
sub-10790,5,alpha,11.1,m,TD,62.998046875,11,0.2063321471105814,0.1227577620803761,0.1800145692637779,0.0991123210510132,0.0253288726246566,0.2493209336835025,1.5571130980526455
sub-10790,5,beta,11.1,m,TD,62.998046875,11,0.1705190294577644,0.0809897791476112,0.1970732455607713,0.0824674120725231,0.0138102985363303,0.1934767299536212,1.5571130980526455
sub-10790,5,gamma,11.1,m,TD,62.998046875,11,0.2351132797383759,0.1209029792597758,0.209609807245802,0.0383825075747122,0.0284258959840276,0.2767504892349566,1.366158847565202
sub-10790,6,theta,11.1,m,TD,61.998046875,11,0.2237982637732925,0.0871624335263748,0.1596281386728027,0.1214098897927678,0.0195068012895448,0.2679382336722001,1.168282450172563
sub-10790,6,alpha,11.1,m,TD,61.998046875,11,0.2377791506875847,0.1603990685657394,0.1475398381181368,0.2171202625709251,0.0381395542948016,0.2991244009382864,1.5571130980526455
sub-10790,6,beta,11.1,m,TD,61.998046875,11,0.170504710000585,0.1261807147649827,0.1560848240684242,0.1092647616305393,0.0215144061787961,0.211799038890914,1.2206072645490176
sub-10790,6,gamma,11.1,m,TD,61.998046875,11,0.2093520559123114,0.0689269094954725,0.2141598308542306,0.0832360178138825,0.0144299902106279,0.2418041230105178,1.2798542258296677
sub-10809,1,theta,11.6,f,TD,62.998046875,11,0.251153062583918,0.1499838942108621,0.1412628956467417,0.1045036943315081,0.0376689143694703,0.3403941772462275,1.3592367006600066
sub-10809,1,alpha,11.6,f,TD,62.998046875,11,0.2394218485043591,0.1419975460577543,0.1456617416625277,0.2108138282836031,0.0339973149603724,0.3035395357064011,1.313834033188747
sub-10809,1,beta,11.6,f,TD,62.998046875,11,0.1548053350062422,0.0434606684221148,0.1776919666249556,0.0688089537616572,0.0067279433347241,0.1652736886327493,1.2798542258296677
sub-10809,1,gamma,11.6,f,TD,62.998046875,11,0.2107098101220903,0.0552459425320589,0.2218753276513812,0.1087043263365167,0.0116408620610012,0.229901160979265,1.6094379124291005
sub-10809,2,theta,11.6,f,TD,62.998046875,11,0.2602992965230187,0.0831296922476886,0.1329755679400698,0.1270862796710242,0.0216386004123315,0.2965355128508528,1.5571130980526453
sub-10809,2,alpha,11.6,f,TD,62.998046875,11,0.2214538822189103,0.0855113601110704,0.1364562990142581,0.1943355535738497,0.0189368226705013,0.2488824437658461,1.504788283676191
sub-10809,2,beta,11.6,f,TD,62.998046875,11,0.1487081745848801,0.0901372346735129,0.1654732367759183,0.1389782574733502,0.0134041436305172,0.1799038869885039,1.3592367006600066
sub-10809,2,gamma,11.6,f,TD,62.998046875,11,0.2021305947525956,0.1498366075150681,0.2425884605975424,0.0522623793283002,0.0302865625928817,0.2731346697470277,1.418483661940657
sub-10809,3,theta,11.6,f,TD,62.998046875,11,0.2384410961283862,0.160312035385545,0.1367408467061283,0.15531979765861,0.0382249774400623,0.3229180415288512,1.3592367006600068
sub-10809,3,alpha,11.6,f,TD,62.998046875,11,0.2239941308806729,0.1573660993692635,0.1508027506445886,0.1767422874717713,0.0352490826584571,0.2958464213318971,1.4708084763171112
sub-10809,3,beta,11.6,f,TD,62.998046875,11,0.147328037882167,0.1305760471901119,0.1591673972076829,0.171085148765821,0.019237512827059,0.1726781138811374,1.2206072645490171
sub-10809,3,gamma,11.6,f,TD,62.998046875,11,0.172813329812059,0.063705856865625,0.2167238107387937,0.0567693841422631,0.0110092212535427,0.1896220037756031,1.504788283676191
sub-10809,4,theta,11.6,f,TD,62.998046875,11,0.2402198029352583,0.1210833052610646,0.1527092528009212,0.1703599021370659,0.0290866077286837,0.288539074562721,1.557113098052645
sub-10809,4,alpha,11.6,f,TD,62.998046875,11,0.2176084469971054,0.0732872943582699,0.146514909397834,0.1704927315130941,0.0159479343099961,0.2450442750765727,1.5571130980526453
sub-10809,4,beta,11.6,f,TD,62.998046875,11,0.1355936548051103,0.0939826922446417,0.1886949788699519,0.0804558769623748,0.0127434567299688,0.1608428805319428,1.504788283676191
sub-10809,4,gamma,11.6,f,TD,62.998046875,11,0.1652824156856805,0.0852039424404757,0.2361842952026381,0.0834996219893737,0.0140827134325907,0.1890102264255141,1.4184836619406564
sub-10809,5,theta,11.6,f,TD,62.998046875,11,0.3343945104007947,0.3059884959029897,0.1132439024079224,0.2079751025538802,0.1023208732760618,0.5506150703164627,1.3592367006600063
sub-10809,5,alpha,11.6,f,TD,62.998046875,11,0.2656282334724292,0.232460593040667,0.1287546228537753,0.1617705906719602,0.0617480966815781,0.4085772642185982,1.2206072645490174
sub-10809,5,beta,11.6,f,TD,62.998046875,11,0.1922799565066373,0.183916038985771,0.1373272228691413,0.1536709901831606,0.0353633679772409,0.2696277366163426,1.3592367006600063
sub-10809,5,gamma,11.6,f,TD,62.998046875,11,0.2206098387275001,0.1774809927472406,0.199823081090812,0.0719898905983306,0.0391540531873428,0.2897155748174288,1.4708084763171114
sub-10809,6,theta,11.6,f,TD,61.998046875,11,0.2757080477039281,0.1486681571546196,0.1231107164129919,0.1816606876254874,0.0409890073649896,0.3530522507018945,1.5571130980526455
sub-10809,6,alpha,11.6,f,TD,61.998046875,11,0.2205198461989759,0.0891232538912718,0.1246695141303286,0.0955458005063742,0.0196534462409446,0.2656458470699922,1.1682824501725624
sub-10809,6,beta,11.6,f,TD,61.998046875,11,0.1685867541599978,0.106425971852468,0.155895670210806,0.0704450543517962,0.0179420091530373,0.2072613223777462,1.4708084763171112
sub-10809,6,gamma,11.6,f,TD,61.998046875,11,0.2269836488489734,0.1331655365074482,0.2092399181034406,0.052475354364811,0.0302263993775249,0.2748834648410335,1.5571130980526455
sub-10825,1,theta,8.5,m,TD,61.998046875,11,0.2574685736650673,0.1411726756467465,0.1885958152684181,0.1084560879863895,0.0363475274393901,0.3504043972840985,1.1682824501725628
sub-10825,1,alpha,8.5,m,TD,61.998046875,11,0.2689877316625695,0.079972820377049,0.1542939419702189,0.1765954159534132,0.0215117075479605,0.319164148408633,1.168282450172563
sub-10825,1,beta,8.5,m,TD,61.998046875,11,0.2015410491363165,0.0480542899158281,0.1822495461865016,0.1159026333664133,0.0096849120051847,0.2159619274285922,1.366158847565202
sub-10825,1,gamma,8.5,m,TD,61.998046875,11,0.2702470037296563,0.0350830579662678,0.221039216026675,0.0597150859106741,0.0094810912970928,0.2811870782600706,1.4184836619406582
sub-10825,2,theta,8.5,m,TD,61.998046875,11,0.2509586270323062,0.1294478657428077,0.1833377831205251,0.1369544544187267,0.0324860586592067,0.3274330107383325,1.1935496040941334
sub-10825,2,alpha,8.5,m,TD,61.998046875,11,0.2275342954711325,0.1582726490287646,0.1504998199751058,0.2569925987489093,0.036012455689268,0.287238149882743,1.5571130980526455
sub-10825,2,beta,8.5,m,TD,61.998046875,11,0.2115803422545298,0.0417096470291391,0.2102212062541898,0.069089282311224,0.0088249413937826,0.2318484504808276,1.4184836619406562
sub-10825,2,gamma,8.5,m,TD,61.998046875,11,0.2700709781169416,0.0100180016670585,0.2446689775515897,0.0283823307512154,0.0027055715090096,0.2761760376176811,1.3592367006600126
sub-10825,3,theta,8.5,m,TD,61.998046875,11,0.237763815181013,0.1077765831069829,0.2051169746898026,0.1299754060919045,0.0256253715867975,0.2875296725097248,1.5047882836761912
sub-10825,3,alpha,8.5,m,TD,61.998046875,11,0.2508287219046187,0.0914894934247237,0.1794403940783019,0.1709926164929298,0.0229481927035159,0.2982955373023578,1.359236700660006
sub-10825,3,beta,8.5,m,TD,61.998046875,11,0.1976400967312574,0.0524007095393005,0.1930841498537432,0.0779242435846462,0.0103564813021862,0.2104212830938515,1.2206072645490176
sub-10825,3,gamma,8.5,m,TD,61.998046875,11,0.2590357908156254,0.0617106698240608,0.2407864031513124,0.0667396557241947,0.0159852721596992,0.2878341872737193,1.470808476317112
sub-10825,4,theta,8.5,m,TD,62.998046875,11,0.2214966900866162,0.1377675352896544,0.1831388967130147,0.1571372941973776,0.0305150530681873,0.2722528533183911,1.1682824501725628
sub-10825,4,alpha,8.5,m,TD,62.998046875,11,0.251298943454476,0.2221380255077851,0.1778349920797391,0.1160848157510887,0.0558230511113919,0.3792490768174176,1.1682824501725628
sub-10825,4,beta,8.5,m,TD,62.998046875,11,0.2200725017136517,0.0456409898797322,0.1978807320941972,0.0597632273484902,0.0100443268235657,0.2383984577595188,1.1935496040941334
sub-10825,4,gamma,8.5,m,TD,62.998046875,11,0.26457012739714,0.032835063859007,0.218696597977836,0.0673287982164327,0.0086871770283035,0.2819559979175445,1.557113098052646
sub-10825,5,theta,8.5,m,TD,61.998046875,11,0.2526237885077671,0.0913066636887292,0.1896081550508044,0.1314111303696772,0.0230662352971426,0.3007070352226829,1.5047882836761906
sub-10825,5,alpha,8.5,m,TD,61.998046875,11,0.2474517556305465,0.1719194527071807,0.1925418175033209,0.1750412959581861,0.0425417703996065,0.3132974359224975,1.418483661940657
sub-10825,5,beta,8.5,m,TD,61.998046875,11,0.1976651671899175,0.0754308933413194,0.2012177237086439,0.0676180264412697,0.0149100601436721,0.2249410106067238,1.5571130980526455
sub-10825,5,gamma,8.5,m,TD,61.998046875,11,0.2639224004002147,0.0501895750598727,0.2379598844257242,0.0421046311229905,0.0132461531249185,0.2913582057792337,1.4708084763171108
sub-10825,6,theta,8.5,m,TD,61.998046875,11,0.2670744562272094,0.1578650674050841,0.1714498909405573,0.238950737378426,0.0421617270346424,0.3387293601903027,1.5571130980526455
sub-10825,6,alpha,8.5,m,TD,61.998046875,11,0.2688514834457351,0.1185546390291666,0.1842029631538083,0.1483108087330495,0.0318735905724836,0.3157499672725956,1.3661588475652018
sub-10825,6,beta,8.5,m,TD,61.998046875,11,0.2129302412096186,0.0645352590908626,0.1916420279718331,0.0882810095838695,0.0137415082848071,0.2365843087332433,1.4708084763171112
sub-10825,6,gamma,8.5,m,TD,61.998046875,11,0.2596057695859416,0.0283571820356389,0.2358049187284078,0.0692405462299085,0.007361688065679,0.2712989969118323,1.279854225829669
sub-10842,1,theta,8.2,f,TD,62.998046875,11,0.2412910941239527,0.1046178426918622,0.1461390929283049,0.1548497225804384,0.0252433537281116,0.2850732224271691,1.5047882836761908
sub-10842,1,alpha,8.2,f,TD,62.998046875,11,0.2503597301165668,0.0771358707371573,0.1671721763541201,0.1637976374468825,0.0193117157801382,0.2839628396506589,1.5571130980526455
sub-10842,1,beta,8.2,f,TD,62.998046875,11,0.1497351840444233,0.0518518199673284,0.1303623826373006,0.0850060004378678,0.007764041805898,0.1617324584237554,1.5571130980526455
sub-10842,1,gamma,8.2,f,TD,62.998046875,11,0.1784152959680441,0.0990487356643274,0.2065130988575317,0.0450907557370321,0.0176718094889105,0.2226474264566409,1.313834033188747
sub-10842,2,theta,8.2,f,TD,62.998046875,11,0.2501308045770778,0.0830115718743723,0.1435115456003709,0.1730169447194154,0.0207637512622276,0.2795952036549886,1.504788283676191
sub-10842,2,alpha,8.2,f,TD,62.998046875,11,0.2622720130526967,0.119617701518059,0.1597137462859877,0.1754309112390988,0.0313723753739975,0.3192217791623659,1.470808476317111
sub-10842,2,beta,8.2,f,TD,62.998046875,11,0.1587412937404175,0.116585256769796,0.1344871368179604,0.1151040549432633,0.0185068944908127,0.1824085310313512,1.366158847565202
sub-10842,2,gamma,8.2,f,TD,62.998046875,11,0.1838089909161723,0.0537786111318686,0.1976250746354854,0.059291172898418,0.0098849922450757,0.2031981077225484,1.193549604094133
sub-10842,3,theta,8.2,f,TD,62.998046875,11,0.2276629788009036,0.0871532952248197,0.1504644282162347,0.162276838954841,0.0198415788032841,0.264351372365932,1.5047882836761906
sub-10842,3,alpha,8.2,f,TD,62.998046875,11,0.2446256700921497,0.2254728619289438,0.1759213731044224,0.1445199875733748,0.0551564499371881,0.3615984569124571,1.4708084763171112
sub-10842,3,beta,8.2,f,TD,62.998046875,11,0.1622940487801499,0.0887487773321956,0.1318873386910143,0.1152980306018102,0.0144033983976187,0.1948240110246613,1.2798542258296677
sub-10842,3,gamma,8.2,f,TD,62.998046875,11,0.1785990927930599,0.0691168073703826,0.2117369503923994,0.0401787336709657,0.0123441990931721,0.194758210296526,1.2798542258296672
sub-10842,4,theta,8.2,f,TD,62.998046875,11,0.2420566794802753,0.0864575127058071,0.1626748265852723,0.1469284707369254,0.0209276184417778,0.2720772218767152,1.5571130980526455
sub-10842,4,alpha,8.2,f,TD,62.998046875,11,0.2451008593476046,0.0944481402900599,0.1470906981525223,0.1530265968104518,0.0231493203489712,0.2942425081375182,1.4708084763171114
sub-10842,4,beta,8.2,f,TD,62.998046875,11,0.1650514791745826,0.1243137673082065,0.1362831395518235,0.0674047314592006,0.0205181711761086,0.2023789312537851,1.504788283676191
sub-10842,4,gamma,8.2,f,TD,62.998046875,11,0.1791198403233986,0.0498591035212694,0.1725630160090163,0.1217427246113093,0.0089307546614474,0.1937607964238544,1.5571130980526455
sub-10842,5,theta,8.2,f,TD,62.998046875,11,0.2511814352439024,0.1524678932747393,0.1375923330233141,0.2088075751670642,0.0382971042615156,0.3251107288524382,1.5047882836761906
sub-10842,5,alpha,8.2,f,TD,62.998046875,11,0.277796358197021,0.1406556077592991,0.1840919721946697,0.1112858646702597,0.0390736155956626,0.3460856314724079,1.504788283676191
sub-10842,5,beta,8.2,f,TD,62.998046875,11,0.1640071830121247,0.0784885352419007,0.1569662153334673,0.1037818298999063,0.0128726835638504,0.1837750278350975,1.5571130980526455
sub-10842,5,gamma,8.2,f,TD,62.998046875,11,0.2148367393528729,0.2667707579232103,0.1871122717344568,0.0455510071943123,0.0573121597871838,0.3524931476539583,0.8018185525403373
sub-10842,6,theta,8.2,f,TD,62.998046875,11,0.2494774045442964,0.1282470965164493,0.1519355127765409,0.1799999064909618,0.0319947527793939,0.3010823452028301,1.366158847565202
sub-10842,6,alpha,8.2,f,TD,62.998046875,11,0.2390183622474226,0.146183109097729,0.1622420916229917,0.1046645623726562,0.0349404473249216,0.307764144348979,1.2798542258296677
sub-10842,6,beta,8.2,f,TD,62.998046875,11,0.1804288145014104,0.1360369941389862,0.139068548544677,0.1989062117090648,0.0245449935809686,0.2292935015981219,1.5047882836761908
sub-10842,6,gamma,8.2,f,TD,62.998046875,11,0.1773091066333689,0.0667585194596519,0.1848682967681308,0.0507450601489987,0.011836893445624,0.1965088352783078,1.366158847565202
sub-10846,1,theta,8.3,m,TD,152.998046875,29,0.259329263710418,0.1152442224573117,0.1573406250043788,0.1384383520367753,0.0298861993568495,0.3430328692656563,1.618663459093258
sub-10846,1,alpha,8.3,m,TD,152.998046875,29,0.2197441958118886,0.1871031284533202,0.1740073169692776,0.1459356765470505,0.0411148264960504,0.3312271840640259,1.7560992973314615
sub-10846,1,beta,8.3,m,TD,152.998046875,29,0.1776809276525186,0.0922380927104936,0.1811849954287867,0.1032653487559488,0.0163889498777917,0.2090053989447221,2.005723578725952
sub-10846,1,gamma,8.3,m,TD,152.998046875,29,0.2240920293622203,0.1220660369406657,0.2034851034387354,0.0645636053710875,0.0273540259343596,0.3108960298139955,1.6226399187835154
sub-10846,2,theta,8.3,m,TD,151.998046875,29,0.3004486392963857,0.2419626262605837,0.1564014066696822,0.2189307647670424,0.0726973418208142,0.5137446515292278,1.4381281430752295
sub-10846,2,alpha,8.3,m,TD,151.998046875,29,0.2932547736436878,0.2134237864487882,0.166697094008702,0.1680832801824322,0.0625875441854316,0.4713623788305482,1.702973510870916
sub-10846,2,beta,8.3,m,TD,151.998046875,29,0.2052336090823912,0.1803188583792332,0.1935449599674082,0.1162222811258689,0.0370074900909669,0.2976073637054185,1.7606432095631837
sub-10846,2,gamma,8.3,m,TD,151.998046875,29,0.256711889705772,0.1296343580341641,0.204515856374612,0.0952458366168307,0.0332786810218745,0.3537332632344519,1.7247046790204594
sub-10846,3,theta,8.3,m,TD,152.998046875,29,0.2583117270415196,0.1256404126593549,0.1560665258495318,0.2161093577930714,0.0324543919803728,0.3440153061124779,1.6198051137196077
sub-10846,3,alpha,8.3,m,TD,152.998046875,29,0.2520175319436194,0.1421120188731812,0.1666528443072271,0.1158058821546161,0.0358147202560863,0.3226624222384476,2.010667969371805
sub-10846,3,beta,8.3,m,TD,152.998046875,29,0.1837680294603149,0.1020096439779151,0.1723232269952053,0.158669635596794,0.0187461112598717,0.2190012099547457,1.83746874787476
sub-10846,3,gamma,8.3,m,TD,152.998046875,29,0.2287196536442274,0.0772290005877616,0.1982734532271467,0.1221885330946977,0.0176637902657999,0.2829950755858348,1.660014786195268
sub-10862,1,theta,12.6,f,TD,62.998046875,11,0.2421735186432766,0.0901823848415873,0.1514844944449871,0.1056694429811173,0.0218397854568194,0.2822114356265962,1.4708084763171112
sub-10862,1,alpha,12.6,f,TD,62.998046875,11,0.1985845297131386,0.1764677179165423,0.2027339212062385,0.1052236005739055,0.0350437587721838,0.2482493948282325,1.0888999753422235
sub-10862,1,beta,12.6,f,TD,62.998046875,11,0.1580692847657846,0.041812719519018,0.1955050872219734,0.0379984074322397,0.0066093066685253,0.1677809929181642,1.2206072645490171
sub-10862,1,gamma,12.6,f,TD,62.998046875,11,0.2084212093306874,0.0733403414928287,0.2569301264614869,0.0496338595244804,0.0152856826667343,0.2290757510599331,1.168282450172562
sub-10862,2,theta,12.6,f,TD,62.998046875,11,0.2357238907172378,0.0556466894286868,0.1742489225136991,0.1135388688112532,0.0131172541377195,0.2576879438743054,1.5571130980526453
sub-10862,2,alpha,12.6,f,TD,62.998046875,11,0.2318172091863562,0.1677654654668228,0.2155702711721296,0.0575992783867387,0.0388909220025366,0.2930315749329285,1.5571130980526455
sub-10862,2,beta,12.6,f,TD,62.998046875,11,0.1553903720477757,0.0614232144186376,0.2060173578858173,0.0626427323881183,0.0095445761409438,0.1717685694800219,1.557113098052646
sub-10862,2,gamma,12.6,f,TD,62.998046875,11,0.1932627514009095,0.0340596557693066,0.2583058213986361,0.0620654846197188,0.0065824627857781,0.203059680153522,1.5047882836761914
sub-10862,3,theta,12.6,f,TD,62.998046875,11,0.2499489979158671,0.178570876866843,0.1508064393489922,0.1597537133870904,0.0446336117300036,0.329218899069007,1.5571130980526455
sub-10862,3,alpha,12.6,f,TD,62.998046875,11,0.2243012718341948,0.2007999017450362,0.1800045051919189,0.1665722994442698,0.0450396733457937,0.3339220118951808,1.1682824501725624
sub-10862,3,beta,12.6,f,TD,62.998046875,11,0.168361047974586,0.0775461944023304,0.2014560756410918,0.1040405372424993,0.0130557585560948,0.1961649203403161,1.418483661940657
sub-10862,3,gamma,12.6,f,TD,62.998046875,11,0.2022722064123164,0.0552070798672517,0.2622693703966128,0.0552097596264402,0.0111668578543851,0.2237060549285868,1.4708084763171103
sub-10862,4,theta,12.6,f,TD,62.998046875,11,0.2259007888535134,0.0899645787222552,0.140281754292342,0.1820644252217006,0.0203230693023214,0.2657181630255517,1.4708084763171116
sub-10862,4,alpha,12.6,f,TD,62.998046875,11,0.1841572803000261,0.2096067009695716,0.1712312968860898,0.1441761952094917,0.0386005999834267,0.2892648826607231,0.89794572485378
sub-10862,4,beta,12.6,f,TD,62.998046875,11,0.1551417568126225,0.060080672933813,0.1722428069927369,0.0592333699264222,0.0093210211494964,0.1722166408448847,1.0296530140615736
sub-10862,4,gamma,12.6,f,TD,62.998046875,11,0.1957473526995471,0.0736329738306428,0.2443788775969906,0.0344770920360945,0.014413459698817,0.2276968704638373,1.359236700660006
sub-10862,5,theta,12.6,f,TD,61.998046875,11,0.2601037574284916,0.197999312912594,0.1410981830545161,0.2089906596719414,0.0515003652570233,0.3714507805747986,1.5047882836761908
sub-10862,5,alpha,12.6,f,TD,61.998046875,11,0.2221853813596837,0.1577257347841335,0.1739106923914288,0.1471850049828174,0.0350443525334067,0.304873765231106,1.418483661940657
sub-10862,5,beta,12.6,f,TD,61.998046875,11,0.1725595355648201,0.1295509324215135,0.1773647868680138,0.0611429795652545,0.0223552487307753,0.2250587227488986,1.2275294114522126
sub-10862,5,gamma,12.6,f,TD,61.998046875,11,0.2311771596252503,0.1613495871734457,0.2172567357596286,0.0955088870771277,0.0373003392696252,0.311630472255864,1.5047882836761908
sub-10862,6,theta,12.6,f,TD,62.998046875,11,0.2194469319208309,0.10570797308079,0.1399906624026936,0.0944545776778142,0.0231972903722548,0.2553771784395868,1.2798542258296677
sub-10862,6,alpha,12.6,f,TD,62.998046875,11,0.1974993370632182,0.1549512171491896,0.1779153319960596,0.0913046417456388,0.0306027626642586,0.2440086906210177,1.3661588475652016
sub-10862,6,beta,12.6,f,TD,62.998046875,11,0.1760703105072888,0.0907025677039176,0.1979156300966933,0.0873803570210658,0.0159700292595278,0.2033135684043338,1.2798542258296677
sub-10862,6,gamma,12.6,f,TD,62.998046875,11,0.2193955484188366,0.1399430059956025,0.2428585192769164,0.0505570293848365,0.0307028725479257,0.29979666402974,1.1935496040941331
sub-10876,1,theta,11.5,m,TD,152.998046875,29,0.2626783021305928,0.0763407136918991,0.1442341045354425,0.1629824172856896,0.0200530490561021,0.3022621695428607,1.8555846424598967
sub-10876,1,alpha,11.5,m,TD,152.998046875,29,0.2516086257921909,0.0979895425767837,0.1668414891531536,0.139974421082122,0.0246550141498479,0.3253248818467473,1.7696671931076011
sub-10876,1,beta,11.5,m,TD,152.998046875,29,0.1872906608922538,0.1178163653335874,0.1894905743014618,0.0940952648740109,0.0220659049273686,0.2355890544640883,1.9895083403430016
sub-10876,1,gamma,11.5,m,TD,152.998046875,29,0.2000632696293094,0.1720193092816245,0.1977057269325547,0.1200763949639701,0.0344147454544292,0.300536251452521,1.7692708012717449
sub-10876,2,theta,11.5,m,TD,152.998046875,29,0.2646414841687637,0.1075838735766206,0.1429809800558716,0.1632599997099911,0.0284711559760491,0.3329580288031172,1.889847847929684
sub-10876,2,alpha,11.5,m,TD,152.998046875,29,0.2527179400426511,0.0909070475209934,0.160453579384059,0.1444915199942008,0.0229738417849557,0.2999619073599268,1.9364897736680384
sub-10876,2,beta,11.5,m,TD,152.998046875,29,0.1899637719162492,0.1491770127618455,0.1798820975430393,0.0743554608564918,0.0283382280275878,0.2624588972006678,1.7696671931076011
sub-10876,2,gamma,11.5,m,TD,152.998046875,29,0.2274374505062281,0.2128962000207942,0.2005544603199817,0.0919402456166528,0.0484205689554063,0.3424643504986653,1.85512032312474
sub-10876,3,theta,11.5,m,TD,152.998046875,29,0.2848245601428956,0.1309602169699478,0.143686170293356,0.2151163020658407,0.0373006861948145,0.391808893866164,1.5180350357253427
sub-10876,3,alpha,11.5,m,TD,152.998046875,29,0.2553406190509452,0.1076673696539793,0.1660835389464811,0.1366574482926311,0.0274918528191417,0.3074227334327896,1.9708209066371247
sub-10876,3,beta,11.5,m,TD,152.998046875,29,0.1978078631952598,0.2120081235545587,0.1978268496827697,0.0816965330758433,0.0419368739005759,0.321171121022258,1.5389693336238972
sub-10876,3,gamma,11.5,m,TD,152.998046875,29,0.221432717396947,0.313386152757154,0.2003407057230904,0.1002602829041851,0.0693939473999047,0.4176798548045424,1.6581141299920812
sub-10883,1,theta,10.7,f,TD,62.998046875,11,0.2064756902250613,0.0960644487417901,0.1281457063397298,0.1751870512053653,0.0198349733601472,0.2477608155825878,1.2798542258296677
sub-10883,1,alpha,10.7,f,TD,62.998046875,11,0.2207340342706012,0.1448601535771639,0.1217290262072497,0.1803655310837839,0.0319755661042911,0.2869584828109178,1.418483661940657
sub-10883,1,beta,10.7,f,TD,62.998046875,11,0.1499096142050263,0.0982720988119401,0.1897949999051383,0.1310606512929665,0.0147319324201144,0.1769508630727947,1.2206072645490171
sub-10883,1,gamma,10.7,f,TD,62.998046875,11,0.1817198538895289,0.0629154146040681,0.2050141921678866,0.0836400464570463,0.0114329799493133,0.2041613095246549,1.2206072645490171
sub-10883,2,theta,10.7,f,TD,61.998046875,11,0.2272399084016846,0.154566041013358,0.135595235121369,0.1393323246103074,0.035123573002041,0.3077397663260025,1.313834033188747
sub-10883,2,alpha,10.7,f,TD,61.998046875,11,0.2032287307741154,0.1016413236743992,0.1470998927678978,0.1529519982479374,0.0206564372046508,0.2367973816138289,1.5047882836761906
sub-10883,2,beta,10.7,f,TD,61.998046875,11,0.172155450310569,0.2591269813195286,0.2057450271127623,0.1076350152897614,0.0446101221569409,0.2860707809579213,1.2798542258296677
sub-10883,2,gamma,10.7,f,TD,61.998046875,11,0.1874522780442585,0.0380887237841354,0.2143876535635367,0.0336107928700172,0.0071398180411728,0.1952550781822179,1.2798542258296668
sub-10883,3,theta,10.7,f,TD,62.998046875,11,0.2205398722851919,0.1501474784275934,0.1596318576509207,0.1796793329045918,0.0331135057165152,0.2959324278829038,1.2275294114522122
sub-10883,3,alpha,10.7,f,TD,62.998046875,11,0.2311742875463745,0.1391350333094746,0.1451692270229518,0.1141444489863772,0.032164442198198,0.2815010204153349,1.504788283676191
sub-10883,3,beta,10.7,f,TD,62.998046875,11,0.155063385051984,0.1428895983460791,0.2342179213557776,0.071546576328505,0.0221569448084043,0.1936717366163462,1.359236700660006
sub-10883,3,gamma,10.7,f,TD,62.998046875,11,0.1774487786308159,0.045370399156745,0.2392577477358082,0.0461564062407064,0.0080509219164023,0.1864632630593108,1.4184836619406562
sub-10883,4,theta,10.7,f,TD,62.998046875,11,0.1890433572724305,0.0856171164002939,0.1919404513578635,0.0972215496046124,0.0161853471243816,0.2194212493755109,1.5047882836761908
sub-10883,4,alpha,10.7,f,TD,62.998046875,11,0.2372168445068154,0.1711882960405288,0.1549347947074767,0.1512650428878271,0.040608747403404,0.2889498895775055,1.279854225829668
sub-10883,4,beta,10.7,f,TD,62.998046875,11,0.1725965839860549,0.203792277021181,0.1936541037828633,0.1399912880968593,0.0351738508567994,0.2532272254756836,1.4184836619406562
sub-10883,4,gamma,10.7,f,TD,62.998046875,11,0.1852050315311455,0.0551585946443407,0.2409938233799433,0.0445057681040439,0.0102156492603739,0.2059910672933483,1.4184836619406558
sub-10883,5,theta,10.7,f,TD,62.998046875,11,0.1986893261230175,0.1022662653637556,0.1482564354367455,0.1179690779964742,0.0203192153503445,0.2467454718081207,1.2798542258296677
sub-10883,5,alpha,10.7,f,TD,62.998046875,11,0.2104389395198038,0.160567981924648,0.1311355286509674,0.2624465547783509,0.0337897558372185,0.2993590759495653,1.0888999753412238
sub-10883,5,beta,10.7,f,TD,62.998046875,11,0.1778985846456828,0.165726990901559,0.2127088642050014,0.1043076661300364,0.029482597119141,0.2271011329284683,1.4708084763171112
sub-10883,5,gamma,10.7,f,TD,62.998046875,11,0.1920441749307343,0.0521652281046445,0.2330361346940921,0.0423221866820177,0.0100180281914821,0.2085719080996071,1.3321790402061222
sub-10883,6,theta,10.7,f,TD,62.998046875,11,0.2285607339888097,0.1793324380125974,0.1519725107022229,0.202290726191756,0.0409883536603413,0.2806820906171682,1.5571130980526455
sub-10883,6,alpha,10.7,f,TD,62.998046875,11,0.202321011064812,0.1767787393210995,0.1365516465613384,0.1148783072081123,0.0357660532743844,0.2813040774895494,1.4184836619406564
sub-10883,6,beta,10.7,f,TD,62.998046875,11,0.162401748056795,0.1302939420042387,0.1872088914892782,0.0764316201541144,0.0211599639428293,0.1950665373882212,1.5047882836761912
sub-10883,6,gamma,10.7,f,TD,62.998046875,11,0.1821939708434086,0.0674449329378332,0.2304557865777854,0.0466173757761291,0.0122880601452786,0.200490389265985,1.5571130980526455
sub-10918,1,theta,12.4,m,TD,62.998046875,11,0.235209587241606,0.1054119239221788,0.145228834427356,0.1503445987089881,0.0247938951161846,0.2815314082978428,1.5571130980526453
sub-10918,1,alpha,12.4,m,TD,62.998046875,11,0.2276756585186396,0.0974140614341495,0.1199617511258848,0.1109710676673361,0.0221788105860926,0.2601204171556358,1.2798542258296677
sub-10918,1,beta,12.4,m,TD,62.998046875,11,0.1713573309271954,0.0842066893319647,0.1571377693140293,0.1238123182460457,0.0144294335302252,0.2015155608611139,1.5047882836761908
sub-10918,1,gamma,12.4,m,TD,62.998046875,11,0.2103274781049233,0.0595192489933407,0.2225308795365333,0.0502339281195747,0.0125185335395278,0.2239104200656312,1.359236700660007
sub-10918,2,theta,12.4,m,TD,62.998046875,11,0.2407335954241699,0.0827559943644701,0.1168091091725084,0.0977932817407782,0.0199221480663439,0.2760664438428709,1.5571130980526453
sub-10918,2,alpha,12.4,m,TD,62.998046875,11,0.2232996736328653,0.1893604170483042,0.1102593493717913,0.1032138226404719,0.0422841193260589,0.3270054169647676,1.1682824501725628
sub-10918,2,beta,12.4,m,TD,62.998046875,11,0.160985926877045,0.10268948578378,0.1475692540180749,0.0605778173292278,0.0165315620495316,0.1854750662018406,1.3661588475652018
sub-10918,2,gamma,12.4,m,TD,62.998046875,11,0.2058923613496686,0.0778585503948614,0.1617050985834863,0.0775352814430764,0.016030480792138,0.2313234952205887,1.313834033188747
sub-10918,3,theta,12.4,m,TD,62.998046875,11,0.2317160896448424,0.0945550122072703,0.1221982845746802,0.0966655305766019,0.0219099176850835,0.2707302859348446,1.5571130980526455
sub-10918,3,alpha,12.4,m,TD,62.998046875,11,0.2496728551435317,0.1321909265521988,0.1285414842140604,0.1604553830249937,0.0330044860564885,0.2960102153809269,1.504788283676191
sub-10918,3,beta,12.4,m,TD,62.998046875,11,0.1661114094568939,0.0892340563459015,0.1530541757804932,0.1086673721765744,0.0148227948712628,0.1957547315111322,1.470808476317111
sub-10918,3,gamma,12.4,m,TD,62.998046875,11,0.2084380622631331,0.0598615645416269,0.1742225699204648,0.1485488071400246,0.012477428517156,0.2360322798369707,1.418483661940657
sub-10918,4,theta,12.4,m,TD,62.998046875,11,0.2452174724521831,0.1907896870860016,0.1796595519313738,0.2264387331547812,0.046784964837363,0.3397791770770226,1.2206072645490176
sub-10918,4,alpha,12.4,m,TD,62.998046875,11,0.2328372716078107,0.0558034684146471,0.1400705560781749,0.1524580109883568,0.0129931273319748,0.2629853824539074,1.3592367006600063
sub-10918,4,beta,12.4,m,TD,62.998046875,11,0.1754342307978699,0.0578117101504511,0.1335899953703645,0.1515456769149808,0.0101421529014116,0.1874144221025727,1.3592367006600057
sub-10918,4,gamma,12.4,m,TD,62.998046875,11,0.2072061650159248,0.0750265951365169,0.1700823195853507,0.1020841422247157,0.0155459730525151,0.236182588480835,1.2206072645490176
sub-10918,5,theta,12.4,m,TD,62.998046875,11,0.2407284933462769,0.1694435629448777,0.1726107680218418,0.186663676935579,0.0407898936151149,0.3349037064362468,1.5047882836761908
sub-10918,5,alpha,12.4,m,TD,62.998046875,11,0.2436293731172696,0.1144416846265648,0.136171732357716,0.1789364259025861,0.0278813558841687,0.2874582647585817,1.279854225829668
sub-10918,5,beta,12.4,m,TD,62.998046875,11,0.1685454318967774,0.1311219934516219,0.1315803002645023,0.1147223415614656,0.0221000130176011,0.2016314071511502,1.504788283676191
sub-10918,5,gamma,12.4,m,TD,62.998046875,11,0.2148682038712234,0.1233391509700095,0.1563703041805908,0.1165344265086843,0.0265016618360509,0.2733225372999615,1.418483661940657
sub-10918,6,theta,12.4,m,TD,62.998046875,11,0.2565117011932549,0.1563166914822393,0.1364048226802338,0.1637949096058495,0.0400970604571667,0.3300000385204613,1.4708084763171114
sub-10918,6,alpha,12.4,m,TD,62.998046875,11,0.2163327980523925,0.0980164906130569,0.1243779238758697,0.1034026315025299,0.0212041816696967,0.2524294654704744,1.6094379124291005
sub-10918,6,beta,12.4,m,TD,62.998046875,11,0.1471103531580974,0.0834362954010994,0.1486984407832074,0.1045923836017017,0.0122743428827425,0.1693500460824776,1.5047882836761908
sub-10918,6,gamma,12.4,m,TD,62.998046875,11,0.2098743979574768,0.1088260362974511,0.201239501918068,0.0798382120348563,0.0228397988501349,0.2710945580997592,1.0888999753412236
sub-10950,1,theta,,,,62.998046875,11,0.2527181486540247,0.0801721393735423,0.1152307863951438,0.2221207852888301,0.0202609546361942,0.2898963342987241,1.0296530140615734
sub-10950,1,alpha,,,,62.998046875,11,0.2696332302603436,0.1524738182427517,0.1476065821195981,0.2125997041493316,0.0411120081430741,0.3447363626176962,1.4708084763171114
sub-10950,1,beta,,,,62.998046875,11,0.2254146516254397,0.0490483111551115,0.1850471563741857,0.0546737953680013,0.0110562079718946,0.2433726385256279,1.4708084763171114
sub-10950,1,gamma,,,,62.998046875,11,0.2534348703813356,0.0287924495986781,0.2064213080326231,0.0810412388874818,0.0072970107320309,0.2640335668135517,1.2798542258296668
sub-10950,2,theta,,,,62.998046875,11,0.2305467477440993,0.1627806097090422,0.1271780113930233,0.1475926681252864,0.037528540164384,0.3197913631886884,1.2206072645490176
sub-10950,2,alpha,,,,62.998046875,11,0.2135634260935188,0.1141704123338609,0.1676228789635848,0.1337287647883033,0.0243826244166432,0.262332643293896,0.8018185525403373
sub-10950,2,beta,,,,62.998046875,11,0.2164285381592561,0.0407234666465978,0.1882051420853976,0.0684806226243641,0.0088137203551411,0.2332450090875541,1.2798542258296668
sub-10950,2,gamma,,,,62.998046875,11,0.2689038735253509,0.0631537535093939,0.2128574050790508,0.0483472263918522,0.0169822889464044,0.3056766555460437,1.418483661940657
sub-10950,3,theta,,,,61.998046875,11,0.2437247609510482,0.1116434212462686,0.1169525426541684,0.1892947565131556,0.0272102661551156,0.3108171875119921,1.1682824501725626
sub-10950,3,alpha,,,,61.998046875,11,0.2423267029716405,0.1629310376258483,0.1552044772893853,0.1351200040074328,0.039482541159783,0.3129115011257638,1.470808476317111
sub-10950,3,beta,,,,61.998046875,11,0.214706370946337,0.0768026608749279,0.1926584967528541,0.0546277691264906,0.0164900205955548,0.2406884520056872,1.6094379124291
sub-10950,3,gamma,,,,61.998046875,11,0.2599033535307347,0.031350865328055,0.2184173926048746,0.0780257661817273,0.0081481950348832,0.2699891939980708,1.2798542258296688
sub-10950,4,theta,,,,62.998046875,11,0.2462230898471743,0.1583096529921667,0.1307539810628626,0.1507472866868687,0.0389794919125235,0.3378690144791718,1.313834033188747
sub-10950,4,alpha,,,,62.998046875,11,0.2484993242046219,0.173264957303114,0.1511515570614542,0.2134066976740519,0.0430562247983397,0.3618939107565587,1.1682824501725624
sub-10950,4,beta,,,,62.998046875,11,0.2033683865763814,0.1664343306665485,0.1758333729908628,0.075731712528481,0.0338474812987423,0.2846142948909169,1.2798542258296677
sub-10950,4,gamma,,,,62.998046875,11,0.2645016768132419,0.1908183520121991,0.2044887136738142,0.0768743036987249,0.0504717740741569,0.3475331489292714,1.0296530140615734
sub-10959,1,theta,8.0,f,TD,62.998046875,11,0.2261994640081921,0.1426478033262786,0.1795842238920016,0.1380505176588874,0.0322668566544928,0.3067580103308301,1.1682824501725626
sub-10959,1,alpha,8.0,f,TD,62.998046875,11,0.2517218329086773,0.082647761801704,0.1404638569323176,0.1259946547238678,0.0208042460866073,0.2966108591545064,1.2275294114522126
sub-10959,1,beta,8.0,f,TD,62.998046875,11,0.1864059092700402,0.0690528066147659,0.2121345390547429,0.0751821131434427,0.0128718512047427,0.2076385194004061,1.5571130980526455
sub-10959,1,gamma,8.0,f,TD,62.998046875,11,0.2319069912492077,0.0524577167918707,0.235752232603108,0.0613444600387245,0.0121653112690582,0.2470488189177275,1.5571130980526455
sub-10959,2,theta,8.0,f,TD,61.998046875,11,0.2257586281437021,0.1164896366589047,0.1513803671107525,0.1783041194976825,0.0262985405651891,0.2789932568823213,1.0296530140615738
sub-10959,2,alpha,8.0,f,TD,61.998046875,11,0.2374899647608689,0.1413633086952543,0.1664105229033148,0.1279323198923148,0.0335723672006571,0.3163085099835505,1.227529411452213
sub-10959,2,beta,8.0,f,TD,61.998046875,11,0.1820622569688215,0.0565284102566093,0.2346141120993383,0.050519369151594,0.0102916899542343,0.2058258721966626,1.4708084763171114
sub-10959,2,gamma,8.0,f,TD,61.998046875,11,0.2292405684887344,0.0662854236800464,0.2460984007566915,0.0359336522650687,0.0151953082069967,0.2567926153290081,1.313834033188747
sub-10959,3,theta,8.0,f,TD,62.998046875,11,0.2414368619042873,0.1353963884119994,0.1781240298561736,0.1387701065628768,0.0326896791315025,0.3116029569640478,1.418483661940657
sub-10959,3,alpha,8.0,f,TD,62.998046875,11,0.2476438078713613,0.1948690009882281,0.186802218229059,0.0862116796731522,0.0482581014410077,0.3464827246146253,1.4708084763171114
sub-10959,3,beta,8.0,f,TD,62.998046875,11,0.1648731563233352,0.0688005845921313,0.2010862239884219,0.0554219766743856,0.0113433695386641,0.1831173062611723,1.5571130980526455
sub-10959,3,gamma,8.0,f,TD,62.998046875,11,0.2063222335183475,0.0640857666386562,0.2081543682667568,0.0486813975170782,0.0132223185096872,0.2310705744511834,1.5571130980526455
sub-10959,4,theta,8.0,f,TD,62.998046875,11,0.2428050650823875,0.1000259635836306,0.1835669279366203,0.1173679179811136,0.0242868105979519,0.2940744845798622,1.418483661940657
sub-10959,4,alpha,8.0,f,TD,62.998046875,11,0.2690647211949172,0.1608783885581239,0.1544966767551929,0.1815683420081169,0.04328669876384,0.3672176989058917,1.2798542258296677
sub-10959,4,beta,8.0,f,TD,62.998046875,11,0.1918191146477419,0.105355984590409,0.2131984744515141,0.0454393491189333,0.0202092916870787,0.2297956420083002,1.5571130980526455
sub-10959,4,gamma,8.0,f,TD,62.998046875,11,0.2414841373532639,0.0506294854754333,0.2327426397150544,0.0702452758087076,0.0122262176247252,0.2617747782646016,1.3661588475652018
sub-10959,5,theta,8.0,f,TD,62.998046875,11,0.2136745482562895,0.1025923742588599,0.1818196231709674,0.1051899997020318,0.0219213792244046,0.247892604438967,1.4708084763171112
sub-10959,5,alpha,8.0,f,TD,62.998046875,11,0.2263690715924136,0.1792046643430564,0.1813906416756793,0.1464041428199058,0.040566393492547,0.2971921435747688,1.2798542258296672
sub-10959,5,beta,8.0,f,TD,62.998046875,11,0.1503752866126178,0.0844007971673833,0.1997204903140994,0.1107312915342123,0.012691794064463,0.1699808784544381,1.418483661940657
sub-10959,5,gamma,8.0,f,TD,62.998046875,11,0.2184955229078878,0.0489624290807587,0.231000312068555,0.065885270768951,0.0106980715448897,0.2384548738906338,1.4708084763171114
sub-10959,6,theta,8.0,f,TD,62.998046875,11,0.2238478581718517,0.1107763341680961,0.1706023444875356,0.1393294434243151,0.0247970451397684,0.2649383927160131,1.6094379124291005
sub-10959,6,alpha,8.0,f,TD,62.998046875,11,0.2410102480671392,0.1137640766543141,0.1743148548006579,0.2579172438914446,0.027418308335699,0.2889210880390426,1.5047882836761908
sub-10959,6,beta,8.0,f,TD,62.998046875,11,0.1916375965398222,0.1438002026655497,0.1900133486422155,0.1331245645619112,0.027557525220909,0.2483117851257092,1.418483661940657
sub-10959,6,gamma,8.0,f,TD,62.998046875,11,0.236031863864966,0.0817380456332603,0.2165730031177123,0.0746965042042709,0.0192927832595798,0.2633431325439191,1.5047882836761914
sub-10970,1,theta,9.0,f,TD,62.998046875,11,0.2366202215157721,0.0912419991640483,0.1447523870877805,0.1548380521193983,0.0215897020538302,0.2870102515076843,1.2798542258296677
sub-10970,1,alpha,9.0,f,TD,62.998046875,11,0.2527920047790102,0.0342424211906,0.1361049812192074,0.175344519258794,0.0086562103012932,0.2674265829012047,1.4708084763171123
sub-10970,1,beta,9.0,f,TD,62.998046875,11,0.2234629522416729,0.0873891034966813,0.2291433385797482,0.0558411328491502,0.0195282270612089,0.2625776533046638,1.5571130980526455
sub-10970,1,gamma,9.0,f,TD,62.998046875,11,0.2780862423045095,0.1358578627242515,0.272865410699242,0.094290807917205,0.0377802025326448,0.3539674023430876,1.4708084763171114
sub-10970,2,theta,9.0,f,TD,62.998046875,11,0.2460942582557948,0.1028735524240127,0.1278432086416961,0.1728327250045324,0.0253165905780289,0.2919306466127011,1.5047882836761908
sub-10970,2,alpha,9.0,f,TD,62.998046875,11,0.2683435405529785,0.1514747718953129,0.1403605436959209,0.2227723665391803,0.0406472765949945,0.3498714750611372,1.4708084763171114
sub-10970,2,beta,9.0,f,TD,62.998046875,11,0.231250948099414,0.2134405703594297,0.230887243280627,0.0708785092860435,0.0493583342587112,0.3297889029431347,1.2206072645490174
sub-10970,2,gamma,9.0,f,TD,62.998046875,11,0.2824777645490339,0.1749650146058392,0.2547811192745631,0.0637122961807847,0.0494237262003215,0.3958938092707916,1.418483661940657
sub-10970,3,theta,9.0,f,TD,62.998046875,11,0.2510758628612853,0.1786578435939947,0.1307293322874176,0.2260383134362211,0.0448566722374774,0.366574006774759,1.1935496040941334
sub-10970,3,alpha,9.0,f,TD,62.998046875,11,0.2494991583267312,0.1537580285474724,0.1384575421771901,0.1392274761403173,0.0383624987087256,0.3202441486380897,1.5047882836761908
sub-10970,3,beta,9.0,f,TD,62.998046875,11,0.2003408441243971,0.0986550325393257,0.2075205461392265,0.083439364064328,0.019764632496147,0.2303444350634116,1.5571130980526455
sub-10970,3,gamma,9.0,f,TD,62.998046875,11,0.2487366154212903,0.052556283931425,0.2551535085621551,0.0404288078697634,0.0130726721842755,0.2755944200100695,1.3321790402061229
sub-10970,4,theta,9.0,f,TD,62.998046875,11,0.2355351846804824,0.0570592794293107,0.1234710697750451,0.107056259363715,0.013439467918175,0.2636831420653228,1.470808476317112
sub-10970,4,alpha,9.0,f,TD,62.998046875,11,0.251298759005486,0.1268633548175131,0.1465290823172594,0.2568196192844593,0.0318806036290405,0.3117671557332629,1.359236700660006
sub-10970,4,beta,9.0,f,TD,62.998046875,11,0.1929935289097326,0.1373772600739204,0.2028124154391233,0.049355298170384,0.0265129222137533,0.2437344387997788,1.5047882836761908
sub-10970,4,gamma,9.0,f,TD,62.998046875,11,0.2675942397862332,0.1540359050404498,0.2429842339688425,0.1025125569811037,0.0412191209092376,0.3358134204395336,1.5571130980526455
sub-10970,5,theta,9.0,f,TD,62.998046875,11,0.2440925723393547,0.1383827050030269,0.1544739249084576,0.1851301042100089,0.0337781904316053,0.3220250602776404,1.1682824501725626
sub-10970,5,alpha,9.0,f,TD,62.998046875,11,0.2425712236446689,0.0666058370403947,0.1263708616645346,0.0905432139543384,0.0161566593928325,0.2723235883329555,1.3661588475652018
sub-10970,5,beta,9.0,f,TD,62.998046875,11,0.1985179407761786,0.0987306084120857,0.1928692583383978,0.0798876146747165,0.0195997970736452,0.2385096052747402,1.5047882836761908
sub-10970,5,gamma,9.0,f,TD,62.998046875,11,0.226498379439412,0.0509991897984758,0.2437877922927025,0.0305185562172434,0.0115512338421287,0.2447210752022696,1.4708084763171108
sub-10970,6,theta,9.0,f,TD,61.998046875,11,0.2454131235941047,0.105015964229829,0.1435397789914325,0.1449052726398269,0.0257722958089941,0.3031097552123093,1.313834033188747
sub-10970,6,alpha,9.0,f,TD,61.998046875,11,0.2524102191168841,0.1018795512886113,0.1562470676529892,0.1633378252135645,0.02571543986439,0.3197999631479858,1.0888999753412234
sub-10970,6,beta,9.0,f,TD,61.998046875,11,0.2287180725538852,0.1504974246766279,0.2377239584424584,0.1306650910255484,0.0344214808965123,0.2973809039097077,1.366158847565202
sub-10970,6,gamma,9.0,f,TD,61.998046875,11,0.2818443173783301,0.3261995623467693,0.2536573969508913,0.0927517245742414,0.0919374929790614,0.5103524111558301,1.0888999753412236
sub-10990,1,theta,10.1,f,TD,62.998046875,11,0.2505216558138099,0.0585062788225198,0.140136684617301,0.2039189034459183,0.0146570898461806,0.2754793232247567,1.4708084763171108
sub-10990,1,alpha,10.1,f,TD,62.998046875,11,0.2126165512106727,0.1117062673129049,0.1578284420741871,0.1333701445424511,0.023750601304799,0.2595692244340044,1.418483661940657
sub-10990,1,beta,10.1,f,TD,62.998046875,11,0.1791715503875224,0.0958743853833687,0.180891436693882,0.1350764289412115,0.0171779622716848,0.2022903269203142,1.5571130980526455
sub-10990,1,gamma,10.1,f,TD,62.998046875,11,0.219039383765744,0.066097350131779,0.2090129735424351,0.0648135643233449,0.0144779228414795,0.2441051379240944,1.5047882836761906
sub-10990,2,theta,10.1,f,TD,62.998046875,11,0.2746121941110052,0.1273956432638079,0.1545154524697085,0.2305969428796197,0.0349843971169845,0.3446907876834632,1.4708084763171114
sub-10990,2,alpha,10.1,f,TD,62.998046875,11,0.2467510521954365,0.1215178635668897,0.1507392230567941,0.0994207178397944,0.029984660695793,0.3002091182157476,1.359236700660006
sub-10990,2,beta,10.1,f,TD,62.998046875,11,0.1710373330647963,0.112260178405956,0.1509048614265023,0.1362684456983621,0.0192006815240452,0.2109991580781926,1.5047882836761912
sub-10990,2,gamma,10.1,f,TD,62.998046875,11,0.2142915812635031,0.0863981716689646,0.1871144634180465,0.100749153640809,0.0185144008253044,0.2387934237987824,1.2798542258296672
sub-10990,3,theta,10.1,f,TD,62.998046875,11,0.240329384239876,0.0617843154927616,0.1362560449522341,0.2048513340826089,0.0148485864981194,0.2712534231172396,1.5047882836761903
sub-10990,3,alpha,10.1,f,TD,62.998046875,11,0.2515640073474589,0.2070716684598177,0.1529617972224382,0.2452029260150174,0.0520917787260832,0.3845712918178874,1.1682824501725626
sub-10990,3,beta,10.1,f,TD,62.998046875,11,0.1812178984928883,0.1344120408755325,0.1416155368285497,0.0439188938716207,0.0243578675797386,0.2411875315938303,1.1682824501725624
sub-10990,3,gamma,10.1,f,TD,62.998046875,11,0.2246868874213202,0.0506234729202765,0.203256109529761,0.0810676033200877,0.011374430560965,0.2482402264539858,1.5047882836761908
sub-10990,4,theta,10.1,f,TD,62.998046875,11,0.2438824948445269,0.0827181880542605,0.1245995710058641,0.1685033018241832,0.0201735180717745,0.2694157914436846,1.2798542258296672
sub-10990,4,alpha,10.1,f,TD,62.998046875,11,0.2503872380891678,0.3239888601203489,0.1654753978537008,0.1525908099221339,0.0811226758575159,0.3990382082056055,1.5571130980526455
sub-10990,4,beta,10.1,f,TD,62.998046875,11,0.1860250928479408,0.08514321549842,0.1303344802647862,0.0873756516012225,0.0158387745685509,0.2050698165901399,1.470808476317112
sub-10990,4,gamma,10.1,f,TD,62.998046875,11,0.2120514893374006,0.0733301722264347,0.1953605139275579,0.0545081633654574,0.0155497722340569,0.2319692982091524,1.366158847565202
sub-10990,5,theta,10.1,f,TD,62.998046875,11,0.2390278975730049,0.110924916770834,0.1316139618921419,0.2362280548740921,0.0265141496443039,0.275812231226846,1.5571130980526455
sub-10990,5,alpha,10.1,f,TD,62.998046875,11,0.2271296723452506,0.4673768529845812,0.1786135365817608,0.1791807872924685,0.1061551514806097,0.4910370731013305,1.0888999753412236
sub-10990,5,beta,10.1,f,TD,62.998046875,11,0.1946195598344142,0.1739312171665288,0.1483505216360307,0.103469178934941,0.0338504169265876,0.2560445462926036,0.9502705392302344
sub-10990,5,gamma,10.1,f,TD,62.998046875,11,0.2199887348766111,0.0508462568281823,0.2092355945401821,0.0485627228560515,0.0111856037128939,0.2488802394033649,1.2206072645490167
sub-10990,6,theta,10.1,f,TD,61.998046875,11,0.2547342384972483,0.0856326559327417,0.1245846666662397,0.1513617260274332,0.0218135693996094,0.3067153220913997,1.2798542258296677
sub-10990,6,alpha,10.1,f,TD,61.998046875,11,0.2169382593526791,0.33808862662059,0.2135212286562349,0.0866701862623625,0.0733443581663467,0.378187475539025,0.9404479886513264
sub-10990,6,beta,10.1,f,TD,61.998046875,11,0.171785239322748,0.1434978960322277,0.1204168185933071,0.1187022904804325,0.0246508204123505,0.2314127031156947,1.2798542258296672
sub-10990,6,gamma,10.1,f,TD,61.998046875,11,0.2046102693153432,0.0692907075424567,0.1989091641768503,0.0622734355110209,0.014177590331382,0.2267554480222609,1.366158847565202
sub-11025,1,theta,9.3,m,ASD,62.998046875,11,0.2895448534207521,0.0904746180911002,0.1606580293810251,0.113960437437759,0.0261964600335766,0.3460270691744502,1.5047882836761906
sub-11025,1,alpha,9.3,m,ASD,62.998046875,11,0.2813831861679053,0.0779427917439043,0.1448526452937249,0.1532767582422656,0.0219317910797992,0.3376969289950198,1.2206072645490167
sub-11025,1,beta,9.3,m,ASD,62.998046875,11,0.183858614334239,0.2037098946812453,0.1933497083355284,0.1373725467583816,0.0374538189624712,0.2539886119330748,1.3321790402061222
sub-11025,1,gamma,9.3,m,ASD,62.998046875,11,0.2293728631073808,0.3268410220664414,0.2720149205289366,0.0762069934559667,0.0749684610126491,0.3532244220639229,1.3592367006600066
sub-11025,2,theta,9.3,m,ASD,62.998046875,11,0.2926956238808008,0.0982164499606892,0.1450122626500113,0.1768799170102996,0.0287475250966996,0.3287338247235867,1.504788283676191
sub-11025,2,alpha,9.3,m,ASD,62.998046875,11,0.2619745578923531,0.1223478296681597,0.1558357909495206,0.1063698190587453,0.0320520185865274,0.3123546811003563,1.5571130980526455
sub-11025,2,beta,9.3,m,ASD,62.998046875,11,0.1963763058514897,0.1571461878255431,0.1448849443020364,0.0694164962681675,0.0308597878439816,0.26259202153868,1.418483661940657
sub-11025,2,gamma,9.3,m,ASD,62.998046875,11,0.2318242518228812,0.1074116253571007,0.2088481991387204,0.1124830005372139,0.0249006196855969,0.2811948674770468,1.470808476317111
sub-11038,1,theta,10.7,m,ASD,62.998046875,11,0.2442626550091463,0.0877327813726841,0.1851022206363617,0.1384299186207986,0.0214298421095165,0.281484956473944,1.4708084763171112
sub-11038,1,alpha,10.7,m,ASD,62.998046875,11,0.2412982196381948,0.1117022040306118,0.1623065461665471,0.2384174404957231,0.0269535429623607,0.2876383411271836,1.5047882836761912
sub-11038,1,beta,10.7,m,ASD,62.998046875,11,0.1749814867439026,0.143061224897621,0.2038328544852329,0.1095219542279271,0.0250330658281326,0.2447312618941401,0.9433483923260392
sub-11038,1,gamma,10.7,m,ASD,62.998046875,11,0.2104310664022137,0.1154086093281955,0.2534034897589546,0.0695191711485736,0.024285556733044,0.2719412515764775,1.2206072645490178
sub-11038,2,theta,10.7,m,ASD,62.998046875,11,0.2235409469013675,0.1207871988345591,0.1479430421102368,0.1463882698797558,0.0270008848011618,0.2749089255450629,1.4708084763171114
sub-11038,2,alpha,10.7,m,ASD,62.998046875,11,0.2195962743104527,0.0641376399456079,0.1448534598380385,0.0788919109169831,0.0140843867751849,0.2419537811975111,1.279854225829668
sub-11038,2,beta,10.7,m,ASD,62.998046875,11,0.1796585617368528,0.0904734768669716,0.1823459890530056,0.0610840132876732,0.016254334729343,0.2146008322166195,1.0888999753412234
sub-11038,2,gamma,10.7,m,ASD,62.998046875,11,0.2262236000073592,0.1664507296317494,0.2353957183575044,0.0769849604895734,0.0376550832813124,0.297740106103688,1.4708084763171112
sub-11038,3,theta,10.7,m,ASD,62.998046875,11,0.2474674278317918,0.0576690041648268,0.1627667539122083,0.207648588437757,0.0142712001263482,0.2668022396204441,1.279854225829668
sub-11038,3,alpha,10.7,m,ASD,62.998046875,11,0.250684518980042,0.1776921651356749,0.1592765988512642,0.161699031028867,0.0445446749437365,0.3334982625890795,1.418483661940656
sub-11038,3,beta,10.7,m,ASD,62.998046875,11,0.1940246281762743,0.1162249525227914,0.1536356592699967,0.1481005283757824,0.0225505031981559,0.2264898349043023,1.504788283676191
sub-11038,3,gamma,10.7,m,ASD,62.998046875,11,0.2276145287618713,0.1785268352269751,0.191090542816924,0.0887801200911688,0.0406353014717147,0.2989569526348418,1.3592367006600063
sub-11038,4,theta,10.7,m,ASD,62.998046875,11,0.2658297981580392,0.1639739602898167,0.1554106068627196,0.1882440386514747,0.0435891647671803,0.33982819740945,1.5571130980526455
sub-11038,4,alpha,10.7,m,ASD,62.998046875,11,0.2285379378790878,0.1089227233813761,0.1720244600088957,0.1847908886821498,0.0248929745898629,0.271450344530743,1.5571130980526453
sub-11038,4,beta,10.7,m,ASD,62.998046875,11,0.1556790893260562,0.1039835847267745,0.1570657969619652,0.0701813694296383,0.016188069775227,0.1880021940035104,1.359236700660006
sub-11038,4,gamma,10.7,m,ASD,62.998046875,11,0.1976590949993016,0.0820294401013922,0.2018040865226728,0.0578737443918556,0.0162138648938226,0.2216222237495066,1.5571130980526455
sub-11038,5,theta,10.7,m,ASD,62.998046875,11,0.2378094934738504,0.0999616752550339,0.1568049360636456,0.1364831767602202,0.0237718353592971,0.2874945339962957,1.4184836619406564
sub-11038,5,alpha,10.7,m,ASD,62.998046875,11,0.2433303159115409,0.1321017748105578,0.1600285506919583,0.1828743374950419,0.0321443665972603,0.3070483959021312,1.4184836619406562
sub-11038,5,beta,10.7,m,ASD,62.998046875,11,0.1732835812915746,0.0742414915407134,0.1701470990882141,0.0848374771572178,0.0128648315346772,0.19669911417668,1.4708084763171112
sub-11038,5,gamma,10.7,m,ASD,62.998046875,11,0.2321239402651906,0.0755045076292355,0.2242056062115624,0.1383679665789897,0.0175264038187568,0.2641788386194216,1.0888999753412238
sub-11038,6,theta,10.7,m,ASD,62.998046875,11,0.2354022232102038,0.0971904636977983,0.1869055012118935,0.1623313989880957,0.0228788512293895,0.2827549804414663,1.0296530140615736
sub-11038,6,alpha,10.7,m,ASD,62.998046875,11,0.2362003460817733,0.1056172233325423,0.1426175413151155,0.1551178810968782,0.024946824703448,0.2788997640645342,1.5571130980526453
sub-11038,6,beta,10.7,m,ASD,62.998046875,11,0.1813848198722957,0.112767175787053,0.1687622186323058,0.1011625022813884,0.0204542538677548,0.2247567501805792,1.5047882836761908
sub-11038,6,gamma,10.7,m,ASD,62.998046875,11,0.1942482227527278,0.0734030043159712,0.2222101874855119,0.0931963915986552,0.0142584031331616,0.2256704979301976,1.5047882836761906
sub-11049,1,theta,11.9,m,ASD,61.998046875,11,0.2847289286091417,0.1065307714557817,0.1964124177513195,0.1368173639339764,0.0303323924206166,0.3200656490327397,0.8979457248537797
sub-11049,1,alpha,11.9,m,ASD,61.998046875,11,0.2835553835072019,0.076853689909308,0.1926709453158323,0.0921845553977086,0.0217922775162542,0.318708011201927,1.5571130980526453
sub-11049,1,beta,11.9,m,ASD,61.998046875,11,0.2111964361415614,0.0634819642068091,0.2554461174844098,0.0392387617234003,0.0134071645998077,0.2482963713954996,0.9404479886513268
sub-11049,1,gamma,11.9,m,ASD,61.998046875,11,0.2362414557815459,0.090410326411766,0.2372361219316734,0.0598940049243857,0.0213586671292907,0.2809090428780703,1.5047882836761906
sub-11049,2,theta,11.9,m,ASD,61.998046875,11,0.296904124694391,0.0843723971395209,0.1605149283578108,0.1682325057813966,0.0250505127211613,0.3509091727994798,1.5047882836761908
sub-11049,2,alpha,11.9,m,ASD,61.998046875,11,0.2926345554077124,0.066931948745503,0.167982650668127,0.115367504509449,0.019586601063779,0.3386683195485098,1.313834033188747
sub-11049,2,beta,11.9,m,ASD,61.998046875,11,0.2050185318105615,0.06979625681795,0.2127210964301077,0.0408180818769457,0.0143095260987588,0.2295153452489823,1.220607264549017
sub-11049,2,gamma,11.9,m,ASD,61.998046875,11,0.2616041807523422,0.1143973203305169,0.2324981654704997,0.0644518497726969,0.0299268172654425,0.316430383965905,1.3661588475652018
sub-11049,3,theta,11.9,m,ASD,62.998046875,11,0.2635810409755945,0.0720604578016337,0.1613566715414852,0.0883328280186423,0.0189937704806045,0.295956910437254,1.470808476317111
sub-11049,3,alpha,11.9,m,ASD,62.998046875,11,0.2573791473400081,0.0594070220531607,0.1506132035299721,0.0840213362462899,0.0152901286821109,0.2861465219490279,1.504788283676191
sub-11049,3,beta,11.9,m,ASD,62.998046875,11,0.1935624247245614,0.0823942785784454,0.1846836390664692,0.1296382457841365,0.0159484363451572,0.2263940047176347,1.5571130980526455
sub-11049,3,gamma,11.9,m,ASD,62.998046875,11,0.2132914376357017,0.143728094161778,0.2358511328363373,0.0783097972871624,0.0306559718325488,0.2812922715421909,1.1935496040941334
sub-11049,4,theta,11.9,m,ASD,62.998046875,11,0.2834648294148055,0.0775743386171988,0.1693749128776514,0.1505375546480123,0.0219895966631682,0.3272745361146248,1.279854225829668
sub-11049,4,alpha,11.9,m,ASD,62.998046875,11,0.2780231121843804,0.0627479472861391,0.166220698529741,0.1331653595985841,0.0174453795877365,0.3120240932220738,1.5047882836761908
sub-11049,4,beta,11.9,m,ASD,62.998046875,11,0.1895192659819774,0.0771876392813764,0.2170540591458762,0.0754527547859958,0.0146285447395653,0.2194066568466529,1.4708084763171112
sub-11049,4,gamma,11.9,m,ASD,62.998046875,11,0.2131607478680167,0.0389140632104079,0.2517398703781748,0.0691662541183546,0.0082949508165527,0.2243336698964555,1.5571130980526453
sub-11049,5,theta,11.9,m,ASD,62.998046875,11,0.280301654757212,0.0860287610038878,0.1765261590843591,0.1448575185851231,0.0241140040661884,0.3364037274480552,1.2798542258296677
sub-11049,5,alpha,11.9,m,ASD,62.998046875,11,0.2759044300270773,0.0398673228698257,0.1594069165147783,0.1472865403238645,0.0109995709931445,0.2926512504292299,1.5571130980526464
sub-11049,5,beta,11.9,m,ASD,62.998046875,11,0.1899085724290425,0.0459730861237232,0.2041932268234894,0.0697009771397206,0.0087306831559596,0.2051691967523223,1.279854225829668
sub-11049,5,gamma,11.9,m,ASD,62.998046875,11,0.2221774114872451,0.0665353604527602,0.2516426086514406,0.0704472011454726,0.0147826541578316,0.2542132921609072,1.504788283676191
sub-11049,6,theta,11.9,m,ASD,62.998046875,11,0.2682447073027701,0.1398823683360499,0.1727285766538658,0.1807901406047041,0.0375227049512618,0.3306976298484135,1.279854225829668
sub-11049,6,alpha,11.9,m,ASD,62.998046875,11,0.2646474635123698,0.1247429455990866,0.1655146535141281,0.1309039534132029,0.0330129041439845,0.3293365920698102,1.2798542258296677
sub-11049,6,beta,11.9,m,ASD,62.998046875,11,0.1837387456423996,0.0947684749242329,0.1910967864493185,0.0444335139882337,0.0174126407091165,0.2155081667990698,1.470808476317111
sub-11049,6,gamma,11.9,m,ASD,62.998046875,11,0.2032363203761307,0.0487641827103529,0.2505226481876788,0.0468765111491539,0.0099106530602502,0.219122047556929,1.557113098052646
sub-11053,1,theta,9.3,m,ASD,67.998046875,12,0.2435284642022752,0.0989437388163423,0.1220913588020641,0.1448683404539755,0.0240956167564738,0.2852507281836783,1.5157079520807129
sub-11053,1,alpha,9.3,m,ASD,67.998046875,12,0.2590473861319752,0.1396999922077916,0.1240820187492326,0.1226615975162073,0.0361889178242254,0.3366181421006191,1.4142790651197084
sub-11053,1,beta,9.3,m,ASD,67.998046875,12,0.1884174370619097,0.212180875789815,0.1453945884613998,0.1833171806259272,0.0399785768100805,0.2585194802862319,1.5465986860435124
sub-11053,1,gamma,9.3,m,ASD,67.998046875,12,0.2483874233312882,0.3098217087569357,0.1908761903243742,0.1698578219793491,0.0769558159305419,0.3829913526996553,1.4142790651197088
sub-11053,2,theta,9.3,m,ASD,62.998046875,11,0.237941485310297,0.0725127256997256,0.1317998629300001,0.1176872266117591,0.0172537856569633,0.2701890543571655,1.332179040206122
sub-11053,2,alpha,9.3,m,ASD,62.998046875,11,0.2237885074199326,0.0722164099579461,0.1234946240148102,0.151412288239088,0.0161612025957869,0.2455351932502087,1.3661588475652018
sub-11053,2,beta,9.3,m,ASD,62.998046875,11,0.1480203780473113,0.0703542353139611,0.1278327357571242,0.0424688952350374,0.0104138605084723,0.1644319665597228,1.359236700660006
sub-11053,2,gamma,9.3,m,ASD,62.998046875,11,0.1836757905335015,0.1437378287744045,0.1839757715656227,0.0716118993695185,0.0264011593298515,0.2348420850841615,1.3661588475652018
sub-11053,3,theta,9.3,m,ASD,62.998046875,11,0.2383961675570609,0.0940673613149323,0.1330166651315853,0.1443950030657578,0.0224252984297792,0.2840139851244028,1.2206072645490178
sub-11053,3,alpha,9.3,m,ASD,62.998046875,11,0.2303448625670713,0.0846329281397173,0.1314659657990952,0.1031593009815904,0.0194947602010766,0.2766317310665836,1.3138340331887468
sub-11053,3,beta,9.3,m,ASD,62.998046875,11,0.1789551759240881,0.1052776835608565,0.1627669789293046,0.0958325646583972,0.0188399863826188,0.2232408990355504,1.359236700660006
sub-11053,3,gamma,9.3,m,ASD,62.998046875,11,0.2156707944468544,0.1615302014762698,0.1921710134172334,0.1166821026849082,0.0348373468797091,0.2880055318211278,1.2798542258296677
sub-11053,4,theta,9.3,m,ASD,61.998046875,11,0.2533788062308412,0.0598559850782018,0.1276834223928075,0.1704932516150759,0.0151662380449456,0.2744271646374125,1.2798542258296677
sub-11053,4,alpha,9.3,m,ASD,61.998046875,11,0.2592824745162375,0.1779238122796541,0.1333215153294107,0.1362006651370288,0.0461325263234091,0.3423770209356511,1.2798542258296677
sub-11053,4,beta,9.3,m,ASD,61.998046875,11,0.1660992286593472,0.0939438843334407,0.1305966466528986,0.0885148687762601,0.0156040067251413,0.1880886353217221,1.504788283676191
sub-11053,4,gamma,9.3,m,ASD,61.998046875,11,0.2148975557890401,0.0949254874703231,0.1830812455620277,0.1335958801053755,0.0203992552395505,0.2466112037083458,1.5571130980526455
sub-11053,5,theta,9.3,m,ASD,62.998046875,11,0.2520509930988573,0.0703510212548969,0.1275636809128197,0.116804439607364,0.0177320447728859,0.2869564632083571,1.470808476317112
sub-11053,5,alpha,9.3,m,ASD,62.998046875,11,0.2418674086002886,0.0700862824601252,0.1382790856855613,0.1050181132578665,0.0169515875171284,0.278610647064488,1.4708084763171114
sub-11053,5,beta,9.3,m,ASD,62.998046875,11,0.202070518122415,0.2591154285959685,0.1530040407139452,0.0944678146516286,0.0523595889101581,0.3003544297652927,1.4708084763171114
sub-11053,5,gamma,9.3,m,ASD,62.998046875,11,0.2546107868640992,0.3163891546317758,0.1837672979692445,0.1456908462677394,0.08055609161638,0.418576366124489,1.2206072645490176
sub-11055,1,theta,9.9,m,ASD,62.998046875,11,0.233965771359898,0.1611670902970386,0.1279548764593838,0.2054214923105889,0.0377075825993381,0.2917424552018567,1.2798542258296677
sub-11055,1,alpha,9.9,m,ASD,62.998046875,11,0.2199264070470936,0.0862543369840455,0.12720964624097,0.1237413643758007,0.0189696064252166,0.2581861284708,1.3592367006600057
sub-11055,1,beta,9.9,m,ASD,62.998046875,11,0.1488645594990927,0.1243209456340493,0.1455950289297939,0.1515741374693855,0.0185069828084477,0.1852259665019689,1.470808476317111
sub-11055,1,gamma,9.9,m,ASD,62.998046875,11,0.1946824983796096,0.1156008863158321,0.1881387466273412,0.0600831419141261,0.022505469362979,0.2320868218956116,1.5047882836761906
sub-11055,2,theta,9.9,m,ASD,62.998046875,11,0.2645273456336965,0.1285428031920365,0.1803505889293126,0.1605795666604888,0.0340030865288326,0.3264654249056279,1.0888999753412238
sub-11055,2,alpha,9.9,m,ASD,62.998046875,11,0.2637498239757996,0.1315485496553555,0.1533845900340596,0.0792058548887306,0.0346959068160033,0.3486405231419727,1.1935496040941331
sub-11055,2,beta,9.9,m,ASD,62.998046875,11,0.1806938255756772,0.1736290114358125,0.1764752236868207,0.085840560260666,0.0313736903074336,0.260911673528878,1.088899975341224
sub-11055,2,gamma,9.9,m,ASD,62.998046875,11,0.1952669378115241,0.1197743463126505,0.2245783161085275,0.1166323398473385,0.023387969832968,0.2588015282779997,0.9404479886513266
sub-11057,1,theta,9.7,f,ASD,62.998046875,11,0.2347265449081461,0.1307995870916372,0.19003803385991,0.1282231582652744,0.0307021351535629,0.3022563844039471,1.2798542258296677
sub-11057,1,alpha,9.7,f,ASD,62.998046875,11,0.2250603896152985,0.1128768646442981,0.1574317463444255,0.1370442508825619,0.0254041111355119,0.2696931087584263,1.5571130980526453
sub-11057,1,beta,9.7,f,ASD,62.998046875,11,0.171814515092897,0.0609185315548638,0.1739505425525657,0.1196410252219523,0.0104666879593311,0.1851122041266495,1.3661588475652018
sub-11057,1,gamma,9.7,f,ASD,62.998046875,11,0.2740691810179972,0.0417926783233748,0.2337969865099284,0.0363759365249675,0.0114540851206777,0.2935204823613659,1.3592367006600066
sub-11057,2,theta,9.7,f,ASD,62.998046875,11,0.2318196518984698,0.1204322236417688,0.162064934268127,0.1296375258566039,0.0279185561621139,0.287388209444991,1.4708084763171114
sub-11057,2,alpha,9.7,f,ASD,62.998046875,11,0.2704083671190381,0.0981653473735599,0.163008290285613,0.1692694990929723,0.0265447312910556,0.3333719455942361,1.2206072645490176
sub-11057,2,beta,9.7,f,ASD,62.998046875,11,0.1636869592241057,0.0962465647164305,0.1467150848940654,0.0754976990205977,0.0157543075142948,0.2008038652982108,1.2798542258296677
sub-11057,2,gamma,9.7,f,ASD,62.998046875,11,0.2069774960332812,0.0644558267573187,0.2130828239039619,0.0443337868664846,0.0133409056270492,0.2295671528356928,1.5047882836761908
sub-11057,3,theta,9.7,f,ASD,62.998046875,11,0.2277786025145582,0.1111559762207469,0.1435584366184434,0.084808103552585,0.0253189529248143,0.2690283517476533,1.5047882836761908
sub-11057,3,alpha,9.7,f,ASD,62.998046875,11,0.2545740766792541,0.178379406212626,0.1665422536476944,0.0792051525397213,0.0454107726353512,0.3119450978020149,1.5571130980526455
sub-11057,3,beta,9.7,f,ASD,62.998046875,11,0.1760815927738725,0.1026911453190436,0.1450440746956366,0.12707807470767,0.0180820204316531,0.2042471220983959,1.366158847565202
sub-11057,3,gamma,9.7,f,ASD,62.998046875,11,0.2115363453386844,0.1170414382919609,0.2004082874630993,0.0814030855538213,0.0247585181095816,0.2712086350281993,1.2798542258296677
sub-11057,4,theta,9.7,f,ASD,62.998046875,11,0.2265884224837767,0.1285041455417573,0.1817212081129122,0.1326472639684265,0.0291175516210609,0.2703743978965587,1.3661588475652018
sub-11057,4,alpha,9.7,f,ASD,62.998046875,11,0.2578604307745525,0.2075463709882968,0.159717067921442,0.1221972228152999,0.0535179966289448,0.3788243909072665,1.5047882836761908
sub-11057,4,beta,9.7,f,ASD,62.998046875,11,0.1730799748092649,0.0954328331316761,0.1592535027959192,0.1402242593160136,0.0165175123545027,0.1962331269239812,1.6094379124291005
sub-11057,4,gamma,9.7,f,ASD,62.998046875,11,0.2172093009649621,0.0913177655181269,0.2139129648586939,0.055005780150319,0.019835068013966,0.2498133550650179,1.2798542258296677
sub-11057,5,theta,9.7,f,ASD,62.998046875,11,0.2122033395763696,0.1351736491524083,0.1651998148520504,0.1267162187232549,0.0286842997730007,0.2658940794106271,1.5571130980526455
sub-11057,5,alpha,9.7,f,ASD,62.998046875,11,0.2348303433277419,0.1624965381883397,0.1612551799575002,0.0668197063209805,0.0381591178524998,0.3191595036301443,1.4708084763171112
sub-11057,5,beta,9.7,f,ASD,62.998046875,11,0.1678908819024117,0.1042319017867807,0.1499769213730207,0.0939384020936576,0.0174995859134524,0.2022257361561939,1.2798542258296677
sub-11057,5,gamma,9.7,f,ASD,62.998046875,11,0.2081272206765597,0.0363174460927408,0.2282888213071638,0.0356599212000407,0.0075586491173892,0.2175754732534479,1.2798542258296677
sub-11057,6,theta,9.7,f,ASD,62.998046875,11,0.2096535292459306,0.0706397578811672,0.182807417259379,0.0837821281675796,0.0148098745449353,0.2303758934596383,1.5047882836761906
sub-11057,6,alpha,9.7,f,ASD,62.998046875,11,0.2449461782298704,0.1469195261491156,0.164183840788298,0.1182123647925461,0.0359873764377162,0.3209112574159349,1.3592367006600063
sub-11057,6,beta,9.7,f,ASD,62.998046875,11,0.1616187781614579,0.1482104163529204,0.1620693787102328,0.1006601433466321,0.0239535864019081,0.1926303615371206,1.2798542258296677
sub-11057,6,gamma,9.7,f,ASD,62.998046875,11,0.1933245038375429,0.0613412206224761,0.2305435017721726,0.0665463562156002,0.0118587610416908,0.2168015186981646,1.4708084763171114
sub-11062,1,theta,12.9,f,ASD,61.998046875,11,0.1963240678825453,0.0532234007225021,0.152089117198473,0.1672602768529144,0.0104490345364376,0.217782870879694,1.2798542258296677
sub-11062,1,alpha,12.9,f,ASD,61.998046875,11,0.2150915818253171,0.1365588414011517,0.1249855321777446,0.1962885423300226,0.0293726572093428,0.2749388162324678,1.359236700660006
sub-11062,1,beta,12.9,f,ASD,61.998046875,11,0.1646127105945505,0.1255934746695434,0.1533957227832512,0.0769437061645424,0.0206742822984671,0.2042932167987773,1.4708084763171114
sub-11062,1,gamma,12.9,f,ASD,61.998046875,11,0.2330555334528609,0.2638012522674595,0.2157913086148504,0.113619352788409,0.0614803415729893,0.4051617933674106,0.8979457248537799
sub-11062,2,theta,12.9,f,ASD,62.998046875,11,0.1985728262465422,0.1564076924310336,0.1768329407639213,0.1526397420509818,0.0310583175328866,0.2460500444036139,1.6094379124291005
sub-11062,2,alpha,12.9,f,ASD,62.998046875,11,0.2017006507716859,0.1535978827657534,0.1455015156837903,0.1991345973834885,0.0309807929111591,0.2416202944258412,1.2798542258296677
sub-11062,2,beta,12.9,f,ASD,62.998046875,11,0.1373586907394949,0.1467650547329844,0.1416030633189071,0.0671379074635772,0.0201594557645798,0.1613634073116709,1.2798542258296672
sub-11062,2,gamma,12.9,f,ASD,62.998046875,11,0.1803348766628931,0.177108715636466,0.1858678360734287,0.0695300956817631,0.0319388783904026,0.2694741602180958,0.8018185525403372
sub-11062,3,theta,12.9,f,ASD,62.998046875,11,0.1951693483768237,0.0897446533199765,0.1703313647950722,0.1057375796405828,0.0175154055088535,0.228356587969153,1.5047882836761912
sub-11062,3,alpha,12.9,f,ASD,62.998046875,11,0.2137871045244943,0.1464008346407311,0.1316980802831424,0.1622627318438794,0.0312986105379575,0.2691347508761201,1.5047882836761906
sub-11062,3,beta,12.9,f,ASD,62.998046875,11,0.1395403532812261,0.1207676821859169,0.1450410551364726,0.1323814334882567,0.0168519650372984,0.1672631839654685,1.5571130980526455
sub-11062,3,gamma,12.9,f,ASD,62.998046875,11,0.1700673203527781,0.0688267447550789,0.1732326284195531,0.0903958915355993,0.0117051800491697,0.1903486902123827,1.3661588475652016
sub-11062,4,theta,12.9,f,ASD,44.998046875,8,0.1791596367680643,0.1433825982874908,0.207676583776569,0.1406640801330989,0.0256883742281915,0.216463814710242,1.0789922078745835
sub-11062,4,alpha,12.9,f,ASD,44.998046875,8,0.1919694179815969,0.1063125934939479,0.1429688771150317,0.1688746137845768,0.0204087666972536,0.2234861266984778,1.0789922078745833
sub-11062,4,beta,12.9,f,ASD,44.998046875,8,0.1465411107427878,0.2139410457710748,0.1343697039224116,0.1238801177991783,0.0313511584809808,0.2157410597527761,0.7963116401708131
sub-11062,4,gamma,12.9,f,ASD,44.998046875,8,0.1471874957671771,0.0974462874905496,0.1554598484134292,0.1160642672535529,0.0143428750276398,0.1790706694631759,0.955699891109534
sub-11062,5,theta,12.9,f,ASD,62.998046875,11,0.2089496700801026,0.1501914480359315,0.1602900736907762,0.1556705550991567,0.0313824535161109,0.2843746217100596,1.2798542258296677
sub-11062,5,alpha,12.9,f,ASD,62.998046875,11,0.2084568592315552,0.1212733353162789,0.13903134878658,0.1286750450803813,0.025280258588688,0.2434765386923963,1.366158847565202
sub-11062,5,beta,12.9,f,ASD,62.998046875,11,0.1357397434347145,0.1084709638606332,0.1227877104771524,0.1161239413913429,0.014723820804667,0.1733976104773437,1.1682824501725626
sub-11062,5,gamma,12.9,f,ASD,62.998046875,11,0.1503986053569259,0.0552765420525225,0.1441820231547425,0.0604875010219468,0.0083135148337081,0.1695354652298582,1.4184836619406564
sub-11062,7,theta,12.9,f,ASD,61.998046875,11,0.2035585646791912,0.1007695360669813,0.1869722145299354,0.1085773722901164,0.0205125021252834,0.2465430103739491,1.5047882836761912
sub-11062,7,alpha,12.9,f,ASD,61.998046875,11,0.1934445883996923,0.1174652747270153,0.1361955099019144,0.0985396614048411,0.0227230217209417,0.2497294277472105,1.1682824501725628
sub-11062,7,beta,12.9,f,ASD,61.998046875,11,0.1464209060679077,0.1395453588095251,0.1431707527807366,0.0899374700509337,0.0204323578746015,0.1863139212826716,1.2798542258296672
sub-11062,7,gamma,12.9,f,ASD,61.998046875,11,0.1869630254970754,0.1454289742706223,0.1813637812074891,0.0732863924016035,0.0271898410247173,0.2477402704319034,0.9433483923260392
sub-11062,8,theta,12.9,f,ASD,62.998046875,11,0.2036923786814096,0.1915289029969188,0.1860763619197764,0.12617919393526,0.0390129778378749,0.2657642247429547,1.5571130980526455
sub-11062,8,alpha,12.9,f,ASD,62.998046875,11,0.2121934460189697,0.1959769574764071,0.1408860968865583,0.2858346153118107,0.0415850259474279,0.3023843294290353,0.8979457248537802
sub-11062,8,beta,12.9,f,ASD,62.998046875,11,0.1386758949283958,0.1993650171780585,0.1595684832260628,0.0860656544748867,0.0276471221747816,0.1938198054607355,1.054920167983144
sub-11062,8,gamma,12.9,f,ASD,62.998046875,11,0.1810822589170774,0.0999266559587589,0.1767451653583457,0.0572080628733599,0.0180949445871416,0.2088840449561113,1.366158847565202
sub-11074,1,theta,10.7,m,ASD,152.998046875,29,0.2481862027248007,0.1227354576047621,0.1541433869904818,0.2144942430744844,0.0304612471627394,0.3420983859519408,1.7039414418265126
sub-11074,1,alpha,10.7,m,ASD,152.998046875,29,0.2575634834859167,0.1365693446156098,0.1371264358836467,0.1754725834718204,0.0351752761367216,0.349027479153634,1.8302774930342287
sub-11074,1,beta,10.7,m,ASD,152.998046875,29,0.1905330188636515,0.1068505654247632,0.1924316743278822,0.0975189542524408,0.020358560797775,0.2672608023340242,1.5463859195936775
sub-11074,1,gamma,10.7,m,ASD,152.998046875,29,0.2576176583919063,0.1097072753074491,0.2172050683180821,0.0780476344083131,0.0282625313733709,0.3421207451293324,1.714244358609012
sub-11074,2,theta,10.7,m,ASD,152.998046875,29,0.24938603123265,0.0703941564974221,0.1431341617300544,0.1586559661840361,0.0175553193109325,0.2785712040032269,1.8783516690633373
sub-11074,2,alpha,10.7,m,ASD,152.998046875,29,0.2495176138215241,0.1447766460175038,0.1479889829206108,0.1456068061234356,0.0361243232515158,0.3482047561022515,1.8662160235779528
sub-11074,2,beta,10.7,m,ASD,152.998046875,29,0.1637281070538654,0.1119917635328574,0.1489215889928636,0.1145814224905389,0.0183361994489708,0.2104700965593143,1.7879582349776215
sub-11074,2,gamma,10.7,m,ASD,152.998046875,29,0.1969832076387224,0.1063759221026783,0.1602466117107329,0.1232373297662995,0.0209542703514188,0.2449474723038778,1.861100572225491
sub-11074,3,theta,10.7,m,ASD,152.998046875,29,0.2378040894458456,0.0995098392540083,0.1534050755646263,0.2266237760493353,0.0236638467148014,0.2787417317231011,1.9798448901805432
sub-11074,3,alpha,10.7,m,ASD,152.998046875,29,0.2377170818799331,0.1342201015646129,0.1412423277871268,0.1949370246632385,0.0319064108737022,0.3236328582743209,1.759035811989546
sub-11074,3,beta,10.7,m,ASD,152.998046875,29,0.1706276067718923,0.0989997529263243,0.1342331424117283,0.182810421677227,0.0168920909129263,0.2158643607066574,1.827233758591562
sub-11074,3,gamma,10.7,m,ASD,152.998046875,29,0.2190761804708112,0.1516960433563478,0.1579208043287734,0.2370349344273991,0.0332329897711949,0.3060651569850651,1.883296059709192
sub-11078,1,theta,10.5,m,ASD,62.998046875,11,0.3230180241426271,0.1471816780509866,0.1919745545410499,0.1368292471885493,0.0475423348341731,0.4339024654318095,1.3592367006600066
sub-11078,1,alpha,10.5,m,ASD,62.998046875,11,0.2823251261177752,0.0587121494070562,0.1887845182602977,0.1515515530296249,0.0165759149860515,0.3051204645213614,1.3661588475652011
sub-11078,1,beta,10.5,m,ASD,62.998046875,11,0.2064988673170373,0.3338902380184791,0.2831674775940178,0.0552437875947115,0.0689479559593658,0.3426471436667079,1.2798542258296677
sub-11078,1,gamma,10.5,m,ASD,62.998046875,11,0.1829599573107307,0.305326534562241,0.3238010597193828,0.0742837671419006,0.0558625297296462,0.2772992712531583,1.2798542258296677
sub-11078,2,theta,10.5,m,ASD,62.998046875,11,0.2968983128795021,0.1696805043712975,0.1562497628517381,0.1311631528279231,0.0503778554765509,0.3869102670048203,1.2798542258296677
sub-11078,2,alpha,10.5,m,ASD,62.998046875,11,0.257216595024151,0.1244431082219369,0.1738362297271269,0.1083333193700533,0.032008832571193,0.3120631415695722,1.4708084763171114
sub-11078,2,beta,10.5,m,ASD,62.998046875,11,0.2079626038315074,0.1032933652934303,0.2056247298969428,0.0974841814273724,0.0214811572050441,0.2461059119291429,1.3321790402061222
sub-11078,2,gamma,10.5,m,ASD,62.998046875,11,0.2594502330101308,0.1449247011818663,0.2166874775764367,0.0584003162119544,0.0376007474907037,0.3433805202086891,1.504788283676191
sub-11078,3,theta,10.5,m,ASD,62.998046875,11,0.2986909656414568,0.1216422364321822,0.2010880687484396,0.2283232157601257,0.0363334370628365,0.3558073030405047,1.4708084763171116
sub-11078,3,alpha,10.5,m,ASD,62.998046875,11,0.2936676046721643,0.1500071418316295,0.1626706071289785,0.1150306739102878,0.0440522380255622,0.3574984668628794,1.2798542258296677
sub-11078,3,beta,10.5,m,ASD,62.998046875,11,0.2205957444791637,0.2036269394672937,0.240540063166544,0.1033380762833415,0.0449192363080049,0.3384477543881081,1.0888999753412238
sub-11078,3,gamma,10.5,m,ASD,62.998046875,11,0.2610619555268417,0.1886226216070859,0.2519510522891249,0.1614101042098414,0.0492421904535339,0.3735987440037931,1.1935496040941334
sub-11152,1,theta,8.1,m,ASD,62.998046875,11,0.2360975332502209,0.125912148020844,0.1595992692577519,0.1784730379993561,0.0297275475540838,0.2861258797238736,1.1935496040941334
sub-11152,1,alpha,8.1,m,ASD,62.998046875,11,0.253018722216301,0.1371977039498582,0.1475653535382747,0.1454686767988747,0.0347135877445406,0.3311099659027781,1.3592367006600066
sub-11152,1,beta,8.1,m,ASD,62.998046875,11,0.2040539230835742,0.0515988687809905,0.215691630899785,0.0691624794303571,0.0105289516014872,0.2275568186116463,1.4708084763171116
sub-11152,1,gamma,8.1,m,ASD,62.998046875,11,0.240234120483491,0.0599241369579674,0.2383101328338994,0.0374563824702941,0.0143958223378894,0.2673229500385108,1.418483661940656
sub-11152,2,theta,8.1,m,ASD,62.998046875,11,0.2540644475196126,0.0903813661188486,0.1553625370151083,0.219630208481503,0.0229626918491435,0.3070237644368545,1.2798542258296672
sub-11152,2,alpha,8.1,m,ASD,62.998046875,11,0.2694766412522379,0.1527867192960854,0.1448475071111834,0.1677256161517261,0.0411724519440103,0.3714813080360248,1.2798542258296677
sub-11152,2,beta,8.1,m,ASD,62.998046875,11,0.1755627446399409,0.0827846371364324,0.154803895539975,0.1342298319587518,0.0145338981097764,0.2053303860569393,1.359236700660006
sub-11152,2,gamma,8.1,m,ASD,62.998046875,11,0.2330531939407333,0.1097608276550424,0.188485076751154,0.1170918457751366,0.0255801114546957,0.2861583724960512,1.3592367006600063
sub-11152,3,theta,8.1,m,ASD,62.998046875,11,0.256784511448813,0.1356498630841556,0.1858455803496103,0.1641000832631765,0.0348327838202989,0.3168047536952424,1.5047882836761906
sub-11152,3,alpha,8.1,m,ASD,62.998046875,11,0.2530080429211626,0.0665126010026378,0.1325806527706825,0.133619810697787,0.01682822300934,0.2876117804771329,1.418483661940657
sub-11152,3,beta,8.1,m,ASD,62.998046875,11,0.1879977493990366,0.0650433687094252,0.1782250045348824,0.088640111111958,0.0122280069307687,0.2081866264718606,1.279854225829667
sub-11152,3,gamma,8.1,m,ASD,62.998046875,11,0.26505824832748,0.2356143195973786,0.2353752901911118,0.0980685519738457,0.0624515188335878,0.3927617352530553,1.3592367006600068
sub-11152,4,theta,8.1,m,ASD,61.998046875,11,0.2757686975240112,0.118989262573518,0.150095107755775,0.1517775788892075,0.0328135139593606,0.3255381969067716,1.4708084763171112
sub-11152,4,alpha,8.1,m,ASD,61.998046875,11,0.2813489810771429,0.1225142046770898,0.1457252807327669,0.1311961309391167,0.0344692466534982,0.3469156129692752,1.4184836619406562
sub-11152,4,beta,8.1,m,ASD,61.998046875,11,0.2185039942735827,0.095682724329602,0.2124311742380944,0.026452954997422,0.0209070574490918,0.2621603952208641,1.4184836619406562
sub-11152,4,gamma,8.1,m,ASD,61.998046875,11,0.2621475791504262,0.1304774847440573,0.223541854231864,0.0661854611144147,0.0342043567594217,0.3201882275994704,1.504788283676191
sub-11152,5,theta,8.1,m,ASD,62.998046875,11,0.263412396086025,0.1184258015701649,0.1847466968527201,0.1390931995614651,0.0311948241501237,0.3124294437183275,1.5571130980526455
sub-11152,5,alpha,8.1,m,ASD,62.998046875,11,0.2682371031128984,0.0788528062348626,0.1489938035535512,0.1293929785139453,0.0211512483168411,0.297251070471406,1.3661588475652018
sub-11152,5,beta,8.1,m,ASD,62.998046875,11,0.2283914114499899,0.1173507767528432,0.198097936312398,0.0765093898582709,0.0268019095374518,0.3006168059565087,0.9433483923260392
sub-11152,5,gamma,8.1,m,ASD,62.998046875,11,0.2730614134160089,0.1578880848703122,0.2347011924552276,0.0807373732946309,0.0431131436163921,0.3897579659103463,0.8979457248537799
sub-11161,1,theta,11.0,m,ASD,62.998046875,11,0.2426371992513369,0.0947906592035683,0.1144780403550503,0.0866711589977597,0.0229997400644365,0.2730444547587944,1.054920167983144
sub-11161,1,alpha,11.0,m,ASD,62.998046875,11,0.2751392961401474,0.0748092669387474,0.1308180557480089,0.0909172609189746,0.0205829690503621,0.3085378464693795,1.5571130980526455
sub-11161,1,beta,11.0,m,ASD,62.998046875,11,0.1526668203636754,0.1231762542198691,0.248759147607249,0.1868203013251093,0.0188049270761783,0.1895323195489394,1.418483661940657
sub-11161,1,gamma,11.0,m,ASD,62.998046875,11,0.1367093607242652,0.2948565858993788,0.3087812376023727,0.1046513656349777,0.0403096553639383,0.2261088974442151,1.418483661940657
sub-11161,2,theta,11.0,m,ASD,62.998046875,11,0.2539704882834184,0.055174668052831,0.142749714852832,0.1894704164310868,0.0140127373863082,0.2826158798925137,1.359236700660008
sub-11161,2,alpha,11.0,m,ASD,62.998046875,11,0.2446255941811927,0.1422336297376242,0.1193821303781515,0.1314305398920122,0.0347939861872563,0.3248393383051393,1.2798542258296677
sub-11161,2,beta,11.0,m,ASD,62.998046875,11,0.1761380380211712,0.0765684541215441,0.1690721640199118,0.0909351849874019,0.0134866172833594,0.19918010315018,1.220607264549018
sub-11161,2,gamma,11.0,m,ASD,62.998046875,11,0.1809873228787954,0.1777177794495138,0.2489574338706556,0.1391259107656806,0.0321646651307094,0.2532279573622082,1.4708084763171114
sub-11161,3,theta,11.0,m,ASD,61.998046875,11,0.261332220244525,0.1154617265430846,0.1290749166099503,0.2222015924746598,0.0301738693508859,0.3303018458280465,1.2798542258296677
sub-11161,3,alpha,11.0,m,ASD,61.998046875,11,0.2549161938944941,0.1368643959620117,0.1212677034139425,0.0947972493777344,0.0348889508984418,0.3229604678289676,1.4708084763171114
sub-11161,3,beta,11.0,m,ASD,61.998046875,11,0.1839491798142846,0.1190256047820216,0.1386691525494037,0.0947056094435436,0.0218946623766711,0.2133624969153125,1.5047882836761906
sub-11161,3,gamma,11.0,m,ASD,61.998046875,11,0.2059592859286747,0.1984455496754135,0.2063216161250509,0.1745752667093782,0.0408717037070699,0.303943953525478,1.3138340331887468
sub-11161,4,theta,11.0,m,ASD,61.998046875,11,0.2577874350521297,0.1074217594272532,0.1347066664386889,0.2475202386458214,0.0276919798316459,0.3034483264135556,1.5571130980526455
sub-11161,4,alpha,11.0,m,ASD,61.998046875,11,0.2476129351621538,0.0986823672576656,0.1325793181514869,0.2192854957241661,0.0244350306055189,0.2923961833165118,1.557113098052646
sub-11161,4,beta,11.0,m,ASD,61.998046875,11,0.1768777137402156,0.0979670238569055,0.1751522211268613,0.1456817321745222,0.0173281832018405,0.2036343656240457,1.054920167983144
sub-11161,4,gamma,11.0,m,ASD,61.998046875,11,0.2069123495869252,0.1485632229441692,0.2328786706064996,0.1088268531608847,0.0307395655217328,0.2858577244421528,1.1682824501725626
sub-11161,5,theta,11.0,m,ASD,62.998046875,11,0.2636933263630852,0.1659691683825056,0.152920424790797,0.2841061428684254,0.0437649620846638,0.3718779627242988,1.2206072645490171
sub-11161,5,alpha,11.0,m,ASD,62.998046875,11,0.26183633611678,0.0585231542660809,0.1324251015426747,0.2446346991483716,0.0153234882910862,0.2868836381845523,1.2798542258296677
sub-11161,5,beta,11.0,m,ASD,62.998046875,11,0.1589357022232092,0.122270584842133,0.2168430930347594,0.1192305208669812,0.0194331612632491,0.2094267031610052,1.1682824501725626
sub-11161,5,gamma,11.0,m,ASD,62.998046875,11,0.1627049737921807,0.1987513026402432,0.2481130571844349,0.0629843546266958,0.0323378254874413,0.228428709734858,1.5047882836761908
sub-11161,6,theta,11.0,m,ASD,62.998046875,11,0.23624443093123,0.0711119723342214,0.1552383926725809,0.186255688241323,0.0167998074365666,0.2696357956707867,1.470808476317111
sub-11161,6,alpha,11.0,m,ASD,62.998046875,11,0.2795968640687227,0.1381393218824919,0.1382522922799166,0.2085236921297679,0.0386233212030627,0.3741547688106108,1.2798542258296677
sub-11161,6,beta,11.0,m,ASD,62.998046875,11,0.2103149340264179,0.2669071229270689,0.1574473822016473,0.1205049958517942,0.0561345539498544,0.3413237857719853,0.639031859647177
sub-11161,6,gamma,11.0,m,ASD,62.998046875,11,0.2377839416098163,0.3656058507443711,0.2216864259880678,0.069941482371895,0.0869352002659723,0.4568019397239601,1.2798542258296677
sub-11181,1,theta,8.5,m,ASD,61.998046875,11,0.2572279897048343,0.0679223726157792,0.1516785981138181,0.2300989744951024,0.0174715353640074,0.3008959975902919,1.2798542258296677
sub-11181,1,alpha,8.5,m,ASD,61.998046875,11,0.2486897849653854,0.0614163433471955,0.143145463789268,0.0980244830266068,0.0152736172204357,0.2787544847671236,1.3592367006600063
sub-11181,1,beta,8.5,m,ASD,61.998046875,11,0.1759551491969205,0.0877458532576962,0.1950662325234696,0.0689728661700219,0.0154393347014567,0.2001046522438088,1.5571130980526455
sub-11181,1,gamma,8.5,m,ASD,61.998046875,11,0.2171598187795858,0.1047244806563788,0.2288362527885938,0.1355801904966427,0.0227419492412301,0.2649899892318839,1.4184836619406562
sub-11181,2,theta,8.5,m,ASD,62.998046875,11,0.2478076911445719,0.0731837837678412,0.1479459594066899,0.1757597916451833,0.0181355044848055,0.2789910479403678,1.4708084763171114
sub-11181,2,alpha,8.5,m,ASD,62.998046875,11,0.2510459851977855,0.0748158531931764,0.1684190644560646,0.0982686713632566,0.0187822195733686,0.27458204791852,1.504788283676191
sub-11181,2,beta,8.5,m,ASD,62.998046875,11,0.1703684875066277,0.0652303372591347,0.2087812046680887,0.0636898494319136,0.0111131938984512,0.188242608532175,1.5047882836761914
sub-11181,2,gamma,8.5,m,ASD,62.998046875,11,0.189343005877914,0.0526714813696841,0.2368536814799478,0.0410116163034605,0.0099729766066312,0.2018820205500093,1.3661588475652018
sub-11181,4,theta,8.5,m,ASD,62.998046875,11,0.2616516870018993,0.1036772158015955,0.1211225422120729,0.2487813806320706,0.0271273184182511,0.3024234679035459,1.5571130980526455
sub-11181,4,alpha,8.5,m,ASD,62.998046875,11,0.2650416474538462,0.0696998900833929,0.1290742742517306,0.1410605294753642,0.0184733736951241,0.2902995355042067,1.557113098052645
sub-11181,4,beta,8.5,m,ASD,62.998046875,11,0.1782764840354304,0.0532091598879206,0.1852836355831588,0.0402519012860307,0.0094859419433507,0.1921642726186655,1.470808476317112
sub-11181,4,gamma,8.5,m,ASD,62.998046875,11,0.2074077192913581,0.0532022097535678,0.2352576147255466,0.0840962769557974,0.0110345489863011,0.2291495003504031,1.418483661940657
sub-11181,5,theta,8.5,m,ASD,62.998046875,11,0.2602645219757525,0.1151354482110862,0.1650591664918125,0.2362042931176638,0.0299656723912375,0.3229388736997944,1.1935496040941331
sub-11181,5,alpha,8.5,m,ASD,62.998046875,11,0.2676200761151783,0.1067976807608784,0.1569568528041035,0.0986090883116682,0.0285812034542576,0.3301472871104272,1.4184836619406564
sub-11181,5,beta,8.5,m,ASD,62.998046875,11,0.170174918590146,0.078358885162909,0.1863517819535932,0.0345037770545468,0.013334716903491,0.1887036412677535,1.504788283676191
sub-11181,5,gamma,8.5,m,ASD,62.998046875,11,0.2068357500726921,0.0690252392945783,0.2319099239971474,0.0889240135241942,0.0142768871435102,0.2291136192245702,1.366158847565202
sub-11181,6,theta,8.5,m,ASD,62.998046875,11,0.2412146493992562,0.0755658835606839,0.1539554869793279,0.1275068430728314,0.0182275981097109,0.2772627557321595,1.4708084763171112
sub-11181,6,alpha,8.5,m,ASD,62.998046875,11,0.2405398970874375,0.0657256460084976,0.1505525789223809,0.0937031479687538,0.0158096401269551,0.2718603039883317,1.5047882836761908
sub-11181,6,beta,8.5,m,ASD,62.998046875,11,0.1707923259397471,0.0408332696130225,0.2051035827139597,0.0692137384379694,0.0069740090929737,0.1814698741106074,1.5571130980526464
sub-11181,6,gamma,8.5,m,ASD,62.998046875,11,0.1902924968836328,0.0780689589066243,0.2434269719264375,0.0415192797497919,0.0148559371195253,0.2192947270602626,1.418483661940656
sub-11204,1,theta,11.3,m,ASD,62.998046875,11,0.2428976904379997,0.1307962728672213,0.1158674008661545,0.2652669706244719,0.0317701125974772,0.2991574632038735,1.4184836619406562
sub-11204,1,alpha,11.3,m,ASD,62.998046875,11,0.231845197524258,0.0758013534325113,0.1070472830727664,0.2044784122798457,0.0175741797592425,0.274615968368577,1.1935496040941331
sub-11204,1,beta,11.3,m,ASD,62.998046875,11,0.1723082380145673,0.0433098986752966,0.1602040664798783,0.173992992611311,0.0074626523293731,0.1874893344769045,1.3661588475652018
sub-11204,1,gamma,11.3,m,ASD,62.998046875,11,0.2129706272090701,0.0562899365431135,0.2043775546737423,0.0611617516103855,0.0119881030912019,0.2313183224031343,1.5047882836761906
sub-11204,2,theta,11.3,m,ASD,61.998046875,11,0.2369442950971484,0.109373146629056,0.1181686409672401,0.2605644290305751,0.0259153431306881,0.2701989132211592,1.504788283676191
sub-11204,2,alpha,11.3,m,ASD,61.998046875,11,0.231916762660264,0.1047568807154327,0.1174467181227189,0.2421806976615638,0.0242948766420153,0.2762197102098286,1.4708084763171116
sub-11204,2,beta,11.3,m,ASD,61.998046875,11,0.1757260944277259,0.0869959469415689,0.1413415308865757,0.0880340019278794,0.0152874579871705,0.2084832404915623,1.4708084763171112
sub-11204,2,gamma,11.3,m,ASD,61.998046875,11,0.2048360720163051,0.0669656621537125,0.1940871880501282,0.0989531749435249,0.0137169831956043,0.2358742340590357,1.1935496040941334
sub-11204,3,theta,11.3,m,ASD,62.998046875,11,0.2290860630726083,0.0863693737720674,0.1106793864437027,0.1191957044976787,0.0197860198075758,0.2678597411857548,1.418483661940657
sub-11204,3,alpha,11.3,m,ASD,62.998046875,11,0.2288903163620052,0.0941206207034756,0.1040337351781443,0.0987887624931435,0.0215432986491009,0.2543373465405897,1.4708084763171114
sub-11204,3,beta,11.3,m,ASD,62.998046875,11,0.1719744242058171,0.0665656107064822,0.1547618704237443,0.0583254899683798,0.0114475825732224,0.1948817573369532,1.5571130980526455
sub-11204,3,gamma,11.3,m,ASD,62.998046875,11,0.2158443272311065,0.0950630254033101,0.1862557425083369,0.0673430267708701,0.0205188147628261,0.2535035341247289,1.2206072645490174
sub-11204,4,theta,11.3,m,ASD,62.998046875,11,0.2404521575102905,0.0830115602833793,0.1302507250180421,0.1928659285757204,0.0199603087685171,0.2698481444553813,1.504788283676191
sub-11204,4,alpha,11.3,m,ASD,62.998046875,11,0.2229032331849945,0.0801681057039361,0.1055380996034247,0.1759454950547505,0.0178697299598039,0.2607159350642383,1.557113098052646
sub-11204,4,beta,11.3,m,ASD,62.998046875,11,0.1780435908470141,0.130590864454769,0.162090551649046,0.1085598737289135,0.0232508664394733,0.2363106613314453,1.1935496040941334
sub-11204,4,gamma,11.3,m,ASD,62.998046875,11,0.2130527093821692,0.1123838080037164,0.1649979200291575,0.1118556985679685,0.0239436747859896,0.2510567482158084,1.4184836619406562
sub-11204,5,theta,11.3,m,ASD,62.998046875,11,0.2256597728593596,0.0639872633082328,0.1306392730394901,0.1745432356874788,0.0144393513040918,0.2465025592520293,1.557113098052646
sub-11204,5,alpha,11.3,m,ASD,62.998046875,11,0.2305405569097172,0.082259570353713,0.1133046897867181,0.1638009381865466,0.0189641671605813,0.2769418184563418,1.2798542258296677
sub-11204,5,beta,11.3,m,ASD,62.998046875,11,0.1926445585454443,0.0615385681002533,0.1661649023033093,0.1240054553033839,0.0118550702852536,0.2088240942023327,1.4708084763171114
sub-11204,5,gamma,11.3,m,ASD,62.998046875,11,0.2262472023912275,0.0588611369231113,0.1908699950803807,0.0725168237873986,0.0133171675584797,0.2483985740808678,1.5047882836761908
sub-11204,6,theta,11.3,m,ASD,61.998046875,11,0.229944235112085,0.1495152459130071,0.1417730628124646,0.1865239747179269,0.0343801688592112,0.3270921089630565,0.8979457248537801
sub-11204,6,alpha,11.3,m,ASD,61.998046875,11,0.2390683107692572,0.1387036983938821,0.1302926458857474,0.1484844170232766,0.0331596588726126,0.2871331689546573,1.5047882836761908
sub-11204,6,beta,11.3,m,ASD,61.998046875,11,0.1797473049634293,0.0936421982692074,0.1776391154614375,0.0521785739573202,0.0168319327698347,0.2124498803206479,1.2206072645490171
sub-11204,6,gamma,11.3,m,ASD,61.998046875,11,0.2145779884898221,0.0837462118739938,0.2030846657164916,0.0655245326755384,0.0179700936876478,0.2505485493246244,1.3321790402061215
sub-11215,1,theta,11.4,f,ASD,152.998046875,29,0.2202011066036679,0.1247541760044081,0.1563642948008292,0.2282354571836516,0.0274710076097241,0.298090915780194,1.7347645210187754
sub-11215,1,alpha,11.4,f,ASD,152.998046875,29,0.1967417301076374,0.1673809912571626,0.1807672439302772,0.1164750710827892,0.0329308258072328,0.3246537383043899,1.4862440255784837
sub-11215,1,beta,11.4,f,ASD,152.998046875,29,0.1585034589396944,0.1166502625303087,0.1772681763871986,0.0878235584059591,0.018489470097394,0.2042564101549652,1.924354128182653
sub-11215,1,gamma,11.4,f,ASD,152.998046875,29,0.1902345093730857,0.1003645694755072,0.2096069963575673,0.0866210634245697,0.0190928046327144,0.2401199548777801,1.712569033536074
sub-11215,2,theta,11.4,f,ASD,152.998046875,29,0.2185880278937237,0.1127303098082303,0.1362180322304537,0.1020350078717691,0.0246414961049423,0.2782712171211106,1.914690678020194
sub-11215,2,alpha,11.4,f,ASD,152.998046875,29,0.2179572760268213,0.1873482690059446,0.1465720089174333,0.2005391437051643,0.0408339183810632,0.3588059936743743,1.618267067257401
sub-11215,2,beta,11.4,f,ASD,152.998046875,29,0.1503982870617202,0.0869764490581356,0.172447239548801,0.0699761473527347,0.0130811089531415,0.1902699299526311,1.762079546432213
sub-11215,2,gamma,11.4,f,ASD,152.998046875,29,0.175605530019887,0.0896422912437016,0.1860036191785831,0.0889208502800809,0.0157416820661369,0.2065635390689124,1.9116469435785275
sub-11215,3,theta,11.4,f,ASD,152.998046875,29,0.2069350659964874,0.1410816964233934,0.1406581531352219,0.2693464416225364,0.0291947501604124,0.2644044307833467,1.889847847929683
sub-11215,3,alpha,11.4,f,ASD,152.998046875,29,0.21211383982373,0.208097010011151,0.1584599882874205,0.1132799202516222,0.0441402558495105,0.3682717650846965,1.5913525202580954
sub-11215,3,beta,11.4,f,ASD,152.998046875,29,0.1534010765104085,0.1269894811142417,0.1693254941510015,0.142246088793236,0.0194803231085498,0.2040478130384739,1.8970391027692148
sub-11215,3,gamma,11.4,f,ASD,152.998046875,29,0.1793049897791932,0.0771355038742429,0.1762028028675728,0.103703251036526,0.0138307807338611,0.2092418454831402,1.9708209066371247
sub-11227,1,theta,10.8,m,ASD,61.998046875,11,0.2346309758072065,0.1083054485448931,0.1266318218339132,0.1706322469843627,0.0254118130774337,0.2643609481852506,1.2798542258296677
sub-11227,1,alpha,10.8,m,ASD,61.998046875,11,0.2313924531243819,0.2058253852699333,0.1206878791702438,0.1649927790299376,0.0476264408130867,0.3290207674911001,1.418483661940657
sub-11227,1,beta,10.8,m,ASD,61.998046875,11,0.1486490403643861,0.1441330812901916,0.1118860702926195,0.0627520977376004,0.0214252442186931,0.1981735524124018,1.504788283676191
sub-11227,1,gamma,10.8,m,ASD,61.998046875,11,0.1589139930275918,0.1013740399751796,0.151783405356002,0.0503640605902553,0.0161097534818958,0.1859152730730015,1.6094379124291005
sub-11227,2,theta,10.8,m,ASD,61.998046875,11,0.2169354070770017,0.1125635056370395,0.1535207724357367,0.1369381304518571,0.0244190099174981,0.2659155529682593,1.504788283676191
sub-11227,2,alpha,10.8,m,ASD,61.998046875,11,0.2308050373760212,0.2155047300701878,0.1832735505969357,0.2635499052020035,0.0497395772787745,0.3192058001355602,1.054920167983144
sub-11227,2,beta,10.8,m,ASD,61.998046875,11,0.135667316219201,0.1407863682493225,0.1013990317625296,0.07898672809338,0.0191001087407745,0.165960755551811,1.3661588475652018
sub-11227,2,gamma,10.8,m,ASD,61.998046875,11,0.1580981724829675,0.1081748837802806,0.1321082625519664,0.0897331665267218,0.0171022514343279,0.1785442460273696,1.2798542258296672
sub-11227,3,theta,10.8,m,ASD,62.998046875,11,0.2077496484773306,0.0857302316457552,0.1475194561643533,0.1259271109636794,0.0178104254883715,0.230224083836427,1.504788283676191
sub-11227,3,alpha,10.8,m,ASD,62.998046875,11,0.2065725487932577,0.2275323243790219,0.1962091666402765,0.1133109566375989,0.0470019321800563,0.2892789543171606,1.504788283676191
sub-11227,3,beta,10.8,m,ASD,62.998046875,11,0.1567356128310347,0.0984779544091127,0.1027624609579606,0.0570362328019564,0.0154350025347574,0.1830065558026242,1.5571130980526455
sub-11227,3,gamma,10.8,m,ASD,62.998046875,11,0.1776778814012496,0.2015636988763589,0.1313426675075321,0.141975660689667,0.0358134109839524,0.24740050423355,1.0888999753412238
sub-11227,4,theta,10.8,m,ASD,62.998046875,11,0.2066416339399743,0.0846591918461183,0.1300802876647063,0.1464410071822922,0.0174941137312043,0.2365507047921892,1.5047882836761908
sub-11227,4,alpha,10.8,m,ASD,62.998046875,11,0.1924624542796059,0.2229424147843444,0.1848423668940174,0.1991637013961289,0.0429080443126397,0.264820038825117,1.3661588475652018
sub-11227,4,beta,10.8,m,ASD,62.998046875,11,0.1543982991694579,0.1687209258840814,0.1072781467995438,0.076168754293708,0.026050223990967,0.2009860614732775,1.5571130980526455
sub-11227,4,gamma,10.8,m,ASD,62.998046875,11,0.1540399004918674,0.0975747195251694,0.1285704321748131,0.0922107352895473,0.0150304000862765,0.1842628470154772,1.418483661940657
sub-11227,5,theta,10.8,m,ASD,62.998046875,11,0.2130720332643597,0.1583922309316537,0.1431072991065539,0.1661541654712515,0.0337489546980438,0.2954322143549569,1.3138340331887468
sub-11227,5,alpha,10.8,m,ASD,62.998046875,11,0.2061496231960259,0.320704072715146,0.1872633064623406,0.1651524309207684,0.0661130237479789,0.3837563471209216,1.0888999753412238
sub-11227,5,beta,10.8,m,ASD,62.998046875,11,0.1553947893366324,0.1231652315193514,0.1040972670280879,0.0788325864919367,0.0191392352056703,0.191394809669373,1.2798542258296677
sub-11227,5,gamma,10.8,m,ASD,62.998046875,11,0.1642216407712563,0.0862310942823526,0.1292032716303041,0.1278631580007515,0.014161011788635,0.1869285196049442,1.5571130980526453
sub-11227,6,theta,10.8,m,ASD,62.998046875,11,0.2200719000908301,0.0736032265398834,0.1501258659678664,0.1395162642232439,0.0161980019175215,0.2576092370842352,1.418483661940657
sub-11227,6,alpha,10.8,m,ASD,62.998046875,11,0.2086452103137472,0.1600410430139445,0.182035189928865,0.1239318300205017,0.0333917970786359,0.2829591604278899,1.4708084763171114
sub-11227,6,beta,10.8,m,ASD,62.998046875,11,0.1529938190581105,0.1126742767104916,0.1094752263972502,0.1214616633570943,0.0172384679036611,0.1759382432787188,1.2798542258296672
sub-11227,6,gamma,10.8,m,ASD,62.998046875,11,0.1569057066470557,0.1764887229921617,0.136300067740124,0.1279522864630873,0.027692087796498,0.2027311175274511,1.5047882836761908
sub-11229,1,theta,11.2,m,ASD,62.998046875,11,0.2213200866461782,0.0864988248150166,0.1562712834978887,0.2317487917701131,0.0191439274029385,0.2548225129422621,1.5047882836761912
sub-11229,1,alpha,11.2,m,ASD,62.998046875,11,0.2289208788803249,0.1015413142633862,0.1308803806573586,0.1477431852472078,0.0232449269039392,0.2778983862498776,1.5047882836761906
sub-11229,1,beta,11.2,m,ASD,62.998046875,11,0.1777499889918087,0.1043047269224805,0.1582456146654413,0.0732463731225596,0.0185401640623688,0.2080040632914405,1.4708084763171112
sub-11229,1,gamma,11.2,m,ASD,62.998046875,11,0.2078629806281657,0.154279836189402,0.2167334155742805,0.0941284285349554,0.0320690666013085,0.284409837875356,1.1935496040941334
sub-11229,2,theta,11.2,m,ASD,62.998046875,11,0.2116901692062338,0.1250848943707489,0.1618668598704899,0.1581026552302658,0.0264792424546128,0.2558270713735658,1.5571130980526455
sub-11229,2,alpha,11.2,m,ASD,62.998046875,11,0.2394228344069474,0.1026775834251605,0.1208086183532426,0.1798777381260906,0.0245833580538104,0.285553566765737,1.4708084763171114
sub-11229,2,beta,11.2,m,ASD,62.998046875,11,0.1726149374975115,0.1027323509468517,0.161096717105657,0.0712899877699077,0.0177331383377659,0.1965949962409557,1.3661588475652018
sub-11229,2,gamma,11.2,m,ASD,62.998046875,11,0.2332870210895955,0.1887129795880025,0.2115588551894851,0.035937631597,0.0440242888492154,0.3525590246964262,1.0888999753412238
sub-11229,3,theta,11.2,m,ASD,62.998046875,11,0.2020103847173606,0.2401229436074477,0.2196151172626478,0.1144271253390187,0.0485073282178457,0.3217945090082605,1.2798542258296677
sub-11229,3,alpha,11.2,m,ASD,62.998046875,11,0.219093054552334,0.0591484346392756,0.1635907657368449,0.1118020217979108,0.0129590112171671,0.2442154184780532,1.2798542258296677
sub-11229,3,beta,11.2,m,ASD,62.998046875,11,0.1727327355402902,0.0972936278485851,0.1401066457481865,0.0981863334359503,0.0168057944890223,0.2115358373546547,1.2275294114522124
sub-11229,3,gamma,11.2,m,ASD,62.998046875,11,0.2190140482017371,0.0814362578368576,0.1794287437196882,0.1066942586003646,0.017835684499332,0.2472808285484471,1.557113098052646
sub-11229,4,theta,11.2,m,ASD,62.998046875,11,0.2423747925883383,0.096447636904434,0.1677501656529425,0.1192535202819316,0.023376475990444,0.2840126660078342,1.5571130980526455
sub-11229,4,alpha,11.2,m,ASD,62.998046875,11,0.2119226594391263,0.1100451402003492,0.1470728009890336,0.2349770556640101,0.0233210587697195,0.2588237540755889,1.5571130980526455
sub-11229,4,beta,11.2,m,ASD,62.998046875,11,0.1915101244087528,0.1324706390105535,0.1538759405978644,0.1926211855561282,0.0253694685575505,0.2381006079324016,1.5047882836761908
sub-11229,4,gamma,11.2,m,ASD,62.998046875,11,0.2386454698815207,0.2629583564867913,0.1746616892521041,0.1040597646033454,0.0627538205433256,0.3468197243929022,1.3321790402061222
sub-11229,5,theta,11.2,m,ASD,62.998046875,11,0.2469101602509139,0.0941009704819311,0.1631227628453674,0.1357906667133257,0.0232344857015542,0.2894060567431365,1.4708084763171114
sub-11229,5,alpha,11.2,m,ASD,62.998046875,11,0.2333052746062084,0.1568013928704852,0.1562547341434978,0.2069879287238536,0.0365825920224413,0.2945173395232931,1.5047882836761908
sub-11229,5,beta,11.2,m,ASD,62.998046875,11,0.1949669057613427,0.1168036787480437,0.1789186192754636,0.0721407560429042,0.0227728518271648,0.2321522910453835,1.5047882836761906
sub-11229,5,gamma,11.2,m,ASD,62.998046875,11,0.2403153033632539,0.1386446767552857,0.2073082188977112,0.1202821902593147,0.0333184375542854,0.3139680563553279,1.2798542258296672
sub-11229,6,theta,11.2,m,ASD,62.998046875,11,0.2248692182054238,0.116358896026709,0.1470252123374316,0.2323569481187032,0.0261655339808886,0.2824879323433927,1.4708084763171116
sub-11229,6,alpha,11.2,m,ASD,62.998046875,11,0.2297663692477677,0.1178456846421426,0.135392475069965,0.1030788562100251,0.0270769750918603,0.2802818805704752,1.470808476317111
sub-11229,6,beta,11.2,m,ASD,62.998046875,11,0.1759490429070258,0.093034926154524,0.1591485582354661,0.1161957414719726,0.0163694062139073,0.2091350904816415,1.5047882836761912
sub-11229,6,gamma,11.2,m,ASD,62.998046875,11,0.2279220888749227,0.1010501337761954,0.2156523401579632,0.0455081440453164,0.0230315575714619,0.2686070093178562,1.5571130980526455
sub-11235,1,theta,11.3,m,ASD,61.998046875,11,0.2389508926255877,0.1567518995340349,0.1813883245909296,0.1235795367589579,0.0374560063145708,0.3168316801065527,1.3321790402061222
sub-11235,1,alpha,11.3,m,ASD,61.998046875,11,0.2503278339874855,0.0969525695978687,0.1487573886111756,0.1855055140118655,0.0242699267470523,0.2912256544874624,1.1682824501725626
sub-11235,1,beta,11.3,m,ASD,61.998046875,11,0.1663443500017503,0.087423963041321,0.1666942092982666,0.1248626634483825,0.014542482306773,0.1952754738265545,1.4184836619406562
sub-11235,1,gamma,11.3,m,ASD,61.998046875,11,0.2095004616208154,0.1301608659355654,0.1819324386377687,0.0700463165679653,0.0272687614985961,0.2769703260992902,1.2798542258296672
sub-11235,2,theta,11.3,m,ASD,62.998046875,11,0.3157688110732018,0.1316899281904432,0.1731580451633347,0.1575012360466903,0.0415835720551432,0.3887383341667964,1.5047882836761908
sub-11235,2,alpha,11.3,m,ASD,62.998046875,11,0.2790140598595506,0.1369102382201495,0.1504891907112644,0.1271200438456854,0.038199881402279,0.3689620884550887,1.1682824501725626
sub-11235,2,beta,11.3,m,ASD,62.998046875,11,0.1898517619470265,0.1340749204438888,0.158766004154415,0.1224855425585947,0.0254543598793137,0.2266964460102323,1.313834033188747
sub-11235,2,gamma,11.3,m,ASD,62.998046875,11,0.2323373299816434,0.1800115758751693,0.2040789843705675,0.0831571940266816,0.0418234089048048,0.3028906280805556,1.470808476317111
sub-11235,3,theta,11.3,m,ASD,62.998046875,11,0.2379983573201204,0.1356988203362559,0.1386575432787159,0.2581800385477017,0.0322960963304427,0.3030887959505904,1.2798542258296677
sub-11235,3,alpha,11.3,m,ASD,62.998046875,11,0.2337202432497453,0.1553041378108789,0.1127742615283902,0.1983883085292531,0.0362977208670059,0.3096776219758,1.2798542258296677
sub-11235,3,beta,11.3,m,ASD,62.998046875,11,0.1575997688600738,0.0957219046562572,0.1701647927382108,0.1160447649597304,0.0150857500487678,0.1814843592282271,1.2798542258296677
sub-11235,3,gamma,11.3,m,ASD,62.998046875,11,0.1995293322443823,0.1052904033469196,0.2058991292077852,0.0850769079872991,0.0210085238716578,0.2441593292836484,1.5047882836761906
sub-11235,4,theta,11.3,m,ASD,62.998046875,11,0.2601997600069005,0.1022062829425071,0.1594813726785951,0.1993408125967453,0.0265940502929399,0.3234049577131146,1.2798542258296672
sub-11235,4,alpha,11.3,m,ASD,62.998046875,11,0.2348367431410485,0.0726051367632521,0.1401871926563904,0.1825457444784162,0.0170503538528651,0.2632216006152103,1.6094379124291
sub-11235,4,beta,11.3,m,ASD,62.998046875,11,0.2003510350866798,0.0887406519529321,0.1779002851412582,0.0744382691099161,0.0177792814731254,0.2253569857437821,1.5047882836761908
sub-11235,4,gamma,11.3,m,ASD,62.998046875,11,0.2266666827565538,0.1615250261283049,0.1936796104182498,0.0776156266055764,0.03661234185483,0.3114186611488196,1.0888999753412236
sub-11235,5,theta,11.3,m,ASD,62.998046875,11,0.2353843812053127,0.1004894143215586,0.172856274494403,0.1105010699558783,0.0236536386078648,0.2861609603081107,1.168282450172563
sub-11235,5,alpha,11.3,m,ASD,62.998046875,11,0.2425841273175107,0.0651631805931916,0.1457355644908564,0.1177179577149226,0.0158075532974979,0.2746060427394535,1.5571130980526455
sub-11235,5,beta,11.3,m,ASD,62.998046875,11,0.1759229048625897,0.0872838951148947,0.1829676373359472,0.0811295967849297,0.0153552363764211,0.1919947787346771,1.227529411452212
sub-11235,5,gamma,11.3,m,ASD,62.998046875,11,0.2073101892008588,0.1018985421814247,0.2032621414005769,0.0701255125146507,0.0211246060590247,0.2563238940915275,1.1682824501725626
sub-11235,6,theta,11.3,m,ASD,62.998046875,11,0.2345538000387152,0.1563656629365943,0.1522376975119297,0.1978688264456649,0.0366761604375074,0.326932167087918,0.9404479886513268
sub-11235,6,alpha,11.3,m,ASD,62.998046875,11,0.246223878334187,0.0642950527654309,0.1239783878997343,0.1477475207398592,0.0158309772496699,0.2721003775728512,1.6094379124291005
sub-11235,6,beta,11.3,m,ASD,62.998046875,11,0.1809786373128162,0.1047238169774921,0.1647493600649008,0.0595806565636425,0.018952773690888,0.209650530271796,1.2206072645490174
sub-11235,6,gamma,11.3,m,ASD,62.998046875,11,0.2210275715831443,0.1291803809104876,0.181578815074513,0.0770750183584052,0.0285524258889598,0.279505504730946,1.4708084763171114
sub-11242,1,theta,12.7,m,ASD,62.998046875,11,0.2055989488364626,0.0843181206829913,0.1654619047419818,0.1359640270582027,0.0173357169803733,0.2365857077973328,1.5047882836761906
sub-11242,1,alpha,12.7,m,ASD,62.998046875,11,0.2105904597447595,0.1877983824530886,0.2008548992406314,0.0851228658602359,0.0395485477003059,0.3074398936095278,1.2798542258296677
sub-11242,1,beta,12.7,m,ASD,62.998046875,11,0.1610788166449327,0.0965865417115383,0.1118396031215997,0.114191787512372,0.0155580458428176,0.1848395304091198,1.5571130980526455
sub-11242,1,gamma,12.7,m,ASD,62.998046875,11,0.1959516739092122,0.121052796551052,0.1825209746453316,0.0463117512482848,0.023720498115691,0.2361808193849914,1.5571130980526455
sub-11242,2,theta,12.7,m,ASD,62.998046875,11,0.2090133501974115,0.0889274451313068,0.1612647605613681,0.1026446314611378,0.0185870232314798,0.2484781759778456,1.313834033188747
sub-11242,2,alpha,12.7,m,ASD,62.998046875,11,0.2177813249097979,0.1169090451790114,0.1553022658795023,0.1638852612070361,0.0254606067531414,0.2697638773838993,1.2206072645490174
sub-11242,2,beta,12.7,m,ASD,62.998046875,11,0.1630154840713856,0.1147243060008692,0.0978357906296283,0.0804218601547992,0.0187018382776001,0.1958920705155104,1.470808476317112
sub-11242,2,gamma,12.7,m,ASD,62.998046875,11,0.189626100152937,0.0825026077311785,0.1881099474625724,0.0747016677060405,0.0156446477565934,0.2154867442520518,1.5571130980526455
sub-11242,3,theta,12.7,m,ASD,62.998046875,11,0.240499977939422,0.1263116228638881,0.145190489577658,0.1760293758727015,0.030377942512384,0.2917202864275365,1.6094379124291
sub-11242,3,alpha,12.7,m,ASD,62.998046875,11,0.2226400060985486,0.0996213290814966,0.1826648463243707,0.0945339217051765,0.0221796933143495,0.2706166556127249,1.5047882836761908
sub-11242,3,beta,12.7,m,ASD,62.998046875,11,0.1598071500499409,0.1050407165835193,0.103560611830738,0.1615750072528388,0.0167862575565208,0.2001700495308835,1.3138340331887473
sub-11242,3,gamma,12.7,m,ASD,62.998046875,11,0.1878569413165213,0.1649868782738987,0.2034206569927651,0.0828956155877233,0.0309939303100608,0.2479985290911552,1.4708084763171114
sub-11242,4,theta,12.7,m,ASD,62.998046875,11,0.2148825101208936,0.1281825994444255,0.1512721519253355,0.1609808107230874,0.0275441987225674,0.2709598396810323,1.4708084763171114
sub-11242,4,alpha,12.7,m,ASD,62.998046875,11,0.1973270369328648,0.1254210567324597,0.1605514685494786,0.0962281244904659,0.0247489654941304,0.2369963022976234,1.3661588475652018
sub-11242,4,beta,12.7,m,ASD,62.998046875,11,0.1740003336004749,0.0899299540159162,0.1503876302987124,0.1253058932874375,0.0156478419995347,0.2000388909518479,1.2206072645490174
sub-11242,4,gamma,12.7,m,ASD,62.998046875,11,0.2031921667521856,0.0642598645290726,0.2097252531855196,0.0588621388404137,0.0130571011089284,0.2245847788789965,1.5571130980526455
sub-11242,5,theta,12.7,m,ASD,62.998046875,11,0.2220887686922881,0.1176751310487243,0.1415683335842227,0.2023098358775886,0.0261343249604325,0.2687331004276601,1.4708084763171112
sub-11242,5,alpha,12.7,m,ASD,62.998046875,11,0.2048553517023012,0.1585270083029374,0.1714648206655772,0.1263608110031395,0.0324751060403704,0.269289759769133,1.3661588475652018
sub-11242,5,beta,12.7,m,ASD,62.998046875,11,0.1751536155510127,0.0768361665005837,0.1478790979881594,0.171698955733831,0.0134581323677336,0.2048333367927705,1.5047882836761906
sub-11242,5,gamma,12.7,m,ASD,62.998046875,11,0.1971508504430238,0.108240327697019,0.2344608354455847,0.043050884223552,0.0213396726578071,0.2475553304617802,1.2798542258296677
sub-11242,6,theta,12.7,m,ASD,62.998046875,11,0.2492534527672475,0.1083081184563322,0.1619264717714948,0.2234475643437579,0.0269961724880731,0.2970055358387877,1.5571130980526453
sub-11242,6,alpha,12.7,m,ASD,62.998046875,11,0.1970540510386344,0.1465250002292657,0.1960819612853773,0.1216577022513409,0.0288733448737601,0.2600479819538854,1.0888999753412236
sub-11242,6,beta,12.7,m,ASD,62.998046875,11,0.1674464343214139,0.1721322035261795,0.1160967791313142,0.1330514368111948,0.0288229237125188,0.2048309744543292,1.3661588475652016
sub-11242,6,gamma,12.7,m,ASD,62.998046875,11,0.1974528910030266,0.1770841730161176,0.1858754755943654,0.0824748471157018,0.0349657819130896,0.2693838798567423,1.4708084763171114
sub-11243,1,theta,8.6,f,ASD,62.998046875,11,0.2181517635159462,0.0735940694514043,0.1585749111847351,0.1437077419691796,0.0160546760352124,0.2478685247299948,1.5047882836761908
sub-11243,1,alpha,8.6,f,ASD,62.998046875,11,0.2344474509414828,0.1881919651276874,0.1514784047054621,0.1878572852086186,0.0441211265120429,0.3126166319290931,1.2798542258296677
sub-11243,1,beta,8.6,f,ASD,62.998046875,11,0.1567374268119711,0.1480224418506999,0.1839128298159312,0.0471008998800262,0.0232006566462513,0.2078447945734351,1.418483661940657
sub-11243,1,gamma,8.6,f,ASD,62.998046875,11,0.1917060451357074,0.094458409752744,0.2016365988861775,0.0450480407055529,0.0181082481636011,0.2413748460622007,0.9404479886513264
sub-11243,2,theta,8.6,f,ASD,62.998046875,11,0.2170503194758712,0.1007693408599043,0.1322154646221527,0.1108810349849077,0.0218720176271159,0.2471881071837371,1.470808476317111
sub-11243,2,alpha,8.6,f,ASD,62.998046875,11,0.2149989223920095,0.1180486809614851,0.1507468276882708,0.1535390945502703,0.0253803391966354,0.2763108834285394,1.1682824501725626
sub-11243,2,beta,8.6,f,ASD,62.998046875,11,0.1680324575730287,0.0609609638960962,0.1781099233987949,0.0240161752401166,0.0102434205795426,0.1844779712271618,1.4708084763171114
sub-11243,2,gamma,8.6,f,ASD,62.998046875,11,0.2029449751374383,0.2677296196411372,0.18121535392712,0.0621675193909505,0.0543343810018941,0.3323451564243593,1.0888999753412236
sub-11243,3,theta,8.6,f,ASD,62.998046875,11,0.2103180486438434,0.088760644090384,0.1390514985291379,0.2292787500803517,0.018667965461549,0.2359162205689687,1.5047882836761906
sub-11243,3,alpha,8.6,f,ASD,62.998046875,11,0.2422219254275122,0.1063885392783892,0.1698853872666541,0.1023337323617029,0.0257696368275383,0.2858368240800245,1.2798542258296672
sub-11243,3,beta,8.6,f,ASD,62.998046875,11,0.1908281544239534,0.1976727797152417,0.1654749457281469,0.1260459495892426,0.0377215317331099,0.2601795935155155,1.0888999753412234
sub-11243,3,gamma,8.6,f,ASD,62.998046875,11,0.2441534500057783,0.3239997050355024,0.187864829755888,0.1308697886859235,0.0791056457855964,0.4217359814358729,1.3592367006600063
sub-11243,4,theta,8.6,f,ASD,62.998046875,11,0.2360355391018682,0.1801013998224984,0.1558318435701692,0.1543625215894931,0.0425103310002846,0.3333745385342604,1.313834033188747
sub-11243,4,alpha,8.6,f,ASD,62.998046875,11,0.2288002100010412,0.1103699159019679,0.1628053937939068,0.1544692218917086,0.0252526599362779,0.2743990916668084,1.4184836619406564
sub-11243,4,beta,8.6,f,ASD,62.998046875,11,0.197605650834186,0.1983664711743331,0.1744371712673815,0.1115978625711427,0.0391983356402832,0.2583570944437854,1.6094379124291005
sub-11243,4,gamma,8.6,f,ASD,62.998046875,11,0.244583867536582,0.423607744913909,0.2070117324154763,0.1381278808549129,0.1036076205699173,0.4865252675089876,1.0888999753412236
sub-11243,5,theta,8.6,f,ASD,62.998046875,11,0.2586115069278631,0.3908313583793959,0.0959389813939454,0.1899618769585627,0.1010734865455501,0.4910197557712495,1.2798542258296677
sub-11243,5,alpha,8.6,f,ASD,62.998046875,11,0.2684017879229116,0.1596751913159391,0.1474926793034743,0.2061203850498273,0.0428571068362907,0.3598328126319742,1.4708084763171112
sub-11243,5,beta,8.6,f,ASD,62.998046875,11,0.2346015359733428,0.280369473417284,0.1597632971158606,0.1279016896895044,0.0657751091040125,0.3244138770065984,1.5047882836761908
sub-11243,5,gamma,8.6,f,ASD,62.998046875,11,0.2292990056534391,0.2763696391768547,0.2059144373184041,0.0776801768619694,0.0633712834563289,0.3555239588956773,1.504788283676191
sub-11243,6,theta,8.6,f,ASD,62.998046875,11,0.234522279304654,0.0930195625915713,0.1466670971860912,0.1623630273110946,0.0218151598389902,0.272113300561088,1.5571130980526453
sub-11243,6,alpha,8.6,f,ASD,62.998046875,11,0.2607145557414772,0.1987282240816607,0.1563510765952207,0.1862062687038223,0.0518113406549416,0.3703383572388001,1.5047882836761908
sub-11243,6,beta,8.6,f,ASD,62.998046875,11,0.1886548984495866,0.2753801398309699,0.1395966542944685,0.1102582459781797,0.0519518123151199,0.2801229867364908,1.0888999753412236
sub-11243,6,gamma,8.6,f,ASD,62.998046875,11,0.2443008746423736,0.4214573228575488,0.2080345587588874,0.1644187949096471,0.1029623925989539,0.3923873918094883,1.1935496040941334
sub-11244,1,theta,12.0,f,ASD,152.998046875,29,0.2990258993031929,0.5572857025610081,0.13037562035179,0.5549483812701029,0.1666428583776744,0.907718114822472,1.3452322060631547
sub-11244,1,alpha,12.0,f,ASD,152.998046875,29,0.2932038617010134,0.4509957945487126,0.1450815965934631,0.4467312264563773,0.1322337085730504,0.5928579742521436,1.4493727697871694
sub-11244,1,beta,12.0,f,ASD,152.998046875,29,0.2752194760510107,0.5230431403006763,0.2169829675921682,0.3802303186989328,0.1439516590261504,0.6573309244556876,1.1583578690043876
sub-11244,1,gamma,12.0,f,ASD,152.998046875,29,0.29824368727942,0.3910568636789089,0.2554067541780325,0.2267090376834814,0.1166302409599143,0.6133926298085605,1.0987754267345249
sub-11244,2,theta,12.0,f,ASD,152.998046875,29,0.2448252928575007,0.0901493117153484,0.1235657562151589,0.1934230217522007,0.0220708316417024,0.2801418287072937,1.974900499534689
sub-11244,2,alpha,12.0,f,ASD,152.998046875,29,0.2344871546291114,0.1088280794141206,0.1491021477385132,0.1444736053764437,0.0255187866856769,0.2892706549476411,1.996060128563493
sub-11244,2,beta,12.0,f,ASD,152.998046875,29,0.1828603419634899,0.1118199161938518,0.1838324123185395,0.1602744158201721,0.0204474281136483,0.24314950583362,1.762079546432213
sub-11244,2,gamma,12.0,f,ASD,152.998046875,29,0.2033996155602984,0.1014521414903536,0.2236641613527542,0.0751751001691972,0.0206353265770083,0.2608623722997854,1.864608626003316
sub-11256,1,theta,12.4,m,ASD,61.998046875,11,0.2513108401878438,0.0981919044512267,0.1271139693487178,0.1595199923370951,0.0246766900073804,0.3070228762933914,1.2798542258296672
sub-11256,1,alpha,12.4,m,ASD,61.998046875,11,0.245789763517884,0.1205220391103408,0.1503080143520491,0.1915628613721437,0.0296230834917443,0.3009722485768975,1.5047882836761908
sub-11256,1,beta,12.4,m,ASD,61.998046875,11,0.1706113599425794,0.0596135897374596,0.1550486179175023,0.0698864935131044,0.0101707556162266,0.1832627623459636,1.2798542258296677
sub-11256,1,gamma,12.4,m,ASD,61.998046875,11,0.2049449589498992,0.0743236001029738,0.2143699737854519,0.0304689107485708,0.015232247172187,0.2455014626518997,1.0888999753412232
sub-11256,2,theta,12.4,m,ASD,62.998046875,11,0.2514125506505374,0.1105107393717228,0.1259536358924824,0.1789133992860247,0.0277837868598321,0.2988271964979385,1.2798542258296677
sub-11256,2,alpha,12.4,m,ASD,62.998046875,11,0.2490974859925451,0.1724376010245546,0.1301051355049303,0.2077344884487171,0.0429537729059745,0.3336860027552012,1.4184836619406571
sub-11256,2,beta,12.4,m,ASD,62.998046875,11,0.1760324047198526,0.1129611171957119,0.1173948927910501,0.0996712570113424,0.0198848170999152,0.2153985472618438,1.313834033188747
sub-11256,2,gamma,12.4,m,ASD,62.998046875,11,0.2139820191659617,0.0693206199730636,0.144975199795778,0.1664851418753205,0.0148333662317417,0.2399280071663928,1.504788283676191
sub-11256,3,theta,12.4,m,ASD,62.998046875,11,0.2485309133197885,0.0680853752015301,0.1217986350587738,0.1701142736452799,0.0169213204826248,0.2721454253460121,1.504788283676191
sub-11256,3,alpha,12.4,m,ASD,62.998046875,11,0.2707240695494505,0.141354442952487,0.1360109046861761,0.1531895023368078,0.0382680500451343,0.3280443583965726,1.5571130980526455
sub-11256,3,beta,12.4,m,ASD,62.998046875,11,0.179188999090179,0.0709012603236844,0.1518585103549222,0.0709173245795346,0.0127047258717041,0.1975436763325218,1.2206072645490171
sub-11256,3,gamma,12.4,m,ASD,62.998046875,11,0.2438599472454426,0.049448954385746,0.2038236202102502,0.0864371907101812,0.0120586194078997,0.2618806361001116,1.5047882836761903
sub-11256,4,theta,12.4,m,ASD,62.998046875,11,0.2514073198158759,0.0840819568026927,0.1233202124368867,0.1791497877660959,0.0211388194047233,0.3059365509300907,1.1682824501725622
sub-11256,4,alpha,12.4,m,ASD,62.998046875,11,0.2399635674835663,0.1423699407290308,0.1533848940893928,0.2538251360164113,0.0341635988799044,0.3247000716905,1.220607264549017
sub-11256,4,beta,12.4,m,ASD,62.998046875,11,0.1963166673982477,0.0918042099083018,0.1477320602248933,0.0893573724733736,0.0180226965424188,0.2377268465331125,1.2798542258296677
sub-11256,4,gamma,12.4,m,ASD,62.998046875,11,0.2474246200588627,0.0923921025176779,0.2063777756663851,0.0688871986905117,0.0228600808619683,0.3070951744588421,1.1682824501725626
sub-11256,5,theta,12.4,m,ASD,62.998046875,11,0.2649417669348778,0.0873338639244448,0.1158940440765245,0.1760478297976777,0.0231383882214799,0.3178824479353152,1.418483661940657
sub-11256,5,alpha,12.4,m,ASD,62.998046875,11,0.2356188621350222,0.1515388712019086,0.1759471379661078,0.1768686111639058,0.0357054164019709,0.3114808064550282,1.5047882836761908
sub-11256,5,beta,12.4,m,ASD,62.998046875,11,0.1845799708013662,0.0859382073305849,0.1353684892351595,0.1361115968301257,0.015862471799887,0.2080341223373534,1.504788283676191
sub-11256,5,gamma,12.4,m,ASD,62.998046875,11,0.249068302829004,0.0962732838140216,0.1601857003076416,0.0544015310720855,0.0239786234074296,0.301326373665258,1.504788283676191
sub-11256,6,theta,12.4,m,ASD,62.998046875,11,0.2698181223230215,0.1093782421437483,0.1403427844795582,0.2181664043019879,0.0295122319183283,0.335704138382265,1.0888999753412238
sub-11256,6,alpha,12.4,m,ASD,62.998046875,11,0.2162599975223746,0.1934280521229645,0.1699610968023565,0.1614722406356424,0.0418307500730635,0.3170611310365904,1.1682824501725628
sub-11256,6,beta,12.4,m,ASD,62.998046875,11,0.2139659007227575,0.1747180549672859,0.1547948624421326,0.1038523126051255,0.0373837060037783,0.2698386858786341,1.504788283676191
sub-11256,6,gamma,12.4,m,ASD,62.998046875,11,0.3117438404691955,0.2914169213074428,0.2065016947017918,0.0887793224176478,0.0908474302263829,0.4827473154849864,1.0888999753412238
sub-11265,1,theta,12.1,f,ASD,62.998046875,11,0.2606034545589349,0.1584787932102986,0.1752096948981457,0.1792201748884914,0.0413001209850933,0.3689440757740446,1.1682824501725628
sub-11265,1,alpha,12.1,f,ASD,62.998046875,11,0.2426634086642191,0.1324516350251526,0.1551693228393751,0.0671288139367772,0.032141165238485,0.3045163570175972,1.2206072645490171
sub-11265,1,beta,12.1,f,ASD,62.998046875,11,0.1962063365993963,0.0810639247754003,0.2378735510956725,0.0626686010391559,0.0159052557106314,0.2169943545743566,1.504788283676191
sub-11265,1,gamma,12.1,f,ASD,62.998046875,11,0.1992992307581464,0.0356058360061429,0.2582275916578739,0.0487869712345953,0.0070962157265605,0.2131766735248677,1.504788283676192
sub-11265,2,theta,12.1,f,ASD,62.998046875,11,0.2751210150586705,0.1005729362368902,0.1689168479879158,0.1471542863319632,0.0276697283050247,0.32655897633553,1.4184836619406564
sub-11265,2,alpha,12.1,f,ASD,62.998046875,11,0.251466685671997,0.1101308589055796,0.159604769516247,0.0891944635977237,0.0276942420793065,0.2906504476042654,1.2798542258296677
sub-11265,2,beta,12.1,f,ASD,62.998046875,11,0.1874661726359011,0.0613045019018947,0.2163508548091207,0.0597005002674398,0.0114925203369598,0.2111788767928714,1.470808476317111
sub-11265,2,gamma,12.1,f,ASD,62.998046875,11,0.1996907119487048,0.0727819445243616,0.2871338253399753,0.0631621470045898,0.0145338783191537,0.2189952494579553,1.5571130980526455
sub-11274,1,theta,11.3,m,ASD,61.998046875,11,0.2442904250574741,0.1353598969499532,0.1315061966225424,0.1085379678487037,0.0330671267617753,0.3109371825875878,1.2798542258296677
sub-11274,1,alpha,11.3,m,ASD,61.998046875,11,0.2556261982306772,0.2382294455659099,0.1510966456344456,0.2351559376564134,0.0608976874768538,0.372325787277423,1.2798542258296677
sub-11274,1,beta,11.3,m,ASD,61.998046875,11,0.1646362297915368,0.105003873169478,0.1907303374331318,0.0462672631956295,0.0172874417922365,0.1941021488933644,1.5571130980526455
sub-11274,1,gamma,11.3,m,ASD,61.998046875,11,0.1830201505867911,0.0905834643077309,0.2039599039600842,0.1245709882327874,0.0165785992783647,0.2245373193216026,1.2798542258296677
sub-11274,2,theta,11.3,m,ASD,62.998046875,11,0.2532999454609834,0.1226225472184299,0.1216636970400993,0.2144213359441436,0.0310602845228377,0.3002119281222061,1.4708084763171114
sub-11274,2,alpha,11.3,m,ASD,62.998046875,11,0.2761090227356347,0.2799617596666626,0.1544237318061221,0.1799740372765156,0.0772999678651907,0.4275794897032255,1.2206072645490174
sub-11274,2,beta,11.3,m,ASD,62.998046875,11,0.1671675377391181,0.1146574311763401,0.1405067793023613,0.0833743058679309,0.0191670004533558,0.1909183006220653,1.418483661940657
sub-11274,2,gamma,11.3,m,ASD,62.998046875,11,0.1937089965596515,0.0882778069741087,0.1781138530096981,0.0862459522214677,0.0171002054075294,0.2221893377277752,1.5571130980526455
sub-11274,3,theta,11.3,m,ASD,61.998046875,11,0.299134583592943,0.3280631631116251,0.085142130012927,0.5297776062923262,0.0981350376899077,0.4318858429116984,1.5571130980526455
sub-11274,3,alpha,11.3,m,ASD,61.998046875,11,0.394678400254165,0.3567030402970447,0.1200288499171029,0.4394932268017802,0.1407829853105913,0.6937860411044873,1.504788283676191
sub-11274,3,beta,11.3,m,ASD,61.998046875,11,0.3357728935206457,0.3485832180060965,0.0961082424918094,0.2926557735222651,0.1170447957429936,0.5529172269251499,1.4708084763171112
sub-11274,3,gamma,11.3,m,ASD,61.998046875,11,0.3189446499088585,0.3154865846098295,0.1066456467127912,0.2896861524026518,0.100622758279639,0.4556730370474233,1.3321790402061222
sub-11274,4,theta,11.3,m,ASD,61.998046875,11,0.33425732183728,0.347497629669582,0.1461988495805579,0.2172306712722896,0.1161536270385049,0.5306310010309048,1.2798542258296677
sub-11274,4,alpha,11.3,m,ASD,61.998046875,11,0.3058153125471592,0.3714315443009997,0.1640623679026009,0.1520716440721801,0.1135894538106556,0.5972306887203312,1.1682824501725624
sub-11274,4,beta,11.3,m,ASD,61.998046875,11,0.2692147625410964,0.4368901628602176,0.1434471886686261,0.1613419663397542,0.1176172814513912,0.5613431113404871,1.0888999753412236
sub-11274,4,gamma,11.3,m,ASD,61.998046875,11,0.2287975539773333,0.3919201157735371,0.1873596307659945,0.1195454690113843,0.0896703638438905,0.4144326029375218,0.9502705392302346
sub-11274,5,theta,11.3,m,ASD,62.998046875,11,0.2507074635921361,0.1895070905034235,0.1494498922403735,0.2507915822557455,0.0475108419930282,0.3691531138659355,1.1682824501725628
sub-11274,5,alpha,11.3,m,ASD,62.998046875,11,0.2467149543575863,0.207635288171909,0.1438222260602371,0.2749946286117177,0.0512267306445644,0.3657270074451948,1.313834033188747
sub-11274,5,beta,11.3,m,ASD,62.998046875,11,0.166913037681107,0.152528688315791,0.1523793586590935,0.1280838813495281,0.0254590267004559,0.2184824551677527,1.3321790402061224
sub-11274,5,gamma,11.3,m,ASD,62.998046875,11,0.1836336064325089,0.1152624170057032,0.1680827894573874,0.1756411895860573,0.0211660533210003,0.2261400207542137,1.2798542258296677
sub-11274,6,theta,11.3,m,ASD,62.998046875,11,0.2797901264640671,0.2328397855729874,0.1510184313940815,0.1189323190673993,0.0651462730515652,0.4101041366964616,1.4708084763171112
sub-11274,6,alpha,11.3,m,ASD,62.998046875,11,0.2651895385532423,0.3534324725501332,0.1831269224297179,0.1664493188016718,0.0937265943056547,0.4499540896392954,1.4708084763171114
sub-11274,6,beta,11.3,m,ASD,62.998046875,11,0.1744178402829301,0.2269016342925726,0.1600644334765901,0.1599373998915401,0.0395756930102046,0.2582669548825379,1.0296530140615738
sub-11274,6,gamma,11.3,m,ASD,62.998046875,11,0.2099115857674654,0.2267355038536939,0.1849005071684937,0.0560153335410475,0.0475944091639409,0.3149468099183702,0.9502705392302344
sub-11321,2,theta,10.4,m,ASD,62.998046875,11,0.2560638928501811,0.133012233212241,0.1393844180409795,0.2168934947737484,0.0340596302331556,0.3075525784797271,1.4184836619406571
sub-11321,2,alpha,10.4,m,ASD,62.998046875,11,0.2785602321964889,0.0969681680476466,0.1356141209071718,0.1580451529562757,0.0270114754071175,0.3341392855303433,1.5571130980526455
sub-11321,2,beta,10.4,m,ASD,62.998046875,11,0.1810181783417037,0.1151496235307357,0.1502290802126058,0.1212902191521592,0.0208441750883819,0.212673702960387,1.504788283676191
sub-11321,2,gamma,10.4,m,ASD,62.998046875,11,0.2149244691803157,0.0706012641454507,0.1978289202424283,0.0446043425403543,0.0151739392199908,0.2476146875344332,1.4708084763171112
sub-11321,3,theta,10.4,m,ASD,62.998046875,11,0.2446709371190491,0.1117968610052042,0.1366604003942398,0.1501275642493092,0.0273534427492231,0.2968677332197098,1.2798542258296677
sub-11321,3,alpha,10.4,m,ASD,62.998046875,11,0.2466708215264082,0.172350285582372,0.1489660162163716,0.1685341015319076,0.0425137865350871,0.3042277445987582,1.5047882836761906
sub-11321,3,beta,10.4,m,ASD,62.998046875,11,0.1616852816140801,0.1003994544263324,0.1278449618986636,0.1021344705296563,0.0162331140629219,0.1995618335771804,1.504788283676191
sub-11321,3,gamma,10.4,m,ASD,62.998046875,11,0.1975654620235969,0.0877394192191869,0.181901715243187,0.0720046808248482,0.0173342788958084,0.2371437999803461,1.504788283676191
sub-11321,4,theta,10.4,m,ASD,62.998046875,11,0.2362557169358628,0.0722296875108888,0.1210702841165507,0.2140107358865228,0.0170646766070106,0.2677132941071974,1.4708084763171114
sub-11321,4,alpha,10.4,m,ASD,62.998046875,11,0.2552386817986553,0.2104785284586708,0.1447349566426575,0.253979278601491,0.0537222621509223,0.358910941233479,1.3661588475652018
sub-11321,4,beta,10.4,m,ASD,62.998046875,11,0.1496330820712134,0.0586208594723992,0.1171333911562814,0.0587023114139272,0.0087716198765772,0.1607907173170079,1.3661588475652016
sub-11321,4,gamma,10.4,m,ASD,62.998046875,11,0.1810857994797852,0.0441081077651857,0.1704718781004335,0.1117357962322695,0.0079873519582432,0.1948768670484441,1.3138340331887473
sub-11321,5,theta,10.4,m,ASD,62.998046875,11,0.2150419484464974,0.1136604619345849,0.1519978861604434,0.1325435140286588,0.0244417671958557,0.2724828190818457,1.2275294114522133
sub-11321,5,alpha,10.4,m,ASD,62.998046875,11,0.2689732609894549,0.1395088321648481,0.1542840397277817,0.2508466347345749,0.0375241455243492,0.3651477446784995,1.2798542258296677
sub-11321,5,beta,10.4,m,ASD,62.998046875,11,0.1588067210248164,0.1295920110594873,0.1215682119253445,0.1582046944753217,0.0205800823474985,0.202783675263783,1.418483661940657
sub-11321,5,gamma,10.4,m,ASD,62.998046875,11,0.1907532296859085,0.0851918760483326,0.1277515409243837,0.1083984946162643,0.0162506254993062,0.2118934878493835,1.504788283676191
sub-11323,1,theta,10.0,m,ASD,62.998046875,11,0.2447619720692389,0.1054495487765763,0.1147473218373247,0.1773843275243946,0.0258100395124716,0.2851818674297764,1.5571130980526455
sub-11323,1,alpha,10.0,m,ASD,62.998046875,11,0.2409957828760691,0.1199629288129429,0.142347164834115,0.1780630563647505,0.0289105599455012,0.3056321164351924,1.313834033188747
sub-11323,1,beta,10.0,m,ASD,62.998046875,11,0.1758117933262933,0.0990069636770565,0.1573326305186622,0.1072660357491309,0.0174065918359534,0.2034132862118057,1.5571130980526455
sub-11323,1,gamma,10.0,m,ASD,62.998046875,11,0.2289827765889599,0.0939338823578975,0.2268455356733217,0.0715778287249661,0.021509241198186,0.285993853282776,1.1682824501725628
sub-11323,2,theta,10.0,m,ASD,62.998046875,11,0.2633779341094228,0.0837768737229031,0.1203504725840795,0.247875161483651,0.0220649799273679,0.2938309181402741,1.5571130980526453
sub-11323,2,alpha,10.0,m,ASD,62.998046875,11,0.2545546398046711,0.1212256538285638,0.1466903336119143,0.1979576538385702,0.030858552645537,0.297973386105634,1.5571130980526455
sub-11323,2,beta,10.0,m,ASD,62.998046875,11,0.1783893352640074,0.0991012285190766,0.1384194452193013,0.1178189415616186,0.0176786022794636,0.2134717109025621,1.418483661940657
sub-11323,2,gamma,10.0,m,ASD,62.998046875,11,0.2390767297771253,0.1470266872099637,0.200594956263569,0.1139224587917964,0.0351506595682694,0.2994080374190878,1.4708084763171116
sub-11323,3,theta,10.0,m,ASD,62.998046875,11,0.2747300269835789,0.1236300561349582,0.1341708119913462,0.1160622710116203,0.033964888658062,0.3274362349800663,1.2798542258296677
sub-11323,3,alpha,10.0,m,ASD,62.998046875,11,0.2633702300634118,0.0995219344517679,0.1419989781495036,0.1404950013790502,0.0262111147730174,0.3304863561113886,1.1935496040941334
sub-11323,3,beta,10.0,m,ASD,62.998046875,11,0.196248260398634,0.1724573524825444,0.1512199020028582,0.1242839155125305,0.0338444554178258,0.2535147663016972,1.5571130980526455
sub-11323,3,gamma,10.0,m,ASD,62.998046875,11,0.3338807186207534,0.5717195090008058,0.1609991175327812,0.0984388926967794,0.190886120515265,0.8228844703482685,1.1682824501725626
sub-11323,4,theta,10.0,m,ASD,62.998046875,11,0.25524704410854,0.0527342364051926,0.1409705910867811,0.1828441009804869,0.0134602579657991,0.2779564288579798,1.5047882836761906
sub-11323,4,alpha,10.0,m,ASD,62.998046875,11,0.260412133541085,0.1256136590251836,0.1529221964395345,0.0656195557162616,0.032711320948776,0.3395208786137488,1.2798542258296677
sub-11323,4,beta,10.0,m,ASD,62.998046875,11,0.1812818741798436,0.1312443226842662,0.1397986503567094,0.0608596938192091,0.0237922167917991,0.2300983608956964,1.4708084763171114
sub-11323,4,gamma,10.0,m,ASD,62.998046875,11,0.2779011693652033,0.2019144275512467,0.1845678057571544,0.0868525193229542,0.056112255528399,0.400206783144418,1.2275294114522128
sub-11323,5,theta,10.0,m,ASD,61.998046875,11,0.2658787375531685,0.0638721896471722,0.1317257855669613,0.1816468033475292,0.0169822571482105,0.2822015414834959,1.0888999753412243
sub-11323,5,alpha,10.0,m,ASD,61.998046875,11,0.2544097345752533,0.1437574540447297,0.1723266911677578,0.1592932601975843,0.0365732957268776,0.3137571930890102,1.2798542258296677
sub-11323,5,beta,10.0,m,ASD,61.998046875,11,0.1647668278780793,0.0773070963706231,0.1353052411413732,0.0754593520956455,0.0127376450415298,0.1836613710547378,1.3321790402061222
sub-11323,5,gamma,10.0,m,ASD,61.998046875,11,0.2384530368691429,0.1391652643120073,0.2002890463978698,0.0765111232421767,0.0331843799020342,0.3288657219211583,0.8979457248537801
sub-11323,6,theta,10.0,m,ASD,62.998046875,11,0.2739771626499416,0.0733272338886399,0.1206380816489152,0.1291891372582739,0.0200899874858515,0.314142762340803,1.5047882836761908
sub-11323,6,alpha,10.0,m,ASD,62.998046875,11,0.2522773599424265,0.0870598556235626,0.1247149408023291,0.1220131201479602,0.0219632305337682,0.2862225821205637,1.3138340331887473
sub-11323,6,beta,10.0,m,ASD,62.998046875,11,0.1899860615612915,0.0723540138521444,0.160625559664909,0.1468732798649126,0.0137462541299924,0.2206887972855145,1.4708084763171116
sub-11323,6,gamma,10.0,m,ASD,62.998046875,11,0.2551295741314009,0.0980620451909091,0.190177502138624,0.0702389657457639,0.0250185278281089,0.2972429385452939,1.5571130980526455
sub-11325,1,theta,14.5,f,ASD,62.998046875,11,0.2635642670025863,0.0574496455588877,0.1568916664503206,0.1426494480951031,0.015141673721344,0.2817937841398167,1.5047882836761906
sub-11325,1,alpha,14.5,f,ASD,62.998046875,11,0.2758171935189463,0.0526460922316404,0.138892482210917,0.1473951133854434,0.0145206974091233,0.3009807231852953,1.3592367006600063
sub-11325,1,beta,14.5,f,ASD,62.998046875,11,0.1961778950530676,0.1786038792769367,0.1713302701790094,0.1152040358644278,0.0350381330850402,0.2669091155288203,1.0888999753412238
sub-11325,1,gamma,14.5,f,ASD,62.998046875,11,0.2399669541019845,0.1716327495221005,0.1973074291705906,0.0783352325889571,0.0411861881271389,0.3274989744242065,1.054920167983144
sub-11325,2,theta,14.5,f,ASD,61.998046875,11,0.2786329071565906,0.0907546334825639,0.1252810382369474,0.1224927487633747,0.0252872273652683,0.3309511634023194,1.3592367006600063
sub-11325,2,alpha,14.5,f,ASD,61.998046875,11,0.2570219662527996,0.0607831804313639,0.1196076037440304,0.1956554365793179,0.0156226125496286,0.2948537241707215,1.279854225829667
sub-11325,2,beta,14.5,f,ASD,61.998046875,11,0.1826500350078104,0.0571962947000195,0.1693435128980565,0.0764128853614579,0.0104469052293328,0.207390401757133,1.168282450172563
sub-11325,2,gamma,14.5,f,ASD,61.998046875,11,0.195157115762714,0.064709639948926,0.2179744101843983,0.0695680660280725,0.0126285466945408,0.2167756574531663,1.5571130980526455
sub-11325,3,theta,14.5,f,ASD,125.998046875,24,0.2601708482450887,0.0773010322015676,0.1234651299963484,0.2058689731268421,0.02011147511818,0.2891180506237275,2.005068355586926
sub-11325,3,alpha,14.5,f,ASD,125.998046875,24,0.2590000552668771,0.1234225094908708,0.1187481503946588,0.1408632364996501,0.0319664367794356,0.337455725750691,1.7609640549990342
sub-11325,3,beta,14.5,f,ASD,125.998046875,24,0.1676196242158473,0.1103921834481874,0.1150206157041312,0.1409883963447965,0.0185038963060624,0.2097520838117094,1.9565588879099245
sub-11325,3,gamma,14.5,f,ASD,125.998046875,24,0.1982842918749931,0.1051035023164805,0.1759858025076771,0.1314198435413615,0.0208403735305101,0.2440932986837246,1.8347505070858416
sub-11325,4,theta,14.5,f,ASD,62.998046875,11,0.2645261451297005,0.0953647070733437,0.1366657142606773,0.1483085031930454,0.02522645834363,0.3192658934916315,1.2206072645490171
sub-11325,4,alpha,14.5,f,ASD,62.998046875,11,0.2479013726836043,0.10277576166342,0.1193342870186571,0.1672965468488473,0.0254782523950675,0.2949263728443109,1.418483661940657
sub-11325,4,beta,14.5,f,ASD,62.998046875,11,0.1777350625877101,0.0888609631972784,0.1460955528359619,0.1350663380784074,0.0157937088555613,0.2020289204739255,1.5571130980526453
sub-11325,4,gamma,14.5,f,ASD,62.998046875,11,0.210614234724367,0.1075490339868043,0.2018981807602128,0.1234352975488374,0.0226513574885832,0.2677845709371131,1.1935496040941331
sub-11325,5,theta,14.5,f,ASD,61.998046875,11,0.244311554634389,0.1201805829963935,0.1164991943514293,0.2493531780549166,0.0293615050688363,0.3068205988595111,1.470808476317111
sub-11325,5,alpha,14.5,f,ASD,61.998046875,11,0.2452463285913596,0.0963893398100078,0.1092697229468644,0.1206489300061148,0.0236391317038458,0.2777342257955889,1.054920167983144
sub-11325,5,beta,14.5,f,ASD,61.998046875,11,0.1808491835524698,0.0927098892097214,0.1128679127158677,0.1134066603449677,0.0167665077709107,0.2113704593146493,1.5571130980526455
sub-11325,5,gamma,14.5,f,ASD,61.998046875,11,0.1895210870900617,0.1147690708307959,0.159504241765764,0.0782519573426247,0.0217511590682835,0.2298881552251944,1.3321790402061222
sub-11325,6,theta,14.5,f,ASD,62.998046875,11,0.2837010917855521,0.0682262657108016,0.1529054560427507,0.1465505893655858,0.0193558660706738,0.3132710210497155,1.5571130980526453
sub-11325,6,alpha,14.5,f,ASD,62.998046875,11,0.2683607029455706,0.1067260339212785,0.141313199143796,0.2238095368138777,0.0286410734858138,0.330767361933042,1.2798542258296672
sub-11325,6,beta,14.5,f,ASD,62.998046875,11,0.198525517375932,0.1229432311723596,0.1752657224295866,0.1133417127777017,0.0244073685764844,0.2447193699321494,1.2798542258296677
sub-11325,6,gamma,14.5,f,ASD,62.998046875,11,0.2546787054241659,0.1426710135576639,0.2211984220668561,0.1585415402466902,0.0363352690345621,0.3133644613662019,1.5571130980526455
sub-11335,1,theta,10.7,m,ASD,61.998046875,11,0.2817866848510678,0.1566445687133082,0.1444701631062036,0.1987730504219564,0.044140353717805,0.3587907183160485,1.3661588475652018
sub-11335,1,alpha,10.7,m,ASD,61.998046875,11,0.242002643636958,0.1212456785304546,0.1332440723305112,0.0937851063046089,0.029341774734048,0.3149183626395123,1.193549604094133
sub-11335,1,beta,10.7,m,ASD,61.998046875,11,0.1503034747573391,0.0944653240836173,0.1317555972431989,0.0466237352293979,0.0141984664539403,0.1650097604502548,1.054920167983144
sub-11335,1,gamma,10.7,m,ASD,61.998046875,11,0.197157401834194,0.0804693296170896,0.1791786818145891,0.0844623623422135,0.0158651239547252,0.2270045996680675,1.1682824501725626
sub-11335,2,theta,10.7,m,ASD,62.998046875,11,0.2903082962306002,0.0982663366001796,0.127457744826323,0.074791284402702,0.028527532755319,0.3375588892348799,1.5047882836761906
sub-11335,2,alpha,10.7,m,ASD,62.998046875,11,0.2691934893708962,0.1468120861338381,0.1503908358888248,0.1586349626843909,0.0395208577483352,0.3362179048421274,1.504788283676191
sub-11335,2,beta,10.7,m,ASD,62.998046875,11,0.1649992955036931,0.0477973491450312,0.1615576647540942,0.0450056477805388,0.007886528935922,0.1755192206593376,1.3661588475652024
sub-11335,2,gamma,10.7,m,ASD,62.998046875,11,0.2144481989600639,0.0704753480439154,0.2066410844003633,0.0863800830118224,0.0151133114591718,0.2467721328530214,1.359236700660006
sub-11335,3,theta,10.7,m,ASD,61.998046875,11,0.2998321736201941,0.1204611014836759,0.1398809533113486,0.2001005935608471,0.0361181138946538,0.3526354703131963,1.5571130980526455
sub-11335,3,alpha,10.7,m,ASD,61.998046875,11,0.2424144927835298,0.0782322710689518,0.1491960861129156,0.1461829326416321,0.0189646363105618,0.2806826997256431,1.5047882836761908
sub-11335,3,beta,10.7,m,ASD,61.998046875,11,0.1670408089442032,0.0907394137476352,0.153770303362432,0.0803779678555081,0.0151571850756184,0.1933937364522219,1.4708084763171108
sub-11335,3,gamma,10.7,m,ASD,61.998046875,11,0.2102153937329786,0.054337558209858,0.172978908219269,0.095933480397558,0.0114225911936282,0.2317631792631213,1.0888999753412234
sub-11335,4,theta,10.7,m,ASD,62.998046875,11,0.2900289123767307,0.2743138844330358,0.1491481776406923,0.1541862973390853,0.0795589575522238,0.5198565529384896,0.8018185525403376
sub-11335,4,alpha,10.7,m,ASD,62.998046875,11,0.2675039441658924,0.1744265834536766,0.1445999782463488,0.1032105733443286,0.0466597990414141,0.3807817771545565,1.1682824501725626
sub-11335,4,beta,10.7,m,ASD,62.998046875,11,0.1725379866823226,0.1653759073332825,0.1429573516728683,0.0759207787287779,0.0285336260972123,0.2510147792086721,0.9433483923260392
sub-11335,4,gamma,10.7,m,ASD,62.998046875,11,0.2085218176090565,0.1141000598992907,0.1914434892637395,0.0344215945693935,0.0237923518796164,0.2478032964215256,1.366158847565202
sub-11335,5,theta,10.7,m,ASD,62.998046875,11,0.4281490000461838,0.658071222799973,0.132607991986336,0.3889261998154949,0.2817525360016359,1.228541183381106,0.8018185525403372
sub-11335,5,alpha,10.7,m,ASD,62.998046875,11,0.3311646684403857,0.3675184955608417,0.1563114584713202,0.1234712464411861,0.121709140728483,0.5979335953093852,1.1682824501725624
sub-11335,5,beta,10.7,m,ASD,62.998046875,11,0.2605489911008019,0.5976245611577117,0.1595730972958637,0.0975406704290385,0.1557104764672988,0.6138575865297626,0.9404479886513262
sub-11335,5,gamma,10.7,m,ASD,62.998046875,11,0.2387780331330023,0.1432111377411266,0.2152784398322496,0.0785062178556419,0.0341956737927089,0.3134275751727214,1.4184836619406564
sub-11386,1,theta,12.4,f,ASD,62.998046875,11,0.217542916499141,0.1238483217041645,0.1326654234335499,0.2197767299352495,0.0269423251071716,0.2845417688021482,1.1935496040941331
sub-11386,1,alpha,12.4,f,ASD,62.998046875,11,0.2202466603294607,0.1404957390872982,0.1490270638756789,0.2256843848890832,0.0309437173246372,0.2966590828247781,1.0888999753412236
sub-11386,1,beta,12.4,f,ASD,62.998046875,11,0.1505911020990897,0.1568686966975917,0.1180571025392681,0.1269179018376951,0.023623029920695,0.1997606278008438,1.2206072645490174
sub-11386,1,gamma,12.4,f,ASD,62.998046875,11,0.1755535919902289,0.0865020302915745,0.1830567802870582,0.0764788809317362,0.01518574213222,0.2180872243107558,0.9433483923260392
sub-11386,2,theta,12.4,f,ASD,61.998046875,11,0.2208525588104465,0.1206874406944279,0.1567759731611622,0.1707786413779543,0.0266541300937691,0.262139498908687,1.2206072645490176
sub-11386,2,alpha,12.4,f,ASD,61.998046875,11,0.2078360524475317,0.1683145607419881,0.1623164106914049,0.2093734464190033,0.0349818338742234,0.2685443142095263,1.5571130980526455
sub-11386,2,beta,12.4,f,ASD,61.998046875,11,0.1434004189260261,0.0830373131300249,0.1407456895442546,0.0701908287413378,0.0119075854894202,0.164326011583113,1.4708084763171114
sub-11386,2,gamma,12.4,f,ASD,61.998046875,11,0.1901557234508109,0.0854185203438566,0.2027747994302786,0.0664395528443494,0.0162428205321692,0.2243987565451266,1.2206072645490167
sub-11386,3,theta,12.4,f,ASD,61.998046875,11,0.2008406299047526,0.0932663501269434,0.1358976464171241,0.1329265644217434,0.0187316725085057,0.2369613161883861,1.5571130980526455
sub-11386,3,alpha,12.4,f,ASD,61.998046875,11,0.2546863184311004,0.1894421671647168,0.1515856956639958,0.1970454213526754,0.0482483281109802,0.3505033682864643,1.5047882836761908
sub-11386,3,beta,12.4,f,ASD,61.998046875,11,0.1369266498808129,0.0974208411409704,0.1274027328995126,0.1414969719811393,0.0133395094061013,0.1569026499944562,1.4184836619406562
sub-11386,3,gamma,12.4,f,ASD,61.998046875,11,0.1791911437460537,0.0832543649546866,0.1975895170108747,0.0448967021459901,0.0149184448781649,0.213426525697529,1.1682824501725628
sub-11386,4,theta,12.4,f,ASD,62.998046875,11,0.2113864706748634,0.1010286461836812,0.1389228450014819,0.1057632072882746,0.0213560889539289,0.2422548481861524,1.5047882836761908
sub-11386,4,alpha,12.4,f,ASD,62.998046875,11,0.2111609688229125,0.1352126078928355,0.1568388865312689,0.1369142586303236,0.0285516252798589,0.250971783987186,1.4708084763171112
sub-11386,4,beta,12.4,f,ASD,62.998046875,11,0.1576082321250693,0.0967049117855299,0.1384372552221534,0.0948525752462175,0.0152414901844248,0.1895739670335142,1.359236700660006
sub-11386,4,gamma,12.4,f,ASD,62.998046875,11,0.1917468594004809,0.082281391183861,0.2197224546155386,0.0823382440181287,0.01577719834669,0.2161449330093305,1.504788283676191
sub-11386,5,theta,12.4,f,ASD,62.998046875,11,0.2138992864488043,0.0793020186416448,0.1659881764261382,0.1398313866045823,0.0169626452014769,0.2476033294809958,1.2798542258296677
sub-11386,5,alpha,12.4,f,ASD,62.998046875,11,0.2184744545855723,0.1179200556933519,0.1495094842685682,0.1456464571819356,0.0257625198524232,0.2524458968844162,1.2798542258296677
sub-11386,5,beta,12.4,f,ASD,62.998046875,11,0.1538090541430046,0.125754605868564,0.1488429289689527,0.0869243978027139,0.0193421969828959,0.1830548122264022,1.504788283676191
sub-11386,5,gamma,12.4,f,ASD,62.998046875,11,0.2036245972923603,0.1685265117695318,0.2181837732472264,0.0633234371408029,0.0343161430923256,0.2704895377689695,0.9502705392302346
sub-11386,6,theta,12.4,f,ASD,62.998046875,11,0.20687600141126,0.0677297558098085,0.1668441634484251,0.1051535332055447,0.0140116610585619,0.2406027104480543,1.2206072645490174
sub-11386,6,alpha,12.4,f,ASD,62.998046875,11,0.2200898066482443,0.2061018363361565,0.1587322510964037,0.2159945912395606,0.0453609133092789,0.2983002805192379,1.5047882836761908
sub-11386,6,beta,12.4,f,ASD,62.998046875,11,0.1476783430816542,0.047261285631817,0.1474077618708728,0.0761236471304509,0.0069794683540627,0.1602671434475573,1.2206072645490171
sub-11386,6,gamma,12.4,f,ASD,62.998046875,11,0.2008239684723072,0.1026718719918781,0.2619190496079551,0.0549060016696508,0.0206189727839923,0.2370543242568731,1.5571130980526455
sub-11391,1,theta,12.8,f,ASD,62.998046875,11,0.2737558583932475,0.3507861965692379,0.1437002388486733,0.1916904509515172,0.0960297763546649,0.5549130745209035,0.3250829733894483
sub-11391,1,alpha,12.8,f,ASD,62.998046875,11,0.2696128166805922,0.2571400189968991,0.1470313841435801,0.0955814744663764,0.0693282448033121,0.4477220662567532,1.1682824501725628
sub-11391,1,beta,12.8,f,ASD,62.998046875,11,0.2082000584876069,0.1174179504152776,0.2309021389288349,0.0273877459423108,0.0244464241440731,0.2785227845728064,0.8018185525403375
sub-11391,1,gamma,12.8,f,ASD,62.998046875,11,0.2390900021334406,0.1112456538897811,0.2609930514619164,0.0451308570040191,0.026597723625955,0.3159089319639261,0.6390318596471769
sub-11391,2,theta,12.8,f,ASD,62.998046875,11,0.2253246334644315,0.1671161666410955,0.1488806578380773,0.1823622751958937,0.0376553889945528,0.3042702598306555,1.4708084763171114
sub-11391,2,alpha,12.8,f,ASD,62.998046875,11,0.2634815214400751,0.1399673142404813,0.1411417416672959,0.1224655342204189,0.036878800908103,0.3296784826219981,1.5571130980526455
sub-11391,2,beta,12.8,f,ASD,62.998046875,11,0.2122771069674379,0.073188159195962,0.228880849540237,0.040616861234874,0.0155361706984643,0.2426016719778312,1.5571130980526455
sub-11391,2,gamma,12.8,f,ASD,62.998046875,11,0.2340073465790332,0.0541829810364678,0.2374143733459037,0.0325080053763524,0.01267921562214,0.2574318086801516,1.4708084763171116
sub-11391,3,theta,12.8,f,ASD,62.998046875,11,0.2633534982202449,0.1107855921289199,0.11581240193188,0.1919158815189885,0.029175773239663,0.3163381715706167,1.5047882836761906
sub-11391,3,alpha,12.8,f,ASD,62.998046875,11,0.2497759644942498,0.0884052219677626,0.1375703240711989,0.1866802437920183,0.0220814995834145,0.2843196639912959,1.2206072645490176
sub-11391,3,beta,12.8,f,ASD,62.998046875,11,0.2028117428482012,0.1003068537860837,0.2429350352602514,0.0490658613156837,0.0203434078360756,0.2463927344255885,1.2206072645490174
sub-11391,3,gamma,12.8,f,ASD,62.998046875,11,0.2386847121740625,0.166490313073875,0.265660567871754,0.0465880956116321,0.0397386924559739,0.3340381592564664,0.9404479886513264
sub-11391,4,theta,12.8,f,ASD,62.998046875,11,0.2589220464806212,0.1190841509311107,0.1273408012763946,0.1897965316796377,0.0308335120626094,0.316523140766585,1.5047882836761912
sub-11391,4,alpha,12.8,f,ASD,62.998046875,11,0.2485245377046709,0.2512553201289388,0.1402453124941333,0.073122184468866,0.0624431122811348,0.367807138750835,1.2798542258296677
sub-11391,4,beta,12.8,f,ASD,62.998046875,11,0.1896776904872926,0.0789110291339409,0.2288478404529044,0.0456301046700777,0.0149676617601802,0.2167401421509062,1.5571130980526455
sub-11391,4,gamma,12.8,f,ASD,62.998046875,11,0.2294193024886675,0.0653985997519121,0.2530472853308303,0.0298308061043097,0.0150037011388846,0.257077281771442,1.366158847565202
sub-11391,5,theta,12.8,f,ASD,62.998046875,11,0.2661880805155714,0.0781755777854731,0.1170040761208242,0.1090459444654184,0.020809406993989,0.291303121975644,1.332179040206122
sub-11391,5,alpha,12.8,f,ASD,62.998046875,11,0.2371312038502176,0.1124636929614731,0.1303377746347829,0.1741836920262106,0.0266686509015078,0.2679964284681824,1.2206072645490174
sub-11391,5,beta,12.8,f,ASD,62.998046875,11,0.1838403325852935,0.1016472385472532,0.2301340278315763,0.0408500257739658,0.0186868621410053,0.2118727741179384,1.5047882836761906
sub-11391,5,gamma,12.8,f,ASD,62.998046875,11,0.2171342772598913,0.0369343811410504,0.2485114230966452,0.0306195244109811,0.0080197201551402,0.2255512934521764,1.1682824501725635
sub-11391,6,theta,12.8,f,ASD,62.998046875,11,0.2655386303489438,0.1231395647310834,0.1198342112534226,0.1496052319043115,0.0326983113605801,0.3313664832088966,1.3592367006600063
sub-11391,6,alpha,12.8,f,ASD,62.998046875,11,0.2528947113359027,0.1237970364008822,0.1313534643492801,0.1052673985808897,0.0313076157849651,0.3249866904575674,1.0888999753412236
sub-11391,6,beta,12.8,f,ASD,62.998046875,11,0.1925911961757274,0.0926167787184893,0.2153376307926284,0.0708152303262733,0.0178371761994291,0.2311796520325895,1.3592367006600068
sub-11391,6,gamma,12.8,f,ASD,62.998046875,11,0.2099995866678085,0.0553785374131627,0.2595104292248452,0.0339551603486552,0.0116294699670873,0.2396118051843574,1.2798542258296677
sub-11405,1,theta,9.0,m,ASD,62.998046875,11,0.2271646767378885,0.1156356738528041,0.1602128155934318,0.1669851245529338,0.0262683404702557,0.265116739940043,1.5571130980526455
sub-11405,1,alpha,9.0,m,ASD,62.998046875,11,0.2460357443072589,0.1761230367178949,0.19016754796955,0.1652851049689179,0.043332562428718,0.3240454141118599,1.2206072645490174
sub-11405,1,beta,9.0,m,ASD,62.998046875,11,0.1908212328222992,0.0527976836844632,0.1835979143507619,0.0637398120621344,0.0100749190908838,0.212138222089441,1.4708084763171108
sub-11405,1,gamma,9.0,m,ASD,62.998046875,11,0.242331173154303,0.0792988684483983,0.2053049231982151,0.0831841053305537,0.0192165878209884,0.2843616079476584,1.0888999753412238
sub-11405,2,theta,9.0,m,ASD,62.998046875,11,0.2884668186119752,0.1960097043853237,0.1684913999537256,0.182340427027799,0.056542295841304,0.3843683417233473,1.504788283676191
sub-11405,2,alpha,9.0,m,ASD,62.998046875,11,0.2844468610306072,0.3571509248254927,0.219974330862835,0.1187478753537781,0.1015904594811469,0.5530053238691839,1.2206072645490174
sub-11405,2,beta,9.0,m,ASD,62.998046875,11,0.2332643895594,0.1474230339916482,0.1999700265626906,0.1314275481648775,0.0343885440312039,0.3015270920927891,1.3321790402061222
sub-11405,2,gamma,9.0,m,ASD,62.998046875,11,0.2819226591940992,0.1951356476989738,0.2465305689047239,0.1783139489441867,0.0550131607030527,0.401971933557856,1.418483661940657
sub-11423,1,theta,10.6,f,ASD,62.998046875,11,0.2273514873486789,0.0846999862808311,0.1431522598385396,0.1655849382543425,0.0192566678594443,0.2534518921445627,1.5571130980526455
sub-11423,1,alpha,10.6,f,ASD,62.998046875,11,0.2470964822186367,0.1935670872673426,0.1474189575252976,0.1204319657535971,0.0478297463372617,0.345688145587824,1.2798542258296677
sub-11423,1,beta,10.6,f,ASD,62.998046875,11,0.1615901305689872,0.0660802511301052,0.1364011477436119,0.0763900475577621,0.0106779164082112,0.1767145229464464,1.3661588475652018
sub-11423,1,gamma,10.6,f,ASD,62.998046875,11,0.1870508752160611,0.0940696437704552,0.1519110249233599,0.0700252805694509,0.0175958091986208,0.227982583159238,1.2798542258296677
sub-11423,2,theta,10.6,f,ASD,61.998046875,11,0.2455515572089079,0.0720564619359651,0.1312943852811614,0.1698540956443381,0.0176935764354126,0.2646189755269884,1.2798542258296677
sub-11423,2,alpha,10.6,f,ASD,61.998046875,11,0.2248528816853968,0.1508166564113195,0.160828910199546,0.1435266517474493,0.0339115598003923,0.2790918130297265,1.6094379124291005
sub-11423,2,beta,10.6,f,ASD,61.998046875,11,0.1694570740560734,0.1106323087243694,0.1713409400003256,0.1102734386127069,0.0187474273326104,0.2018367433514087,1.5571130980526455
sub-11423,2,gamma,10.6,f,ASD,61.998046875,11,0.1893997382741296,0.0471308259484545,0.1597329174806953,0.080341010176282,0.0089265660993279,0.206731461920725,1.418483661940657
sub-11423,3,theta,10.6,f,ASD,62.998046875,11,0.224754966910684,0.11728158880429,0.1586287332895667,0.1204864749686831,0.0263596196110579,0.2815103239279101,1.504788283676191
sub-11423,3,alpha,10.6,f,ASD,62.998046875,11,0.2479352805863372,0.1463970785534428,0.153894817614129,0.2101427982255879,0.0362970007483142,0.3357116889546205,1.313834033188747
sub-11423,3,beta,10.6,f,ASD,62.998046875,11,0.1716676576500352,0.06551436390792,0.1304725619374812,0.0864017446727112,0.0112466973945701,0.1855490962187009,1.279854225829667
sub-11423,3,gamma,10.6,f,ASD,62.998046875,11,0.1916608121965977,0.078046304269396,0.1718205615122444,0.0366168879637433,0.0149584180652932,0.209659487801105,1.5571130980526455
sub-11423,4,theta,10.6,f,ASD,62.998046875,11,0.2363564464714838,0.0665197005976026,0.1250652027301979,0.3103108887269739,0.0157223600536629,0.2634514765076582,1.5571130980526453
sub-11423,4,alpha,10.6,f,ASD,62.998046875,11,0.2247638198377367,0.244947771089344,0.1347109823913765,0.1656984664663174,0.0550553966910254,0.3410627916660709,1.0888999753412234
sub-11423,4,beta,10.6,f,ASD,62.998046875,11,0.1815781135540811,0.12205402882449,0.1699668172175583,0.0709789837688493,0.0221623403057484,0.2208926624716355,1.2798542258296677
sub-11423,4,gamma,10.6,f,ASD,62.998046875,11,0.2101291947155235,0.0582142253373995,0.1899260235500476,0.0571280693135069,0.012232508291194,0.2338359611775005,1.4708084763171114
sub-11423,5,theta,10.6,f,ASD,61.998046875,11,0.2673386578146031,0.1129862766765956,0.126724088625923,0.1814867827421746,0.0302055995583034,0.3264088998082668,1.504788283676191
sub-11423,5,alpha,10.6,f,ASD,61.998046875,11,0.2338833264215997,0.1715023327371642,0.1648987913017075,0.259607544642041,0.0401115360698034,0.306730747591733,1.5571130980526455
sub-11423,5,beta,10.6,f,ASD,61.998046875,11,0.1717190935073355,0.0890751278454538,0.1428280832704181,0.0891162282087182,0.0152959002077604,0.2038745369867258,1.2798542258296672
sub-11423,5,gamma,10.6,f,ASD,61.998046875,11,0.1936802928530712,0.0659722262371773,0.1528395933525486,0.0898800562892671,0.0127775200978515,0.2159355997952962,1.4708084763171114
sub-11423,6,theta,10.6,f,ASD,62.998046875,11,0.267838795455681,0.1034192748547197,0.1300924415977941,0.1462616951057957,0.0276996940040915,0.3184741565374144,1.3661588475652018
sub-11423,6,alpha,10.6,f,ASD,62.998046875,11,0.2155668742304553,0.1658513763707321,0.1701082813308732,0.1659600683166203,0.0357520627912233,0.2902779678307665,1.4708084763171112
sub-11423,6,beta,10.6,f,ASD,62.998046875,11,0.1735813633855769,0.0522881112008742,0.139111954224682,0.1359851833595844,0.0090762416311566,0.1895913353282285,1.5047882836761912
sub-11423,6,gamma,10.6,f,ASD,62.998046875,11,0.2113103422989646,0.0594018580645849,0.145082978650117,0.087830538897904,0.0125522269608813,0.2456539941746823,0.9433483923260392
sub-11453,1,theta,10.1,m,ASD,62.998046875,11,0.2671660582557295,0.1538723608892525,0.101140722203444,0.22849515748857,0.0411094721334385,0.3378296322667651,1.5571130980526453
sub-11453,1,alpha,10.1,m,ASD,62.998046875,11,0.2965787232385127,0.1905650523121909,0.1565086357961139,0.1840429629911648,0.0565175399088205,0.3836871925807883,1.2798542258296677
sub-11453,1,beta,10.1,m,ASD,62.998046875,11,0.248256396283771,0.1843798620628944,0.2749161471436193,0.0363526857043626,0.0457734801032173,0.3314992945345155,1.1682824501725628
sub-11453,1,gamma,10.1,m,ASD,62.998046875,11,0.2597173322196643,0.2676529641338093,0.3292928560125243,0.0980084172910463,0.069514113805786,0.4311238596917936,1.2798542258296677
sub-11453,2,theta,10.1,m,ASD,62.998046875,11,0.2322641553697946,0.1072322685322739,0.119730908813019,0.1801634335279438,0.0249062122791428,0.2885186160205416,1.3138340331887473
sub-11453,2,alpha,10.1,m,ASD,62.998046875,11,0.2665879641039707,0.2225020586192697,0.1743530223138273,0.1568410251139506,0.0593163708164759,0.3843643071005133,1.4708084763171114
sub-11453,2,beta,10.1,m,ASD,62.998046875,11,0.2268101915393706,0.0571064919898437,0.2344345484303319,0.041376760319151,0.012952334386415,0.2427899608294945,1.2798542258296677
sub-11453,2,gamma,10.1,m,ASD,62.998046875,11,0.2346840574738303,0.1004557066102027,0.297717587200276,0.0433082582488359,0.0235753528237835,0.2722278873120467,1.5571130980526453
sub-11453,3,theta,10.1,m,ASD,61.998046875,11,0.2610404324094309,0.0926669105919018,0.1338286949193814,0.1820974972648106,0.0241898104110487,0.2943484507124299,1.504788283676191
sub-11453,3,alpha,10.1,m,ASD,61.998046875,11,0.2417879044384257,0.1630923903355347,0.1677749972733546,0.1356353378549754,0.0394337672892458,0.3249911857097791,1.4184836619406562
sub-11453,3,beta,10.1,m,ASD,61.998046875,11,0.2355596732926233,0.1248724937285074,0.248395003141464,0.0684604796945925,0.0294149238260472,0.2890455072279453,1.504788283676191
sub-11453,3,gamma,10.1,m,ASD,61.998046875,11,0.2484455534160953,0.1854609720812634,0.3258011778669243,0.0934281993022598,0.0460769538460019,0.3679128065728722,1.0888999753412234
sub-11453,4,theta,10.1,m,ASD,62.998046875,11,0.2521710195228475,0.1210797114289034,0.1270256039258016,0.218347752245872,0.0305327942746798,0.3056757404501088,1.3138340331887473
sub-11453,4,alpha,10.1,m,ASD,62.998046875,11,0.2647971966072132,0.221204621215733,0.1799029482801525,0.0915578757758472,0.0585743635747077,0.3892769029312994,1.4708084763171114
sub-11453,4,beta,10.1,m,ASD,62.998046875,11,0.2706777885270104,0.1864385604586809,0.216588508730348,0.084564000319412,0.0504647772413015,0.3777437310663819,1.3592367006600068
sub-11453,4,gamma,10.1,m,ASD,62.998046875,11,0.3028508718649769,0.2129416426030973,0.2948122393625741,0.0587017476454709,0.0644895621189212,0.4445539480014329,1.2798542258296677
sub-11453,5,theta,10.1,m,ASD,61.998046875,11,0.2358686603235706,0.1226169727436479,0.1350280907444176,0.2476260395459785,0.0289215010940986,0.2923097535825905,1.5047882836761912
sub-11453,5,alpha,10.1,m,ASD,61.998046875,11,0.2135494736832814,0.121464526165076,0.2094338636378235,0.1224076986647548,0.0259386856338626,0.2720094312401138,1.3592367006600066
sub-11453,5,beta,10.1,m,ASD,61.998046875,11,0.2403889552106068,0.0764812761918673,0.238344808045655,0.0419619800224131,0.0183852540770133,0.277849309324452,1.4708084763171114
sub-11453,5,gamma,10.1,m,ASD,61.998046875,11,0.2770671101652455,0.1233521609696564,0.2877563867071731,0.0548188467267072,0.0341768267726242,0.3764522394914728,0.6390318596471769
sub-11453,6,theta,10.1,m,ASD,62.998046875,11,0.2657353790710461,0.062798344108289,0.1227652252198698,0.2157649198962521,0.0166877417767129,0.2878754057107888,1.5047882836761914
sub-11453,6,alpha,10.1,m,ASD,62.998046875,11,0.2735346329936378,0.2157520568452402,0.1824452958958325,0.1050595542205667,0.059015659687001,0.366346534155843,1.5571130980526455
sub-11453,6,beta,10.1,m,ASD,62.998046875,11,0.2176370766313092,0.0417941288479965,0.2286373413851103,0.0421688789987283,0.009095952022872,0.2354467954660299,1.5047882836761914
sub-11453,6,gamma,10.1,m,ASD,62.998046875,11,0.2499947994325065,0.1141604357446481,0.2939960794124169,0.0511385090528273,0.028539515237225,0.3217186135957817,1.1935496040941334
sub-11497,1,theta,10.7,m,ASD,62.998046875,11,0.2702537006500445,0.1587203812286381,0.126112959125798,0.2943009558299962,0.042894770395784,0.3509691632267248,1.4708084763171116
sub-11497,1,alpha,10.7,m,ASD,62.998046875,11,0.20671212805185,0.0754897706067111,0.1772509240043901,0.1799963676115628,0.0156046511283347,0.2392935779430746,1.2206072645490171
sub-11497,1,beta,10.7,m,ASD,62.998046875,11,0.1754083848704815,0.0700166212442327,0.187851242816623,0.0310840324879937,0.0122815024466091,0.199670494932048,1.4708084763171114
sub-11497,1,gamma,10.7,m,ASD,62.998046875,11,0.2216036024774576,0.0496790815824089,0.240436043833774,0.0409652716553611,0.011009063446483,0.2429728219856851,1.504788283676191
sub-11497,2,theta,10.7,m,ASD,62.998046875,11,0.2685870138885877,0.1748362896388105,0.1439840368954628,0.234007407645593,0.0469587569536231,0.3368086914655088,1.2798542258296677
sub-11497,2,alpha,10.7,m,ASD,62.998046875,11,0.2261553106996931,0.1790248777091075,0.183109826611003,0.1159418817473446,0.0404874268414567,0.3127358811480547,1.504788283676191
sub-11497,2,beta,10.7,m,ASD,62.998046875,11,0.1788451843362674,0.1026698831558862,0.1667376488490986,0.0749032353725691,0.0183620141789001,0.2299981283758981,0.8018185525403367
sub-11497,2,gamma,10.7,m,ASD,62.998046875,11,0.2321582277335779,0.1917029031059757,0.2140879850657032,0.0860925004864893,0.0445054062366568,0.3525052614023939,1.0888999753412234
sub-11497,3,theta,10.7,m,ASD,62.998046875,11,0.2366275292787274,0.0606562234600337,0.1297647551868701,0.1914938470146082,0.0143529322927868,0.2541272688589764,1.1682824501725626
sub-11497,3,alpha,10.7,m,ASD,62.998046875,11,0.207201189193391,0.099006875222532,0.1771449806690085,0.1821966354263283,0.0205143422845293,0.2390511172919966,1.5047882836761914
sub-11497,3,beta,10.7,m,ASD,62.998046875,11,0.1726261472937141,0.0524769726216436,0.1857569987463098,0.0722417756427244,0.0090588976053645,0.1893813429207599,1.5047882836761914
sub-11497,3,gamma,10.7,m,ASD,62.998046875,11,0.2142321589975639,0.0655814220738246,0.2395861225349024,0.0969301516139059,0.0140496496410715,0.2358121040691255,1.5571130980526455
sub-11497,4,theta,10.7,m,ASD,61.998046875,11,0.2635902712042766,0.1634912362875049,0.1312558600131664,0.159652134787858,0.0430946993127093,0.3679762269752116,1.1935496040941331
sub-11497,4,alpha,10.7,m,ASD,61.998046875,11,0.2455138397295873,0.1031229741026441,0.1582903117268664,0.1459774309019716,0.025318117336378,0.2793874499141495,1.5571130980526455
sub-11497,4,beta,10.7,m,ASD,61.998046875,11,0.1850793654759025,0.0878690573451406,0.19363944319727,0.1026347409853952,0.0162627493784921,0.2220550177786994,1.4708084763171112
sub-11497,4,gamma,10.7,m,ASD,61.998046875,11,0.2522026291637415,0.1696658355555104,0.221023565269721,0.0816853384329315,0.0427901698065323,0.3456139742475699,1.0888999753412238
sub-11497,5,theta,10.7,m,ASD,61.998046875,11,0.2884740842545029,0.121231226845657,0.1401935026169945,0.1639606406512836,0.034972067147472,0.344045796782524,1.2798542258296677
sub-11497,5,alpha,10.7,m,ASD,61.998046875,11,0.2329130895005344,0.1626190970606076,0.1894139861923577,0.1357469539782237,0.037876116308336,0.2923365250189981,1.4708084763171116
sub-11497,5,beta,10.7,m,ASD,61.998046875,11,0.1759755306950266,0.0920909037527858,0.1773369592339899,0.1229697777029052,0.0162057456601732,0.2082011322039892,1.504788283676191
sub-11497,5,gamma,10.7,m,ASD,61.998046875,11,0.2353981450075553,0.0938659632559524,0.2308566432605631,0.0673441464810972,0.0220958736298924,0.2937550699862991,1.1682824501725626
sub-11497,6,theta,10.7,m,ASD,62.998046875,11,0.2825331183878959,0.4300320098917743,0.1438565438889115,0.3912890573844925,0.1214982847617675,0.5667755697295295,1.2275294114522128
sub-11497,6,alpha,10.7,m,ASD,62.998046875,11,0.2501490340746883,0.2160875870567885,0.1750238983864819,0.2155069980077579,0.0540541011780018,0.3643742929620427,1.5047882836761908
sub-11497,6,beta,10.7,m,ASD,62.998046875,11,0.1999875683277308,0.2371162971874024,0.1578333334058743,0.0476610524709349,0.0474203116856212,0.3243279046316885,0.9404479886513264
sub-11497,6,gamma,10.7,m,ASD,62.998046875,11,0.248344517237584,0.281468082042295,0.2335569905820214,0.0624878055373003,0.0699010549528639,0.438498342958919,0.6390318596471771
sub-11510,1,theta,11.8,m,ASD,62.998046875,11,0.254439070976271,0.1406872489157424,0.136252221298456,0.2524989180756207,0.0357963329124695,0.3349368505564041,1.3592367006600066
sub-11510,1,alpha,11.8,m,ASD,62.998046875,11,0.2653930231741127,0.1593827179539941,0.1373401667365827,0.2055940789027766,0.0422990613596768,0.3606877011749543,1.4184836619406564
sub-11510,1,beta,11.8,m,ASD,62.998046875,11,0.2246316686850347,0.2027211564527029,0.2095053576972871,0.1276911627792788,0.0455375916519333,0.2930498354458167,1.1682824501725624
sub-11510,1,gamma,11.8,m,ASD,62.998046875,11,0.2619032821986571,0.2330916162556379,0.2861324622035205,0.0839944035066971,0.0610474593505745,0.3464760603660035,1.2798542258296677
sub-11510,2,theta,11.8,m,ASD,62.998046875,11,0.2389098778329947,0.1154602692704321,0.1485994324229615,0.1372320315350078,0.027584598826079,0.288810051641083,1.5047882836761908
sub-11510,2,alpha,11.8,m,ASD,62.998046875,11,0.2362807285714601,0.0813992156716835,0.1151479670614672,0.1286621479605945,0.0192330659841322,0.2665622749934815,1.5571130980526455
sub-11510,2,beta,11.8,m,ASD,62.998046875,11,0.179973016380354,0.1392566212504293,0.1689730239392612,0.1668066166046266,0.0250624341775155,0.241362884682841,0.6390318596471771
sub-11510,2,gamma,11.8,m,ASD,62.998046875,11,0.2471434350265179,0.1772393455766992,0.2476034287941312,0.1100030338136907,0.0438035406878547,0.3525455242089302,1.1935496040941334
sub-11510,3,theta,11.8,m,ASD,62.998046875,11,0.2493934033667561,0.0782397319563226,0.1271551498392117,0.145038705354639,0.0195124730311682,0.2792133945020986,1.504788283676191
sub-11510,3,alpha,11.8,m,ASD,62.998046875,11,0.2430072022457062,0.1695665221068157,0.139147339083315,0.1439317418137743,0.0412058861318815,0.3411953802982527,1.2798542258296672
sub-11510,3,beta,11.8,m,ASD,62.998046875,11,0.1885209624619841,0.0968717241257123,0.1810298838839346,0.0888441942523245,0.0182623506676279,0.2234325162711697,1.5047882836761908
sub-11510,3,gamma,11.8,m,ASD,62.998046875,11,0.261210585922213,0.1520121955589105,0.2447097307966589,0.1007307771376974,0.039707194669417,0.3507921054108048,1.1682824501725626
sub-11510,4,theta,11.8,m,ASD,62.998046875,11,0.268946126811576,0.1139937393694082,0.1271776811682956,0.3393283212321322,0.0306581746842846,0.3480484296437601,1.1935496040941334
sub-11510,4,alpha,11.8,m,ASD,62.998046875,11,0.2428369906967165,0.1299849178616537,0.1287933671429916,0.1386705323995166,0.0315651462896138,0.3097478766171435,1.4184836619406564
sub-11510,4,beta,11.8,m,ASD,62.998046875,11,0.2081761846359787,0.2108316145452535,0.1645238918384631,0.1512084025733911,0.043890121116885,0.3019792015292539,1.3592367006600066
sub-11510,4,gamma,11.8,m,ASD,62.998046875,11,0.2795505962452116,0.1635078459600681,0.250546457602903,0.1290406776042344,0.0457087158290707,0.3832084844915187,1.2798542258296677
sub-11510,5,theta,11.8,m,ASD,62.998046875,11,0.2417842317537658,0.0965165368713953,0.1164239347952914,0.1855188933077748,0.0233361767190808,0.2708617065086408,1.4708084763171114
sub-11510,5,alpha,11.8,m,ASD,62.998046875,11,0.2201875577562147,0.0689787840633442,0.1384526999182865,0.2107923313019062,0.01518826999997,0.2466337716613071,1.359236700660007
sub-11510,5,beta,11.8,m,ASD,62.998046875,11,0.1805620311907091,0.0692979776956351,0.1624115850337329,0.0632556270948251,0.0125125836102016,0.201928461852026,1.4708084763171108
sub-11510,5,gamma,11.8,m,ASD,62.998046875,11,0.2270596063343278,0.0606553671859123,0.2329132675983278,0.0553918006600266,0.013772383795358,0.245644002268249,1.504788283676191
sub-11510,6,theta,11.8,m,ASD,62.998046875,11,0.2388744916573112,0.1955393208491584,0.1276303136605748,0.2722368240345949,0.0467093558670541,0.3357026917622438,1.2206072645490171
sub-11510,6,alpha,11.8,m,ASD,62.998046875,11,0.2549528976828548,0.1387508838079913,0.1358876791290856,0.164301273250805,0.0353749398830432,0.3315499847814539,0.9404479886513258
sub-11510,6,beta,11.8,m,ASD,62.998046875,11,0.2148342899127374,0.2019476033509875,0.1772547932086836,0.1169614824255867,0.0433852699656905,0.3028321701629985,1.2798542258296677
sub-11510,6,gamma,11.8,m,ASD,62.998046875,11,0.3145529888866364,0.282301148876896,0.2460696778946774,0.110979441744269,0.0887986701456412,0.4747721732464132,1.2206072645490171
sub-11535,1,theta,9.3,m,ASD,62.998046875,11,0.2763469329727204,0.0987862357247879,0.1455814822338476,0.2258027081301673,0.0272992732625641,0.3148748790721737,1.3661588475652018
sub-11535,1,alpha,9.3,m,ASD,62.998046875,11,0.257070191723907,0.1339485437620901,0.1673701522402428,0.1765907798969072,0.0344341778261926,0.3281784781100371,1.4184836619406564
sub-11535,1,beta,9.3,m,ASD,62.998046875,11,0.1935238299223656,0.1017133894842346,0.223570989248818,0.0925046701348363,0.019683964687476,0.2258677396153388,1.4184836619406571
sub-11535,1,gamma,9.3,m,ASD,62.998046875,11,0.2158903570540026,0.0592350623755434,0.2434236273878448,0.0502719303661585,0.0127882787664314,0.2485401988376779,1.1682824501725628
sub-11535,2,theta,9.3,m,ASD,62.998046875,11,0.2537217148969538,0.1420007678542726,0.1636965868743065,0.1922266854462617,0.0360286783368122,0.3439165723960105,1.2206072645490171
sub-11535,2,alpha,9.3,m,ASD,62.998046875,11,0.2557556036619803,0.0695015603316313,0.1388170709693198,0.1171365477463295,0.0177754135181354,0.2879870697880529,1.4708084763171103
sub-11535,2,beta,9.3,m,ASD,62.998046875,11,0.1917722212944503,0.0939941417942745,0.2274271845471679,0.0898420662464896,0.0180254653606475,0.2247846950466358,1.5571130980526455
sub-11535,2,gamma,9.3,m,ASD,62.998046875,11,0.2338969932755047,0.0734272513093755,0.2429742986147899,0.0787333897194485,0.0171744133058212,0.2671977340675346,1.3321790402061224
sub-11535,3,theta,9.3,m,ASD,62.998046875,11,0.2486371833648913,0.0559614927236503,0.1570902428349798,0.116665925796949,0.0139141079277592,0.2678853104127473,1.5571130980526455
sub-11535,3,alpha,9.3,m,ASD,62.998046875,11,0.260719242134574,0.0870324055929881,0.1585802491264955,0.1056355516094197,0.0226910228274397,0.3037912288530282,1.4708084763171114
sub-11535,3,beta,9.3,m,ASD,62.998046875,11,0.1902150224463154,0.0954578333112124,0.2001322463229835,0.0736617033725631,0.0181575139060643,0.2324712728850125,1.193549604094133
sub-11535,3,gamma,9.3,m,ASD,62.998046875,11,0.2288035470494439,0.1402701620071682,0.220702867099706,0.116976188239794,0.0320943106125805,0.2900312037062092,1.2206072645490176
sub-11535,4,theta,9.3,m,ASD,62.998046875,11,0.2883417255667747,0.1269371109591444,0.1569498855326458,0.1585666083804091,0.0366012656125477,0.3549215561430961,1.5047882836761906
sub-11535,4,alpha,9.3,m,ASD,62.998046875,11,0.2624904019948004,0.100922358391789,0.1754737593121138,0.1047596211538339,0.0264911504246249,0.3102393423255007,1.5571130980526455
sub-11535,4,beta,9.3,m,ASD,62.998046875,11,0.2038191181590239,0.1682763281849301,0.1896353423014826,0.0796853439563751,0.0342979328178592,0.2709891081236348,1.3321790402061229
sub-11535,4,gamma,9.3,m,ASD,62.998046875,11,0.2646825957926394,0.2456992094015052,0.2147179739479612,0.0740383233853761,0.0650323045288353,0.3933203041588509,1.3321790402061222
sub-11535,5,theta,9.3,m,ASD,62.998046875,11,0.2472911092991894,0.0479649301168154,0.1495471229564793,0.1234133322169065,0.0118613007760933,0.265233235185878,1.470808476317112
sub-11535,5,alpha,9.3,m,ASD,62.998046875,11,0.2569080117410743,0.0855169182529102,0.1518307151986104,0.2309074684051832,0.0219699814386646,0.2826640031540356,1.418483661940657
sub-11535,5,beta,9.3,m,ASD,62.998046875,11,0.1831391092569652,0.107991891859178,0.1635579503851215,0.0653067463487759,0.0197775388821723,0.2143201790831981,1.5047882836761908
sub-11535,5,gamma,9.3,m,ASD,62.998046875,11,0.2095402711453697,0.068775100870625,0.2182437399878019,0.0585402058944042,0.0144111532845497,0.2411577700795973,1.504788283676191
sub-11535,6,theta,9.3,m,ASD,62.998046875,11,0.2696027478306201,0.103134234770615,0.1334973621349363,0.19632601636858,0.0278052730896692,0.3231953150998387,1.5571130980526455
sub-11535,6,alpha,9.3,m,ASD,62.998046875,11,0.2720062342398078,0.1132744539274285,0.1558397151132258,0.1725207606366209,0.0308113576484837,0.3171322802296838,1.4708084763171112
sub-11535,6,beta,9.3,m,ASD,62.998046875,11,0.1886263399946559,0.0730061044151753,0.1860082209942792,0.0848365666055079,0.0137708742731752,0.2069606943322977,1.5047882836761908
sub-11535,6,gamma,9.3,m,ASD,62.998046875,11,0.2544853374682431,0.1019030592972581,0.2085926101337321,0.0770962391080469,0.025932834434411,0.3087110124622565,1.3592367006600068
sub-11547,1,theta,13.0,m,ASD,62.998046875,11,0.2213347906303301,0.106153081052571,0.1164740241308092,0.0908431640204491,0.0234953699696414,0.2577283417223844,1.5047882836761906
sub-11547,1,alpha,13.0,m,ASD,62.998046875,11,0.2048073186801526,0.1152898503571655,0.1366553009085073,0.1421695380762291,0.0236122051228024,0.2506023148592606,1.2798542258296677
sub-11547,1,beta,13.0,m,ASD,62.998046875,11,0.1512504642007618,0.0568435988936578,0.1363132706018035,0.1028093926614477,0.0085976207195645,0.1691797051276452,1.5047882836761914
sub-11547,1,gamma,13.0,m,ASD,62.998046875,11,0.185466155671179,0.1052521064619894,0.163982743752969,0.0725024797298936,0.0195207035619041,0.2253433348638159,1.2206072645490171
sub-11547,2,theta,13.0,m,ASD,61.998046875,11,0.2283281238638355,0.070181217896236,0.1339569145639928,0.120554263698162,0.0160243458127967,0.2576138104516575,1.470808476317111
sub-11547,2,alpha,13.0,m,ASD,61.998046875,11,0.2490032586875961,0.1124422911734051,0.1170391119499265,0.1161053330686271,0.0279984969165898,0.3044590254881934,1.4708084763171112
sub-11547,2,beta,13.0,m,ASD,61.998046875,11,0.1648829544322388,0.1550864584156396,0.15695817816761,0.1128201433719718,0.0255711134561582,0.2167078062360783,1.3592367006600068
sub-11547,2,gamma,13.0,m,ASD,61.998046875,11,0.1825294506190696,0.0436170409807649,0.1842107392755142,0.0527570648496194,0.007961394527892,0.1936387414723951,1.5047882836761908
sub-11547,3,theta,13.0,m,ASD,62.998046875,11,0.2308660890370144,0.1482570030241374,0.1298575793440418,0.2000724541329023,0.0342275144606796,0.3065613604842718,1.359236700660006
sub-11547,3,alpha,13.0,m,ASD,62.998046875,11,0.2008684055155137,0.1045010866699315,0.1275260564970969,0.1064830131373818,0.0209909666541321,0.2328392012810707,1.504788283676191
sub-11547,3,beta,13.0,m,ASD,62.998046875,11,0.1551909184613525,0.0869611282555626,0.1355503868960537,0.0890846571975679,0.0134955773645032,0.171991276099641,1.2798542258296677
sub-11547,3,gamma,13.0,m,ASD,62.998046875,11,0.17502752860571,0.0653861544748435,0.1557878876828769,0.0829810588674795,0.0114443770228284,0.1912287998504024,1.2798542258296677
sub-11547,4,theta,13.0,m,ASD,62.998046875,11,0.2253470063907693,0.14924186382201,0.149300313330533,0.1419488608533533,0.033631207240618,0.2921656846414495,1.5571130980526455
sub-11547,4,alpha,13.0,m,ASD,62.998046875,11,0.2283101956393692,0.1322912636764788,0.128887772929167,0.1105401924126363,0.0302034442914885,0.2909288112021279,1.4708084763171114
sub-11547,4,beta,13.0,m,ASD,62.998046875,11,0.155884002700241,0.0632221093600344,0.1334518464700405,0.1345486141102642,0.0098553154662577,0.1704004139282997,1.0888999753422235
sub-11547,4,gamma,13.0,m,ASD,62.998046875,11,0.1672052031041614,0.04529841545756,0.1620194703737875,0.0914903395522455,0.0075741307569233,0.1790249238094363,1.47080847631711
sub-11547,5,theta,13.0,m,ASD,61.998046875,11,0.2193809764173311,0.0724992801652746,0.1347142147729177,0.1356694430650524,0.015904962872284,0.2511189618562375,1.4184836619406562
sub-11547,5,alpha,13.0,m,ASD,61.998046875,11,0.2291080014543592,0.0586022341028108,0.127644302943759,0.1127301905730352,0.013426240736114,0.2449862180120107,1.279854225829668
sub-11547,5,beta,13.0,m,ASD,61.998046875,11,0.1428015102285286,0.0636930572854014,0.1390930903969932,0.0739632442540682,0.0090954647714912,0.1588941916116292,1.470808476317111
sub-11547,5,gamma,13.0,m,ASD,61.998046875,11,0.1808376256545298,0.0522663024855488,0.1634570360257409,0.0871752085816963,0.0094517140432803,0.1939267862190358,1.5047882836761908
sub-11547,6,theta,13.0,m,ASD,62.998046875,11,0.23033047431129,0.1535900295319257,0.1477335144032218,0.1675491426428152,0.035376464351727,0.2939907684000268,1.4708084763171114
sub-11547,6,alpha,13.0,m,ASD,62.998046875,11,0.2154302566504215,0.1316280846353793,0.138729056253523,0.1121450843167354,0.0283566720555348,0.2822295840375668,1.3592367006600063
sub-11547,6,beta,13.0,m,ASD,62.998046875,11,0.1643288081058926,0.1069913887183,0.1734797454470293,0.1442863480273041,0.0175817673857794,0.1897335806781073,1.470808476317112
sub-11547,6,gamma,13.0,m,ASD,62.998046875,11,0.1847242134772053,0.0550156663201687,0.1946766446618807,0.0636418992431869,0.0101627256899725,0.1983983397130863,1.5047882836761908
sub-11548,1,theta,12.4,m,ASD,62.998046875,11,0.2694479289700728,0.0635226194451618,0.1139169360605455,0.2298592211809373,0.0171160382523164,0.3057233030812811,1.4184836619406558
sub-11548,1,alpha,12.4,m,ASD,62.998046875,11,0.2429884992472316,0.1220863678329516,0.1540554049707924,0.1734098655749252,0.0296655832983964,0.2873509533171878,1.2798542258296677
sub-11548,1,beta,12.4,m,ASD,62.998046875,11,0.1909523845396316,0.0925661256698239,0.2019405062112711,0.0888578776919785,0.0176757224243406,0.2243150351499898,1.2206072645490176
sub-11548,1,gamma,12.4,m,ASD,62.998046875,11,0.2608859033903759,0.1200538379686122,0.194501491305737,0.0407562689095657,0.0313203539740432,0.3008224143682976,1.5571130980526455
sub-11548,2,theta,12.4,m,ASD,62.998046875,11,0.2921553577282326,0.0846036656618142,0.1399852395576338,0.0971566201644631,0.0247174142066317,0.3467799369242365,1.359236700660006
sub-11548,2,alpha,12.4,m,ASD,62.998046875,11,0.2582357910601989,0.1420246478013627,0.1564506323133514,0.1296817850598878,0.036675847275173,0.3086370482068379,1.5571130980526455
sub-11548,2,beta,12.4,m,ASD,62.998046875,11,0.2145687314914783,0.046686927181085,0.1984018123674377,0.0935715807490916,0.0100175547425271,0.2315991398227573,1.332179040206122
sub-11548,2,gamma,12.4,m,ASD,62.998046875,11,0.2592620684904874,0.1298025165532052,0.2190449608535271,0.0833381299143963,0.0336528689369845,0.3179487141341582,1.557113098052646
sub-11548,3,theta,12.4,m,ASD,62.998046875,11,0.3326876595931702,0.3277234910207748,0.1055721052156756,0.1300272549324743,0.1090295612217326,0.5528145547099375,0.8018185525403372
sub-11548,3,alpha,12.4,m,ASD,62.998046875,11,0.3139615591783661,0.158180865841271,0.1796844504024947,0.1312590883899947,0.0496627112718675,0.4000360131143898,1.5047882836761908
sub-11548,3,beta,12.4,m,ASD,62.998046875,11,0.2744513530636238,0.2638082639896936,0.2053093104849069,0.0725248172531697,0.0724025350016008,0.3818074890892903,1.3661588475652018
sub-11548,3,gamma,12.4,m,ASD,62.998046875,11,0.311138880779172,0.3059255498951524,0.2129577567028457,0.0830636962864566,0.0951853331964363,0.4751517741658131,1.504788283676191
sub-11548,4,theta,12.4,m,ASD,62.998046875,11,0.2458165677444062,0.0837163851513888,0.1061133501442592,0.2045287551093866,0.0205788744619669,0.2769688257932308,1.5571130980526455
sub-11548,4,alpha,12.4,m,ASD,62.998046875,11,0.2487303610781612,0.1231666856398314,0.1495142883154029,0.1758748700242235,0.0306352941921188,0.3285633057604453,1.2798542258296677
sub-11548,4,beta,12.4,m,ASD,62.998046875,11,0.185642636607744,0.0723331098142201,0.2009238673817918,0.0769984167601355,0.0134281092200216,0.2091120550021853,1.4708084763171112
sub-11548,4,gamma,12.4,m,ASD,62.998046875,11,0.232249047980439,0.1855184414106807,0.2022137368343516,0.1303978620414496,0.0430864814006309,0.3142738974160186,1.3661588475652018
sub-11548,5,theta,12.4,m,ASD,62.998046875,11,0.2607989062551946,0.0811144899998329,0.114625994501175,0.1337531059385604,0.0211545702734854,0.2935188702339496,1.5047882836761912
sub-11548,5,alpha,12.4,m,ASD,62.998046875,11,0.2588105646127734,0.1056215025918784,0.1723081850073083,0.2483032402579225,0.0273359607211591,0.3100642313721848,1.5047882836761908
sub-11548,5,beta,12.4,m,ASD,62.998046875,11,0.1953773168658822,0.1004217869098183,0.2127251947500845,0.1068370813620763,0.0196201392814181,0.2375236433934714,1.3592367006600068
sub-11548,5,gamma,12.4,m,ASD,62.998046875,11,0.2567592220813233,0.1071537629348598,0.1997762501503466,0.1283618471790782,0.0275127168143483,0.3205469380656446,1.1682824501725628
sub-11548,6,theta,12.4,m,ASD,62.998046875,11,0.281523529866409,0.1182239666301368,0.1222209385060561,0.1164697178081997,0.0332828284006429,0.325850573033635,1.557113098052646
sub-11548,6,alpha,12.4,m,ASD,62.998046875,11,0.2370877820451974,0.0884644861935691,0.160677861486259,0.153536550685241,0.0209738488214897,0.2615858819153703,0.8979457248537794
sub-11548,6,beta,12.4,m,ASD,62.998046875,11,0.1847455340204537,0.12298093734128,0.1914936977996285,0.0884608096964795,0.0227201789435737,0.2214409360151576,1.2798542258296677
sub-11548,6,gamma,12.4,m,ASD,62.998046875,11,0.2395968860199997,0.1239309685259659,0.1869118090275563,0.115541815431399,0.0296934741403879,0.3179726052285869,1.0888999753412238
sub-11551,1,theta,11.7,m,ASD,62.998046875,11,0.2524383324250593,0.0789743768547972,0.1066472899403724,0.1160822150253486,0.0199361599976121,0.2913864608798144,1.4708084763171108
sub-11551,1,alpha,11.7,m,ASD,62.998046875,11,0.2662742712042599,0.0920152532355028,0.128754729622361,0.1837622352070098,0.0245012944950509,0.2990939912823829,1.279854225829667
sub-11551,1,beta,11.7,m,ASD,62.998046875,11,0.1777965100555114,0.0717728829069244,0.1297328221953982,0.0921164673123764,0.0127609680975458,0.1971670756353641,1.5571130980526455
sub-11551,1,gamma,11.7,m,ASD,62.998046875,11,0.2130111842889241,0.1875356443932142,0.1722810589521335,0.0623738269889378,0.0399471897087726,0.3105006831505801,1.2798542258296677
sub-11551,2,theta,11.7,m,ASD,61.998046875,11,0.2602008801795215,0.0571832273741235,0.10418019270461,0.1219424282056899,0.0148791260943098,0.2795102503778769,1.418483661940657
sub-11551,2,alpha,11.7,m,ASD,61.998046875,11,0.299441081628781,0.143602458449651,0.1296090977424802,0.1288454749869459,0.0430004754828591,0.3711551593792556,1.4708084763171116
sub-11551,2,beta,11.7,m,ASD,61.998046875,11,0.2038954816281376,0.2550349043353329,0.1581209280417008,0.072601829453229,0.0520004646516937,0.3519629293420655,0.8018185525403372
sub-11551,2,gamma,11.7,m,ASD,61.998046875,11,0.2270597751851692,0.4426158522407225,0.2254781576101657,0.1170253451908561,0.1005002559036131,0.5219712731753758,0.3250829733894484
sub-11551,3,theta,11.7,m,ASD,62.998046875,11,0.2642727084395222,0.0960671634012389,0.123625160143166,0.1552092246388586,0.0253879294642436,0.2946031867841344,1.1682824501725626
sub-11551,3,alpha,11.7,m,ASD,62.998046875,11,0.2656773065247994,0.0951054720938116,0.1310838468313539,0.1637135227466528,0.0252673656617484,0.3334648422637715,1.1682824501725628
sub-11551,3,beta,11.7,m,ASD,62.998046875,11,0.1865334300292705,0.0946306505124948,0.1390717548693371,0.1189986051185873,0.0176517798260914,0.2291963181132261,1.193549604094133
sub-11551,3,gamma,11.7,m,ASD,62.998046875,11,0.225628294830714,0.1187734681854436,0.1854955825450495,0.140448614506599,0.0267986550979304,0.2882376391502438,1.4708084763171114
sub-11551,4,theta,11.7,m,ASD,62.998046875,11,0.2638262757362773,0.138582558701631,0.1185364754642674,0.1698009491773924,0.0365617203443939,0.3521928058398116,1.1935496040941336
sub-11551,4,alpha,11.7,m,ASD,62.998046875,11,0.2575240542028212,0.143435538516062,0.1208872035429676,0.0869150817762139,0.0369381013955646,0.305272377354442,1.2798542258296677
sub-11551,4,beta,11.7,m,ASD,62.998046875,11,0.1947577626051949,0.1437753334540883,0.1516117576333526,0.1221822868483378,0.0280013622614778,0.2535294968852942,1.418483661940657
sub-11551,4,gamma,11.7,m,ASD,62.998046875,11,0.2595039608301975,0.1651389361895642,0.1967322312923312,0.1105592999162775,0.0428542080286423,0.3508051053533088,1.3592367006600063
sub-11551,5,theta,11.7,m,ASD,62.998046875,11,0.2642376395989264,0.0516972129521351,0.1034534125896032,0.0878547610696339,0.0136603495243669,0.2806838725504821,1.2798542258296668
sub-11551,5,alpha,11.7,m,ASD,62.998046875,11,0.2424349883619423,0.1041971144519664,0.1399645196392553,0.121947106832997,0.0252610262296146,0.3085172020566192,1.1682824501725626
sub-11551,5,beta,11.7,m,ASD,62.998046875,11,0.1833663910946509,0.0625016510864912,0.1463570828214885,0.0582437729003641,0.0114607021972494,0.2012172629632163,1.5047882836761912
sub-11551,5,gamma,11.7,m,ASD,62.998046875,11,0.2188307400571986,0.0932752259857646,0.2017169456242578,0.0554249387588359,0.0204114867315605,0.2594981628493998,1.504788283676191
sub-11551,6,theta,11.7,m,ASD,61.998046875,11,0.2650640796458628,0.1172222986037221,0.1024044380480183,0.1156751247194328,0.0310714206934853,0.3294566583667167,1.418483661940657
sub-11551,6,alpha,11.7,m,ASD,61.998046875,11,0.2450722767808134,0.0871823201014797,0.1430258687391281,0.152109077005649,0.0213659696823904,0.2909302020343237,1.5047882836761912
sub-11551,6,beta,11.7,m,ASD,61.998046875,11,0.1721758005703603,0.0537490242921587,0.13437969109087,0.1019002454200703,0.0092542812874319,0.1873406984763588,1.5047882836761906
sub-11551,6,gamma,11.7,m,ASD,61.998046875,11,0.2015906383178969,0.1029417626952078,0.1817997798982736,0.1425123696696932,0.0207520956513993,0.2449125448374138,1.0296530140615734
sub-11562,1,theta,12.0,m,ASD,62.998046875,11,0.3517364686883384,0.2867610284055374,0.1426490536219248,0.116693017572101,0.1008643114890868,0.5536914034005503,1.2206072645490174
sub-11562,1,alpha,12.0,m,ASD,62.998046875,11,0.3090284358919305,0.2405902648822962,0.160763929594025,0.2511202307418412,0.0743492332476418,0.4663807204736676,1.3592367006600063
sub-11562,1,beta,12.0,m,ASD,62.998046875,11,0.2441921680939622,0.2971931191564937,0.2031439800765725,0.1604704570416744,0.0725722321097286,0.3799418109122492,1.2798542258296677
sub-11562,1,gamma,12.0,m,ASD,62.998046875,11,0.2996708831306067,0.2878201007097638,0.2472932866617471,0.1026014473426479,0.0862513037627229,0.4729982549653675,1.2798542258296672
sub-11576,1,theta,10.8,m,ASD,152.998046875,29,0.2267319123260462,0.1380088066381168,0.1439788119060935,0.2055574600369751,0.0312910006470338,0.2984575088062794,1.9292985188285063
sub-11576,1,alpha,10.8,m,ASD,152.998046875,29,0.2247450744483364,0.1152129497614636,0.1282369956662455,0.1907001034232724,0.0258935429716678,0.3113579805382828,1.5913525202580954
sub-11576,1,beta,10.8,m,ASD,152.998046875,29,0.1571167990253834,0.0969704965816342,0.1620060578044493,0.0789059337151145,0.0152356940229052,0.185533431429103,1.839940943197688
sub-11576,1,gamma,10.8,m,ASD,152.998046875,29,0.2101273936298231,0.1396938373877107,0.165006921078728,0.0885488953169287,0.0293535019565676,0.2795020689345531,1.8101537224603224
sub-11576,2,theta,10.8,m,ASD,304.998046875,60,0.3038035125012041,0.2724513534574394,0.1423764860377433,0.1817726465920753,0.0827716781663496,0.4963719878132263,1.9397082997659187
sub-11576,2,alpha,10.8,m,ASD,304.998046875,60,0.2964116711309891,0.2723819570188457,0.1381518582833967,0.1432704286105495,0.0807371910661576,0.498743930490739,1.821912700249941
sub-11576,2,beta,10.8,m,ASD,304.998046875,60,0.2336541263819561,0.3471274257042044,0.183635656925832,0.1192671859274421,0.0811077553964804,0.4268057194946781,1.836152148214644
sub-11576,2,gamma,10.8,m,ASD,304.998046875,60,0.2454025884265434,0.1968571277025521,0.2058665813963908,0.1049510001713736,0.0483092486886177,0.3753964962464851,1.7682841307986386
sub-11576,3,theta,10.8,m,ASD,151.998046875,29,0.1450901301761378,0.4917588705118704,0.0710568664475908,0.3928862407286465,0.0713493585383295,0.3245526930860161,1.7585714926543887
sub-11576,3,alpha,10.8,m,ASD,151.998046875,29,0.2515158357951434,0.4083857390371738,0.1001662427936419,0.3702463192020467,0.1027154804811605,0.5519249012802833,1.7111326966670444
sub-11576,3,beta,10.8,m,ASD,151.998046875,29,0.2458293467528176,0.3644899504585174,0.1625774522197783,0.1960272576195112,0.0896023264195487,0.4824872202661259,1.7277484134631265
sub-11576,3,gamma,10.8,m,ASD,151.998046875,29,0.2413655582140325,0.2585488246285463,0.2179935443948144,0.0987291610885387,0.0624047813823096,0.464873342522603,1.607964150475902
sub-11593,1,theta,9.5,m,ASD,151.998046875,29,0.2739613014771543,0.1742479376781149,0.1822030529874396,0.1353569345648572,0.0477371917861806,0.4401485162542264,1.6105042732991297
sub-11593,1,alpha,9.5,m,ASD,151.998046875,29,0.2670777140482681,0.1733639846716751,0.1467715919706666,0.1612539972788762,0.0463016567245833,0.397966919393346,1.8150981131071764
sub-11593,1,beta,9.5,m,ASD,151.998046875,29,0.2002386734280684,0.1548775876658675,0.1738610821397854,0.107911476883946,0.0310124826981075,0.2817263286575031,1.8984754396372447
sub-11593,1,gamma,9.5,m,ASD,151.998046875,29,0.2405627628137705,0.1849636968556354,0.1864297618421991,0.0811407886505652,0.0444953779360253,0.3519139959639392,1.7879582349776215
sub-11593,2,theta,9.5,m,ASD,62.998046875,11,0.23951895594249,0.1242522837397285,0.1761515459759352,0.1095804880487879,0.029760777274934,0.2934838657282176,1.4184836619406562
sub-11593,2,alpha,9.5,m,ASD,62.998046875,11,0.2390169654046205,0.0744331401456723,0.1426576073825778,0.1237475855696169,0.0177907832832298,0.2722321861784212,1.2798542258296677
sub-11593,2,beta,9.5,m,ASD,62.998046875,11,0.1994228450999648,0.2163646843525537,0.1478057434784937,0.0706390791631809,0.0431480609329584,0.2782948303296046,0.8018185525403374
sub-11593,2,gamma,9.5,m,ASD,62.998046875,11,0.2475505252224209,0.1983445308068577,0.1854170280487135,0.196531209732999,0.0491002927764306,0.3403935289495363,1.504788283676191
sub-11601,1,theta,12.9,m,ASD,62.998046875,11,0.2303821477008623,0.0559216883888705,0.1348528963905756,0.1719229940742212,0.0128833586741422,0.2535405612164863,1.2798542258296677
sub-11601,1,alpha,12.9,m,ASD,62.998046875,11,0.2262369210096866,0.0745120005701604,0.1392350448207737,0.1203389748392857,0.0168573655873396,0.2569008287680603,1.5571130980526455
sub-11601,1,beta,12.9,m,ASD,62.998046875,11,0.1495137157423035,0.089743778019934,0.1473253841013998,0.0900858385466999,0.0134179257166025,0.1739205518318281,1.557113098052646
sub-11601,1,gamma,12.9,m,ASD,62.998046875,11,0.1746369154373018,0.0465667107623912,0.1899295690277185,0.073305448914196,0.0081322667296515,0.1936578775399413,1.313834033188747
sub-11601,2,theta,12.9,m,ASD,62.998046875,11,0.2392022548971334,0.0796172373972694,0.1465378073526572,0.1968282157532105,0.0190446227141868,0.2849555633972616,1.313834033188747
sub-11601,2,alpha,12.9,m,ASD,62.998046875,11,0.2473178512269579,0.2012756371367438,0.1489419120900025,0.2501727080821654,0.0497790580811976,0.3415843797510907,1.418483661940657
sub-11601,2,beta,12.9,m,ASD,62.998046875,11,0.1559417899564595,0.0789680476189356,0.1523439601342373,0.1367553162590007,0.0123144186951427,0.1771300428949097,1.5047882836761908
sub-11601,2,gamma,12.9,m,ASD,62.998046875,11,0.1680661445839018,0.0533403994485655,0.1864812163416143,0.0399799536476951,0.008964715285939,0.1841855848672818,1.2798542258296677
sub-11601,3,theta,12.9,m,ASD,62.998046875,11,0.2368702416029405,0.1524824218817427,0.1267606826535775,0.1688004908604597,0.0361185481114823,0.3218349312454419,1.313834033188747
sub-11601,3,alpha,12.9,m,ASD,62.998046875,11,0.2302428253541265,0.1622413891059933,0.1543209850423835,0.2025683694199659,0.0373549158173043,0.293829991872716,1.6094379124291005
sub-11601,3,beta,12.9,m,ASD,62.998046875,11,0.1718758621832217,0.1415459618325695,0.1512213122572537,0.1662185245652735,0.0243283342286678,0.2045264615363848,1.504788283676191
sub-11601,3,gamma,12.9,m,ASD,62.998046875,11,0.204654044256415,0.2111169895153611,0.1563923147763256,0.0872820378908096,0.0432059457157689,0.2816803946894995,1.5047882836761906
sub-11601,4,theta,12.9,m,ASD,62.998046875,11,0.2424358483416744,0.1259484926731261,0.1136986615571284,0.1862369867232794,0.0305344296686904,0.28486857211695,1.2798542258296677
sub-11601,4,alpha,12.9,m,ASD,62.998046875,11,0.2194950855933941,0.1052498159027685,0.1722218463275735,0.1294197091400007,0.0231018173503724,0.2618194601200144,1.5571130980526453
sub-11601,4,beta,12.9,m,ASD,62.998046875,11,0.1552787136419083,0.0747966571141828,0.1425085935770844,0.0948005351765777,0.0116143287014799,0.1736496128615441,1.5047882836761903
sub-11601,4,gamma,12.9,m,ASD,62.998046875,11,0.1927211031775546,0.0600102781015667,0.1913723829255453,0.084893236488246,0.0115652469977858,0.2089131565805322,0.9433483923260386
sub-11601,5,theta,12.9,m,ASD,62.998046875,11,0.2477592246892781,0.064953039587174,0.1248303581286321,0.1973640664752537,0.0160927147293951,0.2904751433985028,0.9404479886513272
sub-11601,5,alpha,12.9,m,ASD,62.998046875,11,0.2360054333602223,0.1925839161896091,0.1690557139188316,0.2464176867429064,0.04545085059873,0.3347392882916208,1.418483661940657
sub-11601,5,beta,12.9,m,ASD,62.998046875,11,0.1581498351259729,0.1131190479098493,0.1233067820893725,0.0919029627092327,0.0178897587766628,0.2020339237365971,1.313834033188747
sub-11601,5,gamma,12.9,m,ASD,62.998046875,11,0.2029919097975541,0.2031987912932783,0.183851287097686,0.1015294440367242,0.0412477107133803,0.3099979213103946,1.1682824501725626
sub-11601,6,theta,12.9,m,ASD,62.998046875,11,0.2384968582712213,0.1020042210248514,0.1349040727443038,0.1921112663340433,0.0243276862449323,0.2910595160307292,1.4708084763171112
sub-11601,6,alpha,12.9,m,ASD,62.998046875,11,0.2232794175984397,0.1201273635864454,0.1300967840159523,0.1572881325839286,0.0268219677793376,0.2638762784083301,1.3661588475652018
sub-11601,6,beta,12.9,m,ASD,62.998046875,11,0.1682797048642532,0.1025015969666695,0.1466602886296928,0.1360186995843455,0.0172489384857682,0.1989244719608762,1.4708084763171116
sub-11601,6,gamma,12.9,m,ASD,62.998046875,11,0.2143152473374006,0.1851173486250137,0.1627385527092763,0.0846431686867678,0.0396734703571987,0.2899334185071048,1.5047882836761908
sub-11613,1,theta,10.2,m,ASD,61.998046875,11,0.2427743406716324,0.1001305460019131,0.1214170617291003,0.1933234432497478,0.0243091272868051,0.2814756233710108,1.5047882836761908
sub-11613,1,alpha,10.2,m,ASD,61.998046875,11,0.2527594936162843,0.1871189243442721,0.1390552509067389,0.2318605490016037,0.0472960845634691,0.3576143236905172,1.504788283676191
sub-11613,1,beta,10.2,m,ASD,61.998046875,11,0.1968498084162885,0.1001734736608972,0.1847460955118338,0.1203844390394286,0.0197191290986419,0.2203391384904247,1.4708084763171116
sub-11613,1,gamma,10.2,m,ASD,61.998046875,11,0.2749595560129965,0.0947478678125152,0.2306745458591093,0.0533601953284358,0.026051831667002,0.3146657325352314,1.557113098052646
sub-11613,2,theta,10.2,m,ASD,62.998046875,11,0.2291612343720964,0.0776062698777808,0.1287035418761343,0.2088829853274458,0.0177843486002839,0.2600790811683651,1.4708084763171116
sub-11613,2,alpha,10.2,m,ASD,62.998046875,11,0.2400528660231652,0.1391880767899384,0.1695647256122912,0.2019669175644786,0.0334124967498163,0.3195018431446201,1.2798542258296677
sub-11613,2,beta,10.2,m,ASD,62.998046875,11,0.2039979024313728,0.1341804934627955,0.1435931246583203,0.1830915363164557,0.027372539213751,0.2438634101295366,1.1682824501725626
sub-11613,2,gamma,10.2,m,ASD,62.998046875,11,0.2575771364651429,0.0602150467791328,0.2136048043146447,0.0911372689160891,0.0155100193215438,0.2812007535109182,1.504788283676191
sub-11613,3,theta,10.2,m,ASD,61.998046875,11,0.2366079283040356,0.054363480432545,0.1320852012213672,0.1492662737925478,0.0128628304805958,0.2620022287413791,1.4708084763171108
sub-11613,3,alpha,10.2,m,ASD,61.998046875,11,0.24768888728144,0.1086069937603944,0.1347843981991666,0.2249300561494287,0.026900745435603,0.2920237618417918,1.5571130980526455
sub-11613,3,beta,10.2,m,ASD,61.998046875,11,0.2280679856427145,0.2462097578960645,0.1644630518488235,0.1868695859179759,0.056152563529182,0.3602902217998247,0.9404479886513264
sub-11613,3,gamma,10.2,m,ASD,61.998046875,11,0.3152558410511751,0.2374908546447835,0.2071350905736056,0.0677508489776224,0.074870379123241,0.4731620494873631,1.3592367006600063
sub-11613,4,theta,10.2,m,ASD,62.998046875,11,0.2531622052145624,0.1153080414259865,0.1446118314318153,0.2179201070843543,0.0291916380464901,0.2988238812231181,1.3661588475652018
sub-11613,4,alpha,10.2,m,ASD,62.998046875,11,0.2828539310197509,0.2098414245967797,0.1488983467154577,0.2342243016207079,0.0593544718381936,0.4070108169037825,1.504788283676191
sub-11613,4,beta,10.2,m,ASD,62.998046875,11,0.2241391617933452,0.115813402442947,0.1618372712025199,0.1122303899110041,0.0259583189481133,0.2721826446135533,1.4708084763171114
sub-11613,4,gamma,10.2,m,ASD,62.998046875,11,0.2770170788882901,0.1870325411740132,0.2065645684005926,0.141486917832112,0.051811208213266,0.3798350053683529,1.0888999753412238
sub-11613,5,theta,10.2,m,ASD,62.998046875,11,0.2359084979695165,0.0736743089439014,0.1577470078005045,0.0892457760632734,0.0173803955619715,0.2653651683043213,1.5571130980526455
sub-11613,5,alpha,10.2,m,ASD,62.998046875,11,0.2498863391438615,0.127008385489645,0.1759361376529761,0.1390855915423312,0.0317376604907067,0.3121960512470257,1.504788283676191
sub-11613,5,beta,10.2,m,ASD,62.998046875,11,0.1980543802452802,0.0880977106858852,0.1690631983156564,0.1298322728513874,0.017448137491009,0.22904446429643,1.5047882836761906
sub-11613,5,gamma,10.2,m,ASD,62.998046875,11,0.2760768158307639,0.1010794651362827,0.2130279197148108,0.035824827657917,0.0279056968808027,0.3466377754784462,1.2798542258296672
sub-11613,6,theta,10.2,m,ASD,61.998046875,11,0.2349921324998868,0.1475406913174666,0.1341963339388582,0.1660518584550629,0.0346709016833465,0.283823676161915,1.5571130980526455
sub-11613,6,alpha,10.2,m,ASD,61.998046875,11,0.2480721619269031,0.2394969795057001,0.177115083712813,0.1928145495030309,0.0594125334811817,0.3674734195100496,1.418483661940657
sub-11613,6,beta,10.2,m,ASD,61.998046875,11,0.1803704996452744,0.1265740047896695,0.1572435339675256,0.1808132748285011,0.0228302164861426,0.227008292259054,1.4708084763171112
sub-11613,6,gamma,10.2,m,ASD,61.998046875,11,0.2138190498382823,0.0407185277217707,0.2170495742793611,0.0839842780647517,0.0087063969083235,0.2263771230597617,1.2798542258296677
sub-11636,1,theta,10.7,m,ASD,61.998046875,11,0.2370140611865857,0.2015030037932456,0.1303451260695997,0.1607515236896124,0.0477590452705346,0.3620854292475781,1.1682824501725628
sub-11636,1,alpha,10.7,m,ASD,61.998046875,11,0.2270374532303965,0.2116124225323034,0.2008358677152422,0.1245754817468465,0.0480439454838603,0.3152865518243387,1.3661588475652018
sub-11636,1,beta,10.7,m,ASD,61.998046875,11,0.1627530506714518,0.1252204514746024,0.1333339185118622,0.1144929126706173,0.0203800104840732,0.1935976917682752,1.2798542258296677
sub-11636,1,gamma,10.7,m,ASD,61.998046875,11,0.1802336422419884,0.0698909304020095,0.1576371912563348,0.0728125523829572,0.0125966969461053,0.205137190591148,1.5047882836761906
sub-11636,2,theta,10.7,m,ASD,62.998046875,11,0.2381130317724807,0.1273698474203841,0.1208361031169331,0.2267631318861826,0.0303284205257933,0.2937477512971508,1.2206072645490176
sub-11636,2,alpha,10.7,m,ASD,62.998046875,11,0.2095104938889003,0.123015510268605,0.191999155305546,0.0975136495778403,0.0257730403124935,0.2458508187146442,1.504788283676191
sub-11636,2,beta,10.7,m,ASD,62.998046875,11,0.1648083425601775,0.078201130252779,0.1349749941195174,0.0933992504693649,0.0128881986633712,0.1913263542299415,1.2798542258296672
sub-11636,2,gamma,10.7,m,ASD,62.998046875,11,0.1941510117294337,0.0638428294023011,0.1662089255712603,0.0407356423506263,0.0123951499201902,0.2174151828885807,1.4708084763171114
sub-11636,3,theta,10.7,m,ASD,62.998046875,11,0.2375728132770844,0.105807364684961,0.1193500084160373,0.1732376058883574,0.0251369532937464,0.2915850827292429,1.3592367006600066
sub-11636,3,alpha,10.7,m,ASD,62.998046875,11,0.2121569853820928,0.0819650465856418,0.17505152394027,0.0929539256109163,0.0173894571903945,0.2436752141265636,1.359236700660006
sub-11636,3,beta,10.7,m,ASD,62.998046875,11,0.1638681523230906,0.0739892813706068,0.1354652271649895,0.0748750256458721,0.0121244868299885,0.1854059353285392,1.5047882836761908
sub-11636,3,gamma,10.7,m,ASD,62.998046875,11,0.2123944227894298,0.0959745494397701,0.1581352572431611,0.0844467846173941,0.0203844590308315,0.2617817257505054,1.1682824501725622
sub-11636,4,theta,10.7,m,ASD,62.998046875,11,0.2296564385902474,0.1328560917400434,0.1280872687146104,0.2456187222124063,0.0305112568741704,0.2997906727757138,1.3592367006600066
sub-11636,4,alpha,10.7,m,ASD,62.998046875,11,0.2107404514995424,0.2396781788571135,0.1906516320126688,0.0928139805421856,0.0505098876271758,0.3487754235089562,1.0888999753412236
sub-11636,4,beta,10.7,m,ASD,62.998046875,11,0.1534288291161635,0.0761712794102368,0.1259548941699128,0.0679318992402176,0.0116868702122689,0.1710220272077938,1.5047882836761912
sub-11636,4,gamma,10.7,m,ASD,62.998046875,11,0.1766828260129716,0.0684568073933209,0.1448524604578524,0.0731013525861065,0.012095142190146,0.1998823247434002,1.4708084763171114
sub-11636,5,theta,10.7,m,ASD,62.998046875,11,0.2253378279141136,0.0894150592321123,0.1321738199929427,0.1630852243239627,0.0201485952302654,0.2671800520243318,1.504788283676191
sub-11636,5,alpha,10.7,m,ASD,62.998046875,11,0.2238108733611479,0.1742925528496028,0.1779865419325864,0.2047813576966117,0.0390085684737879,0.2977235996961045,1.4184836619406564
sub-11636,5,beta,10.7,m,ASD,62.998046875,11,0.1591292902955517,0.0569541909053825,0.1217627343781432,0.0747529727680273,0.0090630799781878,0.1714794357151706,1.5047882836761908
sub-11636,5,gamma,10.7,m,ASD,62.998046875,11,0.188348084123518,0.0688687165438761,0.1555834076391239,0.0594016089918285,0.0129712908171535,0.2134491293086297,1.5047882836761908
sub-11636,6,theta,10.7,m,ASD,62.998046875,11,0.2455207854498208,0.1075833284011889,0.1335585754863766,0.1682141035541119,0.0264139432904735,0.3048108322870745,1.3592367006600066
sub-11636,6,alpha,10.7,m,ASD,62.998046875,11,0.1931123818340679,0.163338690667058,0.1870627550479238,0.0491221437338058,0.0315427236005369,0.2386655547037242,1.5571130980526453
sub-11636,6,beta,10.7,m,ASD,62.998046875,11,0.1622938469374895,0.1052894131509478,0.1185026698859369,0.0793742035559564,0.0170878239021633,0.1848407077623162,1.4184836619406564
sub-11636,6,gamma,10.7,m,ASD,62.998046875,11,0.1898235228576737,0.0962311341532576,0.1487554928493073,0.0650917079988751,0.0182669328936569,0.2221894891753062,1.5571130980526455
sub-11638,1,theta,10.9,m,ASD,62.998046875,11,0.285438499695549,0.1186090878677488,0.1502173933097222,0.1808948093612051,0.0338556000913463,0.3195584189359763,0.8979457248537792
sub-11638,1,alpha,10.9,m,ASD,62.998046875,11,0.2764864089791333,0.1181575290058521,0.1408859676420404,0.2299413503523873,0.032668950888794,0.3236657447032562,1.3661588475652016
sub-11638,1,beta,10.9,m,ASD,62.998046875,11,0.1919287051911107,0.0878490501313529,0.2374866770999807,0.0578802344561548,0.0168607544440673,0.2401316815693543,0.8018185525403365
sub-11638,1,gamma,10.9,m,ASD,62.998046875,11,0.2492640032969168,0.1043492936076491,0.2326492831121714,0.0491428286703182,0.0260105226659523,0.3113815538274287,0.9404479886513266
sub-11638,2,theta,10.9,m,ASD,61.998046875,11,0.3273054367777847,0.1237628526917704,0.1445077983638758,0.1225719110611572,0.0405082545572683,0.4108992475217005,1.5047882836761908
sub-11638,2,alpha,10.9,m,ASD,61.998046875,11,0.3262882546910298,0.1505983435828209,0.1428800799510051,0.1189656134168809,0.0491384706871493,0.4154074052046044,1.5047882836761906
sub-11638,2,beta,10.9,m,ASD,61.998046875,11,0.2312033976872112,0.1861987195788133,0.2248340907279636,0.0753974774802193,0.0430497766118161,0.3024566657132809,1.2798542258296677
sub-11638,2,gamma,10.9,m,ASD,61.998046875,11,0.2768211119687415,0.0964818645437449,0.2256736086168546,0.0803938503083276,0.0267082170279134,0.3183849325484404,1.4708084763171103
sub-11638,3,theta,10.9,m,ASD,62.998046875,11,0.3816595832778039,0.2527405376410974,0.1652824664782178,0.1505970895300425,0.096460848273762,0.4979967638285829,1.504788283676191
sub-11638,3,alpha,10.9,m,ASD,62.998046875,11,0.3491612049932563,0.2215885550287839,0.1538889884050642,0.1175163504858063,0.0773701268867862,0.4999942388010864,1.504788283676191
sub-11638,3,beta,10.9,m,ASD,62.998046875,11,0.2950836100009951,0.2002586361434038,0.2461863873414305,0.0669560733336663,0.0590930412872716,0.3828897604111521,1.5571130980526455
sub-11638,3,gamma,10.9,m,ASD,62.998046875,11,0.3144435977777838,0.1889183723457066,0.2732476596894099,0.0657388494406419,0.0594041726868958,0.3779268111431383,1.054920167983144
sub-11638,4,theta,10.9,m,ASD,62.998046875,11,0.2641200999986212,0.11446494929558,0.1251053423278152,0.1057115247081977,0.0302324938544001,0.3321280061776619,1.5047882836761906
sub-11638,4,alpha,10.9,m,ASD,62.998046875,11,0.2496894189679878,0.1792205485180085,0.1552411033320219,0.1460539945221303,0.0447494746267648,0.3302374205198291,1.3661588475652018
sub-11638,4,beta,10.9,m,ASD,62.998046875,11,0.1997858340055899,0.1936912643045941,0.2219551984399866,0.0653913921824549,0.0386967707788841,0.3067196892677195,0.8018185525403375
sub-11638,4,gamma,10.9,m,ASD,62.998046875,11,0.2625716364852813,0.0938186866821171,0.1975370686184018,0.035005704263356,0.0246341260951171,0.3272750406729819,1.1682824501725626
sub-11638,5,theta,10.9,m,ASD,61.998046875,11,0.3866931346899896,0.5191277682585235,0.1114364403347555,0.1824614926242653,0.2007431440130261,0.9427084524337074,0.8018185525403373
sub-11638,5,alpha,10.9,m,ASD,61.998046875,11,0.3689970199997782,0.3889219577333543,0.1193905350413795,0.2839602009944938,0.1435110434164763,0.749922315226669,0.6390318596471768
sub-11638,5,beta,10.9,m,ASD,61.998046875,11,0.2828757310817942,0.5954299004296338,0.2095287163344095,0.1581855112094695,0.168432668392588,0.6685691025514063,0.6390318596471771
sub-11638,5,gamma,10.9,m,ASD,61.998046875,11,0.3062225977266701,0.426103597523964,0.1928869389677584,0.0687142330380226,0.1304825505348938,0.6285358357712275,0.6390318596471768
sub-11638,6,theta,10.9,m,ASD,62.998046875,11,0.2872233444950175,0.1056350943291304,0.1254267464156728,0.1906104218487309,0.0303408650893651,0.3482634517979683,1.5571130980526455
sub-11638,6,alpha,10.9,m,ASD,62.998046875,11,0.2708465205949185,0.0949266133318866,0.1511356035646053,0.1391324531386986,0.0257105429328956,0.3196222172275828,1.5047882836761906
sub-11638,6,beta,10.9,m,ASD,62.998046875,11,0.1963733430039769,0.0521508895617014,0.2193719049420817,0.0574447241727499,0.0102410445239146,0.2129399666879224,1.5571130980526462
sub-11638,6,gamma,10.9,m,ASD,62.998046875,11,0.2584622036905832,0.037241094608826,0.1997162095369397,0.0892591537218805,0.0096254153804839,0.2765402080372917,1.359236700660006
sub-11674,1,theta,11.7,m,ASD,62.998046875,11,0.2486238431072695,0.0659283341894942,0.1298015455121547,0.182612063108366,0.0163913558159183,0.2765036596981595,1.3321790402061222
sub-11674,1,alpha,11.7,m,ASD,62.998046875,11,0.2233289528074872,0.1267158280345843,0.1575529338203787,0.2295456559057651,0.028299313179224,0.2792476100014572,1.4708084763171114
sub-11674,1,beta,11.7,m,ASD,62.998046875,11,0.1680042131477968,0.0515217280807722,0.1408292740448362,0.0953259728853632,0.0086558673862764,0.1869335375651712,1.418483661940657
sub-11674,1,gamma,11.7,m,ASD,62.998046875,11,0.1847897081250729,0.0804893624153084,0.2441367528447397,0.0605492472444999,0.0148736057879785,0.2080776112349792,1.5571130980526455
sub-11674,2,theta,11.7,m,ASD,62.998046875,11,0.2347164749564843,0.0847783325088201,0.158024148452879,0.1452752654325381,0.0198988713592437,0.2685454954955877,1.5571130980526453
sub-11674,2,alpha,11.7,m,ASD,62.998046875,11,0.2677570547407283,0.0866195637536333,0.1566449021962511,0.2149047531892653,0.0231929992736862,0.310996520801917,1.4708084763171114
sub-11674,2,beta,11.7,m,ASD,62.998046875,11,0.1652158775397455,0.0392970126040399,0.146322934453966,0.0638228306613653,0.0064924904221061,0.1783705466212682,1.4708084763171114
sub-11674,2,gamma,11.7,m,ASD,62.998046875,11,0.2085636997475478,0.1227328814206398,0.2472402634526809,0.0828035994233189,0.0255976238298884,0.2601621634749742,1.5047882836761908
sub-11674,3,theta,11.7,m,ASD,61.998046875,11,0.2536543156166207,0.129017753743188,0.1588568583895946,0.125535025835488,0.032725910028251,0.3403323494837941,0.9404479886513262
sub-11674,3,alpha,11.7,m,ASD,61.998046875,11,0.299138393809816,0.1263505882161837,0.1708795714676507,0.2488773238666901,0.037796312016041,0.3961705307441374,1.0888999753412236
sub-11674,3,beta,11.7,m,ASD,61.998046875,11,0.1898776412780173,0.1159869110009157,0.157461277807375,0.0907070312070926,0.0220233210800931,0.2132895944794724,1.2206072645490171
sub-11674,3,gamma,11.7,m,ASD,61.998046875,11,0.2088702013489599,0.0900719191848625,0.2318903953226556,0.0942601058569062,0.0188133398961195,0.2381059434206061,1.5571130980526455
sub-11731,1,theta,11.5,m,ASD,62.998046875,11,0.2805776203892092,0.2043049083543475,0.168251954436315,0.1001117681084816,0.0573233850201026,0.4488549227027996,0.6390318596471771
sub-11731,1,alpha,11.5,m,ASD,62.998046875,11,0.2867846905586279,0.1172354385006681,0.1800300934238465,0.128974970025475,0.0336213289530364,0.3720995273698266,1.2798542258296677
sub-11731,1,beta,11.5,m,ASD,62.998046875,11,0.2196237712171231,0.073275205974638,0.2272391180293535,0.0995768798223981,0.0160929770729347,0.2626787433538941,0.8979457248537795
sub-11731,1,gamma,11.5,m,ASD,62.998046875,11,0.2756621694354652,0.0685031706775915,0.2519748523066308,0.0450820360978887,0.0188837326422613,0.3086958599600216,1.0888999753422235
sub-11731,2,theta,11.5,m,ASD,62.998046875,11,0.2819654792212478,0.0767197736177079,0.1524939372362405,0.1836501821246803,0.0216323277339393,0.3328389747688222,1.2206072645490174
sub-11731,2,alpha,11.5,m,ASD,62.998046875,11,0.2742692746574316,0.0681817483856608,0.1449677359856669,0.0941353119433343,0.0187001586746789,0.2985557383158396,1.4184836619406562
sub-11731,2,beta,11.5,m,ASD,62.998046875,11,0.2091285479689961,0.0823277911074344,0.192482210254458,0.1117275615454659,0.0172170914118749,0.2366092054476695,1.557113098052646
sub-11731,2,gamma,11.5,m,ASD,62.998046875,11,0.2633562768525646,0.070259189067576,0.2182688959663876,0.0618697363193271,0.0185031984475875,0.2973017150078482,1.504788283676191
sub-11731,3,theta,11.5,m,ASD,62.998046875,11,0.2774511987483621,0.0694783398490541,0.1478894015993072,0.1775173430896615,0.0192768486782356,0.31909479709714,1.2798542258296677
sub-11731,3,alpha,11.5,m,ASD,62.998046875,11,0.2582304234685612,0.0328010534647473,0.1697873484263323,0.1527821697697408,0.0084702299264494,0.2704929463495515,1.5047882836761903
sub-11731,3,beta,11.5,m,ASD,62.998046875,11,0.2084346276892505,0.0697406973749213,0.1929406791275482,0.0903203489302352,0.0145363762922001,0.2266414680019084,1.2798542258296677
sub-11731,3,gamma,11.5,m,ASD,62.998046875,11,0.2710447798537859,0.1026690989191347,0.2234813344273909,0.0836644708463974,0.0278279233144261,0.3156537634201767,1.5571130980526455
sub-11731,4,theta,11.5,m,ASD,62.998046875,11,0.2870289466898482,0.1088719573119994,0.1883038301953091,0.1314499289293465,0.0312494032314341,0.353395393535107,1.5047882836761906
sub-11731,4,alpha,11.5,m,ASD,62.998046875,11,0.2883313582527086,0.0675130884898977,0.1818917904972995,0.1026388895354454,0.019466140504195,0.3209312621102988,1.470808476317112
sub-11731,4,beta,11.5,m,ASD,62.998046875,11,0.2315212735952857,0.0714842971176182,0.207849300552595,0.1169027104271917,0.0165501355108062,0.2632893565489945,1.5571130980526455
sub-11731,4,gamma,11.5,m,ASD,62.998046875,11,0.2643988899780838,0.0501637264870373,0.2513759640247082,0.1230600071684842,0.013263233600387,0.2815126853553634,1.3138340331887468
sub-11731,5,theta,11.5,m,ASD,62.998046875,11,0.2639422068671386,0.103328426131369,0.1737582060137176,0.1901972093510121,0.0272727328253249,0.3033889028744724,1.504788283676191
sub-11731,5,alpha,11.5,m,ASD,62.998046875,11,0.2602278337446563,0.0784053408088352,0.1437429734434172,0.1053881382831169,0.020403251992773,0.2971372946563468,1.3661588475652016
sub-11731,5,beta,11.5,m,ASD,62.998046875,11,0.2041733202632167,0.08293057841033,0.1702829641335809,0.0962203443902166,0.016932211545469,0.2363521345777697,1.2206072645490171
sub-11731,5,gamma,11.5,m,ASD,62.998046875,11,0.252889407958703,0.0735955426331868,0.2335903421967392,0.0594788487594174,0.0186115332049797,0.2801396573924198,1.5047882836761912
sub-11731,6,theta,11.5,m,ASD,62.998046875,11,0.2951537342613007,0.083694450390926,0.1364593412776014,0.108674047605264,0.0247027295699126,0.3462853906896022,1.470808476317111
sub-11731,6,alpha,11.5,m,ASD,62.998046875,11,0.2832400239176841,0.0545839846585769,0.1391128079925335,0.0872801611035324,0.0154603691202724,0.305621505156919,1.2798542258296677
sub-11731,6,beta,11.5,m,ASD,62.998046875,11,0.2345430465126058,0.1216425093222469,0.167690680400142,0.1115445508497518,0.0285304047219994,0.2853564847133676,1.3321790402061224
sub-11731,6,gamma,11.5,m,ASD,62.998046875,11,0.357016368599828,0.3144699850605973,0.2158197918922284,0.081787160568118,0.1122709321002911,0.6072472935303389,1.5047882836761908
sub-11755,1,theta,8.1,m,ASD,62.998046875,11,0.2622011256444251,0.0657748037925998,0.1675308971698984,0.1354560825374634,0.0172462275935266,0.2843040680210185,1.470808476317111
sub-11755,1,alpha,8.1,m,ASD,62.998046875,11,0.2484052574741307,0.0697384214954116,0.1572080174809313,0.1812362958502846,0.0173233905474769,0.2722962646020447,1.2206072645490167
sub-11755,1,beta,8.1,m,ASD,62.998046875,11,0.1954100896970534,0.1207316576131214,0.1463935203156956,0.0663143145573194,0.0235921840435747,0.2501333909681664,1.418483661940657
sub-11755,1,gamma,8.1,m,ASD,62.998046875,11,0.209319818409994,0.1838325559528197,0.1587416829666319,0.1106663818283698,0.0384797972300731,0.2673625387491148,1.5571130980526455
sub-11755,2,theta,8.1,m,ASD,61.998046875,11,0.2508306128038789,0.0805353501080102,0.1317122603966148,0.1623324501578809,0.0202007312200476,0.2779691201676146,1.504788283676191
sub-11755,2,alpha,8.1,m,ASD,61.998046875,11,0.2477029178723024,0.0914133484186182,0.1194288670007473,0.0854968982691729,0.0226433531358605,0.3012221122191338,1.279854225829668
sub-11755,2,beta,8.1,m,ASD,61.998046875,11,0.1678893600987337,0.1003565050011827,0.1229720414170951,0.1047734126081865,0.0168487894064943,0.2061957395526881,1.1682824501725626
sub-11755,2,gamma,8.1,m,ASD,61.998046875,11,0.1901719812038947,0.1184343752402009,0.1435856758100376,0.1219262188651961,0.0225228997821929,0.2243579868688539,1.366158847565202
sub-11755,3,theta,8.1,m,ASD,62.998046875,11,0.2219130912895116,0.0967810993797767,0.1409836584291735,0.2186552450067342,0.0214769929418604,0.2514196920748484,1.2798542258296677
sub-11755,3,alpha,8.1,m,ASD,62.998046875,11,0.2432339689980476,0.078509406699381,0.1199977103295378,0.1551112212530581,0.0190961545952508,0.2740040811454321,1.50478828367619
sub-11755,3,beta,8.1,m,ASD,62.998046875,11,0.1626316723957202,0.0675856265097842,0.1159805962212632,0.1219587593181674,0.0109915634692663,0.1847195542666997,1.418483661940657
sub-11755,3,gamma,8.1,m,ASD,62.998046875,11,0.1744139755221902,0.0802513575970684,0.1419382008173286,0.0998508097568837,0.0139969583196378,0.2083978876259355,1.1682824501725633
sub-11755,4,theta,8.1,m,ASD,61.998046875,11,0.2568708479340839,0.0804477479888191,0.1436903601550022,0.2187751202068598,0.0206646812403559,0.286923928119468,1.5047882836761908
sub-11755,4,alpha,8.1,m,ASD,61.998046875,11,0.2523593501973794,0.1020189388673908,0.14602844677662,0.1703350332892202,0.0257454331205029,0.2994837726401088,1.4184836619406562
sub-11755,4,beta,8.1,m,ASD,61.998046875,11,0.1914725422744355,0.151428610244723,0.1228248284880457,0.0983649416579225,0.0289944209767931,0.2651436356333311,1.1935496040941334
sub-11755,4,gamma,8.1,m,ASD,61.998046875,11,0.2135172868448033,0.2650767681138768,0.1760666620430308,0.1515958132310768,0.0565984723335291,0.3251771537812852,1.2798542258296677
sub-11755,5,theta,8.1,m,ASD,62.998046875,11,0.2433438349565626,0.0716638622469621,0.1442036745892704,0.1320827363835501,0.0174389590670462,0.2785438936170917,1.5571130980526455
sub-11755,5,alpha,8.1,m,ASD,62.998046875,11,0.233903217866184,0.0882923540747445,0.1209660402878853,0.1265341686430562,0.0206518657311515,0.263949526334231,1.418483661940657
sub-11755,5,beta,8.1,m,ASD,62.998046875,11,0.1656298263156887,0.0912772734560926,0.1199079910049892,0.1182138996129043,0.0151182389491935,0.1921093928651662,1.470808476317112
sub-11755,5,gamma,8.1,m,ASD,62.998046875,11,0.1852763510057164,0.0929572238451385,0.1564375857905474,0.1232503344527863,0.0172227752337418,0.2179691583544797,1.2798542258296677
sub-11755,6,theta,8.1,m,ASD,61.998046875,11,0.2641106379306878,0.1246580695839996,0.1646574793879103,0.1460227532415012,0.0329235222811628,0.3092450845445131,1.2798542258296677
sub-11755,6,alpha,8.1,m,ASD,61.998046875,11,0.2589084437966943,0.1139849660351263,0.1510851752780011,0.2043594869696136,0.0295116701724876,0.3062225527963828,1.5571130980526455
sub-11755,6,beta,8.1,m,ASD,61.998046875,11,0.1918281620259636,0.2056443154136735,0.1427316723267533,0.1258327536215704,0.0394483710570981,0.3060720439791206,0.8018185525403374
sub-11755,6,gamma,8.1,m,ASD,61.998046875,11,0.2081263692219137,0.2294626878044925,0.1596372162725496,0.1311201586223633,0.04775723608488,0.3449586580244113,0.8979457248537799
sub-11759,1,theta,11.6,m,ASD,62.998046875,11,0.2205956423549909,0.0999892835331091,0.1815226134500217,0.1207232115841387,0.0220572002297015,0.2607613082195589,1.1682824501725626
sub-11759,1,alpha,11.6,m,ASD,62.998046875,11,0.2434913420109423,0.113481956195834,0.1483211939085762,0.0783817967580501,0.027631873808264,0.2975691754226165,1.470808476317111
sub-11759,1,beta,11.6,m,ASD,62.998046875,11,0.1854653958883823,0.180049961988115,0.2202842796773448,0.0684579598064534,0.033393037479994,0.2456480996866015,1.2206072645490176
sub-11759,1,gamma,11.6,m,ASD,62.998046875,11,0.2314356614354139,0.2607888030461671,0.2283395797070243,0.0523275275656006,0.0603558291282003,0.3637741671336559,1.2275294114522126
sub-11776,1,theta,11.1,m,ASD,62.998046875,11,0.2733475296479189,0.1383475427109953,0.1325455841427899,0.3723071422382706,0.0378169590330488,0.3202240135238648,1.4708084763171114
sub-11776,1,alpha,11.1,m,ASD,62.998046875,11,0.2710914401650727,0.1325899218035655,0.1349222621660961,0.2837032890602885,0.0359439928532355,0.3249997784589405,1.366158847565202
sub-11776,1,beta,11.1,m,ASD,62.998046875,11,0.1636437539900182,0.0574395233085305,0.119718991286345,0.0918661287515982,0.0093996192216625,0.1800256582943401,1.470808476317111
sub-11776,1,gamma,11.1,m,ASD,62.998046875,11,0.2153815674009754,0.047783045038823,0.1775720934349376,0.0689849181726708,0.0102915871357008,0.2263515807683563,1.359236700660006
sub-11776,2,theta,11.1,m,ASD,125.998046875,24,0.2371333691686555,0.0829763664741148,0.109092762453218,0.2204769322962858,0.0196764653434629,0.2862632354221726,1.6669547487348113
sub-11776,2,alpha,11.1,m,ASD,125.998046875,24,0.273012416258708,0.2884671790312175,0.1406679870808513,0.2719742617744437,0.0787551215589344,0.558484112122155,1.2143130643117013
sub-11776,2,beta,11.1,m,ASD,125.998046875,24,0.1651631087361908,0.1060692931312029,0.1054508674812259,0.1149294168352684,0.0175187341951058,0.2008108786320727,1.8950241749596195
sub-11776,2,gamma,11.1,m,ASD,125.998046875,24,0.2108924217642747,0.0867432433380543,0.1509907510788138,0.1093244220230219,0.0182934926593368,0.2724373903383649,1.609690709949814
sub-11776,3,theta,11.1,m,ASD,125.998046875,24,0.2434486115189151,0.0714166000760656,0.1110628471770342,0.170261740818408,0.0173862721279912,0.2883793017036735,1.8102520037784773
sub-11776,3,alpha,11.1,m,ASD,125.998046875,24,0.2715647562436752,0.1022689394564278,0.137482063317679,0.3225837137410676,0.0277726396148862,0.342275900959755,1.5979265097520388
sub-11776,3,beta,11.1,m,ASD,125.998046875,24,0.1676541756781655,0.071764648934258,0.0936755770849716,0.1127287361947988,0.0120316430599777,0.1929501019916081,1.932547923540287
sub-11776,3,gamma,11.1,m,ASD,125.998046875,24,0.2084584983628284,0.1081429266129263,0.1377098927399981,0.1517366410751325,0.0225433120904003,0.2788210129248678,1.6434263483392595
sub-11776,4,theta,11.1,m,ASD,125.998046875,24,0.2451342625231195,0.1120714955051627,0.1172309707440882,0.2411545152476588,0.0274725634006332,0.2970356830232817,1.9683230881077007
sub-11776,4,alpha,11.1,m,ASD,125.998046875,24,0.2573026653355433,0.1817306167696071,0.1574967851042069,0.177882079863296,0.0467597720680738,0.3655595576267286,1.9565588879099247
sub-11776,4,beta,11.1,m,ASD,125.998046875,24,0.1561248087248055,0.0683981120347932,0.0967727658372528,0.1073999941942701,0.0106786421586383,0.1782499299714324,1.880250345673064
sub-11776,4,gamma,11.1,m,ASD,125.998046875,24,0.2072012512565594,0.0971453681008757,0.1433955548315557,0.1509420552036187,0.0201286418243776,0.2448170938142218,1.96754460700626
sub-11776,5,theta,11.1,m,ASD,124.998046875,24,0.238455774056116,0.0888375564967775,0.1165246579403622,0.2199699704466846,0.0211838282997818,0.2992146900814231,1.797226758505175
sub-11776,5,alpha,11.1,m,ASD,124.998046875,24,0.2725689790790827,0.170099658899625,0.1456209954202204,0.2330974420447078,0.0463638903681411,0.3578491098098801,1.839021181250149
sub-11776,5,beta,11.1,m,ASD,124.998046875,24,0.1754315346443553,0.1004025399124863,0.1146668098243049,0.1017839073678969,0.017613771659139,0.2090792560365019,1.994082636490592
sub-11776,5,gamma,11.1,m,ASD,124.998046875,24,0.2297549244793416,0.0476586608855456,0.1725590473747301,0.0948316691258702,0.0109498120325927,0.251657920669713,1.945573168813589
sub-11776,6,theta,11.1,m,ASD,62.998046875,11,0.2384054299941484,0.0991224715252481,0.1165293599857856,0.1721243253579294,0.0236313354461586,0.2839771311783937,1.4708084763171116
sub-11776,6,alpha,11.1,m,ASD,62.998046875,11,0.2481733313002971,0.1155412167585146,0.164942831284835,0.1921540398793134,0.0286742486655658,0.3171053919114213,1.2798542258296677
sub-11776,6,beta,11.1,m,ASD,62.998046875,11,0.1728527802938186,0.1098190194274759,0.1126627681087414,0.0987835613042141,0.0189825228372899,0.2018394594716455,1.3138340331887473
sub-11776,6,gamma,11.1,m,ASD,62.998046875,11,0.2129886738283582,0.0517598904707852,0.1722096860744192,0.0794395991628518,0.0110242704289253,0.2320921711310453,1.557113098052645
sub-11777,1,theta,12.5,m,ASD,62.998046875,11,0.2409766647211396,0.0921214348911226,0.1468687272740436,0.1787508544477293,0.0221991161294804,0.2733760059512533,1.5047882836761912
sub-11777,1,alpha,12.5,m,ASD,62.998046875,11,0.2333433855281606,0.167582465403507,0.1817964484283428,0.0686166616730588,0.0391042598325777,0.2781641000236018,1.2798542258296677
sub-11777,1,beta,12.5,m,ASD,62.998046875,11,0.1782702493569329,0.0865557009019999,0.1811406944118888,0.0941717509363529,0.0154303063831501,0.2044223523500871,1.5047882836761906
sub-11777,1,gamma,12.5,m,ASD,62.998046875,11,0.2284506983100178,0.0726500209733995,0.2659366042799835,0.0563678805597595,0.0165969480236832,0.2604512914200717,1.470808476317111
sub-11777,2,theta,12.5,m,ASD,62.998046875,11,0.2342254484486204,0.113878488577626,0.1422969728311709,0.2415881779063017,0.0266732400558594,0.2834136277592085,1.557113098052646
sub-11777,2,alpha,12.5,m,ASD,62.998046875,11,0.1995045084033156,0.2625472765827147,0.1588065721998169,0.1363413492266267,0.0523793653475263,0.3444631700252443,0.9433483923260392
sub-11777,2,beta,12.5,m,ASD,62.998046875,11,0.1534640658854549,0.0927595806556241,0.1314006675997738,0.1196553608310018,0.0142352623973346,0.1738173919428168,1.5571130980526455
sub-11777,2,gamma,12.5,m,ASD,62.998046875,11,0.1606995757970843,0.0725807819956877,0.2178687746611624,0.0685080628147249,0.0116637008778002,0.1903666219078521,1.2798542258296677
sub-11777,3,theta,12.5,m,ASD,62.998046875,11,0.2287195301827193,0.1198323489799375,0.1283378581915286,0.218794433504177,0.0274079985595028,0.2718363214894098,1.5047882836761906
sub-11777,3,alpha,12.5,m,ASD,62.998046875,11,0.208308965480873,0.1777339824698267,0.1459551097058662,0.1796336771903734,0.0370235820192629,0.2548588594382006,1.2798542258296677
sub-11777,3,beta,12.5,m,ASD,62.998046875,11,0.1603040162646246,0.1981146989402178,0.1413129236164375,0.1374213928266028,0.031758581921372,0.2411226546283384,0.8018185525403374
sub-11777,3,gamma,12.5,m,ASD,62.998046875,11,0.2029416455858345,0.1411539367594489,0.217902864235617,0.112285972295112,0.0286460122070225,0.2569919946870917,1.2798542258296672
sub-11777,4,theta,12.5,m,ASD,61.998046875,11,0.2395693359625827,0.0779045140942387,0.1160820161768242,0.2302470683465269,0.0186635327101223,0.276065816586929,1.470808476317112
sub-11777,4,alpha,12.5,m,ASD,61.998046875,11,0.2511646864061242,0.1915788610073859,0.1634580269642712,0.2027040178065243,0.0481178445471541,0.3670573312284219,1.2798542258296677
sub-11777,4,beta,12.5,m,ASD,61.998046875,11,0.174409424870905,0.1999437643033225,0.1861770741095482,0.0452806397047502,0.0348720769388662,0.2512736237623587,1.0888999753412238
sub-11777,4,gamma,12.5,m,ASD,61.998046875,11,0.2355468702385917,0.1769727115924102,0.2438887099163039,0.0657845007516499,0.0416853683334061,0.3088735983301175,1.3321790402061222
sub-11777,5,theta,12.5,m,ASD,62.998046875,11,0.2459587090607956,0.1144727462924226,0.1283375106967577,0.149765850296673,0.0281555689008427,0.2880641773735377,1.2798542258296677
sub-11777,5,alpha,12.5,m,ASD,62.998046875,11,0.1927847195050081,0.2813656320533421,0.1858168992515927,0.1026237309359833,0.0542429944540342,0.3099338977483581,1.2206072645490174
sub-11777,5,beta,12.5,m,ASD,62.998046875,11,0.1816875561841499,0.1274088797361051,0.1810363369755445,0.0931362348796124,0.0231486079955406,0.2355655004185981,1.1682824501725628
sub-11777,5,gamma,12.5,m,ASD,62.998046875,11,0.2276134807685261,0.1125140050306867,0.2598990105295446,0.0485578691030216,0.0256097043203545,0.2805025670969058,1.4708084763171112
sub-11777,6,theta,12.5,m,ASD,62.998046875,11,0.2279776953883308,0.0776271880949516,0.1153569989282327,0.1025735653651833,0.0176972674414411,0.2561520129057452,1.3321790402061222
sub-11777,6,alpha,12.5,m,ASD,62.998046875,11,0.1873985757895853,0.1284637116399594,0.1850364478241988,0.1643070843149191,0.0240739166021008,0.2349756018152111,1.5571130980526455
sub-11777,6,beta,12.5,m,ASD,62.998046875,11,0.1726545318678228,0.1265458855702446,0.125753478640622,0.1571004196661617,0.0218487206330562,0.2175900259814018,1.4708084763171116
sub-11777,6,gamma,12.5,m,ASD,62.998046875,11,0.2066962057301079,0.0725887263913466,0.2372638486973145,0.0729793390914293,0.0150038143239449,0.2334031100861511,1.470808476317111
sub-11791,1,theta,9.3,m,ASD,62.998046875,11,0.2503232897732915,0.1152127970157162,0.1390241234238641,0.134798274903917,0.0288404463730717,0.2891588367140662,1.2206072645490171
sub-11791,1,alpha,9.3,m,ASD,62.998046875,11,0.2101552609913782,0.0825418520072334,0.1625348415023596,0.1850491043208751,0.0173466044513744,0.2326887988994184,1.366158847565202
sub-11791,1,beta,9.3,m,ASD,62.998046875,11,0.1641156967484046,0.1013623493754808,0.1721706510683071,0.1088261362113803,0.0166351525919136,0.1891004224781906,1.2798542258296677
sub-11791,1,gamma,9.3,m,ASD,62.998046875,11,0.2041220445381104,0.1300557623868113,0.1896157478666553,0.0602791722874677,0.0265472481224886,0.2564453823698407,1.3592367006600066
sub-11791,2,theta,9.3,m,ASD,62.998046875,11,0.2500279170228276,0.1107420029648368,0.1551377129336335,0.2069498255186274,0.0276885923283447,0.2911747618239023,1.279854225829668
sub-11791,2,alpha,9.3,m,ASD,62.998046875,11,0.2381248255804597,0.1375645673758884,0.1572110657625559,0.207520385651556,0.0327575386125724,0.2861560306688205,1.5571130980526455
sub-11791,2,beta,9.3,m,ASD,62.998046875,11,0.1930470607682718,0.224532590299733,0.1615903971682111,0.0866154508060502,0.0433453566042745,0.2885928462455829,1.0888999753412234
sub-11791,2,gamma,9.3,m,ASD,62.998046875,11,0.238070489869365,0.3447224302542164,0.2093936584702123,0.1349455721785703,0.082068237839924,0.4301617292036176,1.1682824501725626
sub-11791,3,theta,9.3,m,ASD,61.998046875,11,0.2344469937789394,0.1404993989588886,0.1629682455627817,0.1708574530561329,0.0329396617137998,0.3088258614482276,1.2206072645490174
sub-11791,3,alpha,9.3,m,ASD,61.998046875,11,0.2484290285744746,0.1416600491255666,0.1660589028129335,0.2652146655977888,0.0351924683922185,0.3442128726052313,1.193549604094133
sub-11791,3,beta,9.3,m,ASD,61.998046875,11,0.170138171909134,0.1067642446323964,0.173071714287471,0.0429587085940571,0.0181646734071222,0.209904190334968,1.4708084763171114
sub-11791,3,gamma,9.3,m,ASD,61.998046875,11,0.2253901093576317,0.060773455458797,0.2254013101649036,0.0832252086586774,0.0136977357719602,0.2442485940597486,1.504788283676191
sub-11791,4,theta,9.3,m,ASD,62.998046875,11,0.2583793079893322,0.0851624362973309,0.1215152565673661,0.2102749416893127,0.0220042113572751,0.2929062607997391,1.2798542258296677
sub-11791,4,alpha,9.3,m,ASD,62.998046875,11,0.2343573976752494,0.2235580136416683,0.1737627817915093,0.1531502398445182,0.0523924743067328,0.3425071188760137,1.4708084763171112
sub-11791,4,beta,9.3,m,ASD,62.998046875,11,0.1955877593349522,0.0975142421249345,0.179593039106694,0.0953956537021381,0.0190725921205594,0.2229697010503951,1.5047882836761906
sub-11791,4,gamma,9.3,m,ASD,62.998046875,11,0.240278569193592,0.0547677248331181,0.2307135484778486,0.1566449403029466,0.0131595105609447,0.2689777598465817,1.470808476317112
sub-11791,5,theta,9.3,m,ASD,62.998046875,11,0.2159711239706209,0.0933527815901563,0.1564248647501678,0.1283355647824146,0.0201615051659033,0.2534322303394337,1.279854225829668
sub-11791,5,alpha,9.3,m,ASD,62.998046875,11,0.258535373100092,0.1098530000494716,0.1582000892603007,0.1694896887931563,0.0284008863540644,0.3128203349366079,1.0888999753412234
sub-11791,5,beta,9.3,m,ASD,62.998046875,11,0.1816491957468687,0.2265172669664155,0.1687919089878473,0.0978095724135922,0.0411466793674546,0.3019776421836973,0.6390318596471768
sub-11791,5,gamma,9.3,m,ASD,62.998046875,11,0.2104711404288921,0.2001755517880726,0.2091529877380477,0.0956724525146132,0.0421311766710185,0.3295177827660582,0.9433483923260392
sub-11791,6,theta,9.3,m,ASD,61.998046875,11,0.2504426490940078,0.1414668533244863,0.1622685109467251,0.2560141157924963,0.0354293335057192,0.3304305711913496,1.4708084763171114
sub-11791,6,alpha,9.3,m,ASD,61.998046875,11,0.2272037807312587,0.0982187507372789,0.1586595656242559,0.1236403653483477,0.0223156715063091,0.2764084767480092,1.5047882836761908
sub-11791,6,beta,9.3,m,ASD,61.998046875,11,0.2130755165385685,0.2499077865652868,0.1861258187520833,0.0933392886785804,0.0532492307096587,0.3077423316223858,1.0888999753412236
sub-11791,6,gamma,9.3,m,ASD,61.998046875,11,0.2723425397283936,0.3479883086737089,0.2413168560749083,0.088667518564301,0.094772019780334,0.4567264928689563,1.0888999753412236
sub-11831,1,theta,8.0,f,ASD,62.998046875,11,0.2118741602753475,0.0980201308853642,0.1867003541531423,0.1027118847965452,0.0207679329215142,0.2415285791070044,1.2798542258296677
sub-11831,1,alpha,8.0,f,ASD,62.998046875,11,0.2247318713500838,0.1136632001527416,0.1644890820434646,0.1038900283188489,0.0255437436740784,0.2720356669411181,1.2206072645490171
sub-11831,1,beta,8.0,f,ASD,62.998046875,11,0.172340880022703,0.0968230405818029,0.2324744012545577,0.0469314608144434,0.0166865680204386,0.2110329792549545,1.418483661940657
sub-11831,1,gamma,8.0,f,ASD,62.998046875,11,0.2135518034530492,0.0722998611883826,0.2710326086794354,0.0909592801319032,0.0154397657462565,0.2416611980742859,1.470808476317111
sub-11831,2,theta,8.0,f,ASD,62.998046875,11,0.2135076084908251,0.1171064210370065,0.1755285293869697,0.2023706619021627,0.025003111894648,0.2389924780919965,1.2798542258296677
sub-11831,2,alpha,8.0,f,ASD,62.998046875,11,0.2490063447570735,0.1352840833480532,0.1882151911494025,0.1109297756179174,0.0336865950984453,0.3070804296020584,1.5571130980526455
sub-11831,2,beta,8.0,f,ASD,62.998046875,11,0.1974849706012616,0.2483256130394697,0.2071783183288117,0.0903406670146028,0.0490405763908882,0.2960204540496918,1.2798542258296677
sub-11831,2,gamma,8.0,f,ASD,62.998046875,11,0.2405717789257565,0.2416253997679661,0.2644565222868241,0.0697968520530061,0.0581282522560683,0.3308037304932508,0.8979457248537799
sub-11831,3,theta,8.0,f,ASD,62.998046875,11,0.1958510036330462,0.1226054541857734,0.1872671120306404,0.1177786597501645,0.0240124012532918,0.2420243101782531,1.5047882836761908
sub-11831,3,alpha,8.0,f,ASD,62.998046875,11,0.2423741551695521,0.1810025257077781,0.1910835887746282,0.1544196862538515,0.0438703342521588,0.3003361380585723,1.0888999753422235
sub-11831,3,beta,8.0,f,ASD,62.998046875,11,0.1499606020390588,0.1086101971319131,0.2300535321622872,0.1129745427732268,0.0162872505495911,0.1833948250432285,1.5571130980526455
sub-11831,3,gamma,8.0,f,ASD,62.998046875,11,0.1869528504339617,0.0808790897610077,0.2549105839617003,0.0573123360236771,0.0151205763714055,0.2085994488304788,1.2798542258296677
sub-11831,4,theta,8.0,f,ASD,62.998046875,11,0.1963764823922433,0.0841349677092136,0.1998692838713671,0.1012862438967763,0.0165221290050044,0.2195605845643492,1.557113098052646
sub-11831,4,alpha,8.0,f,ASD,62.998046875,11,0.2727699960379134,0.118568933356866,0.1631081313077155,0.2409405648098216,0.0323420474820905,0.3143438775018624,1.2798542258296677
sub-11831,4,beta,8.0,f,ASD,62.998046875,11,0.1876234743203792,0.2058523176027914,0.2380927334892651,0.0688831658733838,0.0386227270257437,0.2466497367901352,1.5571130980526455
sub-11831,4,gamma,8.0,f,ASD,62.998046875,11,0.2078381788333381,0.152049178104167,0.2517016379166994,0.13025198311184,0.031601624270428,0.2591875749921541,1.470808476317111
sub-11831,5,theta,8.0,f,ASD,61.998046875,11,0.2019505399032579,0.0991803771219647,0.1789046771930613,0.1568418949287595,0.0200295307076886,0.2470174607835923,1.3592367006600068
sub-11831,5,alpha,8.0,f,ASD,61.998046875,11,0.2704249925354643,0.1019411521177987,0.1594836450344894,0.1707722635150972,0.0275674353006143,0.3182846150185833,1.4708084763171112
sub-11831,5,beta,8.0,f,ASD,61.998046875,11,0.1645852703106899,0.1156344711407281,0.1983727140223705,0.159416471346124,0.019031730690046,0.1974947989884552,1.5571130980526453
sub-11831,5,gamma,8.0,f,ASD,61.998046875,11,0.1909391561625682,0.0590192120391498,0.2706249597843306,0.0587406524767999,0.0112690785441939,0.2120893394670561,1.088899975341224
sub-11831,6,theta,8.0,f,ASD,62.998046875,11,0.2069803615764727,0.1237528982890343,0.1894687131884983,0.1653436797603759,0.0256144196341245,0.2679008802098204,1.2798542258296677
sub-11831,6,alpha,8.0,f,ASD,62.998046875,11,0.2700858646852453,0.2405806141845009,0.1890685219165775,0.1103570034064644,0.0649774232087689,0.4125436057517604,1.4184836619406564
sub-11831,6,beta,8.0,f,ASD,62.998046875,11,0.1736244246800095,0.1394159019671522,0.2042236000773116,0.1156654291959234,0.0242060057704308,0.2141966772338678,1.5571130980526453
sub-11831,6,gamma,8.0,f,ASD,62.998046875,11,0.2407843388076739,0.1452045486082339,0.2433138243721888,0.1173575771334305,0.0349629812286455,0.3040286724279498,1.2206072645490174
sub-11847,1,theta,8.3,m,ASD,61.998046875,11,0.2205639647015149,0.0662756307618882,0.1787939782090877,0.0980782810870227,0.014618015884002,0.2436877266203477,1.5571130980526455
sub-11847,1,alpha,8.3,m,ASD,61.998046875,11,0.2354985690679111,0.0344733100384998,0.1577047206040372,0.119078834932426,0.0081184151851356,0.2444685508714625,1.0888999753422235
sub-11847,1,beta,8.3,m,ASD,61.998046875,11,0.178185784904296,0.0877928440286205,0.1999604000777775,0.071116305990334,0.0156434368223079,0.2085301144281054,1.4708084763171112
sub-11847,1,gamma,8.3,m,ASD,61.998046875,11,0.2301864593521971,0.2032034356340028,0.1849680304114148,0.1147765187281085,0.0467746793769964,0.3509676051096262,1.0888999753412238
sub-11847,2,theta,8.3,m,ASD,62.998046875,11,0.2322498560305809,0.1101100491835705,0.1704133390757994,0.112697070977115,0.0255730430705145,0.2887909293877436,1.2798542258296677
sub-11847,2,alpha,8.3,m,ASD,62.998046875,11,0.2381184510180178,0.0868018914780745,0.1462767615295338,0.1271091978413945,0.02066913194428,0.2785122499675648,1.3661588475652018
sub-11847,2,beta,8.3,m,ASD,62.998046875,11,0.1951235167068308,0.2946589956264762,0.1871074203874561,0.0966530938324151,0.0574948994562354,0.3648271677939891,0.3250829733894483
sub-11847,2,gamma,8.3,m,ASD,62.998046875,11,0.2501465738717271,0.2899014892246777,0.2086627801246755,0.1770751936204748,0.0725178642901544,0.4378190491559882,1.1935496040941331
sub-11847,3,theta,8.3,m,ASD,62.998046875,11,0.2436818142810912,0.1018209113480039,0.186140960213575,0.0682894800687588,0.0248119044091375,0.3060667056790951,1.2206072645490171
sub-11847,3,alpha,8.3,m,ASD,62.998046875,11,0.2609606367164805,0.0819091749341798,0.1752181301272247,0.1150542912475795,0.021375070443827,0.2905268561899995,1.2798542258296677
sub-11847,3,beta,8.3,m,ASD,62.998046875,11,0.2135025002756413,0.1572094709554699,0.2107835949328733,0.0931283196330934,0.0335646151161608,0.277824021455624,1.2206072645490174
sub-11847,3,gamma,8.3,m,ASD,62.998046875,11,0.2559900062771459,0.1325102623325305,0.208068281274226,0.0957480708851384,0.0339213028864232,0.3048734273364776,1.2798542258296677
sub-11847,4,theta,8.3,m,ASD,62.998046875,11,0.2412239930167427,0.108937371553651,0.1687080932573829,0.1608748571037188,0.0262783077550291,0.3020637202668505,1.1682824501725628
sub-11847,4,alpha,8.3,m,ASD,62.998046875,11,0.2360058681663285,0.0742555935880649,0.1774252378757941,0.1830258776859382,0.0175247558310315,0.2660420619753004,1.470808476317111
sub-11847,4,beta,8.3,m,ASD,62.998046875,11,0.1769691941444092,0.1075881807104418,0.2006564451715844,0.1096116906827489,0.0190397936398975,0.224852860655236,1.2798542258296677
sub-11847,4,gamma,8.3,m,ASD,62.998046875,11,0.2438532526003358,0.239310141077354,0.2032007198460054,0.1926531738669168,0.0583565562821973,0.3681780730247316,1.0888999753412236
sub-11847,5,theta,8.3,m,ASD,62.998046875,11,0.2469595394903586,0.1324048238767604,0.173716212759332,0.1148949730849874,0.0326986343310392,0.3010792150145486,1.5047882836761906
sub-11847,5,alpha,8.3,m,ASD,62.998046875,11,0.2384117463896592,0.076791887681581,0.1656079379819262,0.1983086734350972,0.018308088050801,0.2648789283386218,1.470808476317112
sub-11847,5,beta,8.3,m,ASD,62.998046875,11,0.1788672361417935,0.0756265985792386,0.2459628465172098,0.0653585745732194,0.0135271206667489,0.2049526609641415,1.4708084763171114
sub-11847,5,gamma,8.3,m,ASD,62.998046875,11,0.2166256272801336,0.0710106409300151,0.2653361756758002,0.0552479641124793,0.0153827246350998,0.2348878569169395,1.4708084763171112
sub-11847,6,theta,8.3,m,ASD,62.998046875,11,0.2562363579843286,0.1618458429185903,0.1852055216798421,0.0950274747258701,0.0414707893445251,0.3358660641618202,1.5571130980526455
sub-11847,6,alpha,8.3,m,ASD,62.998046875,11,0.2583847001227322,0.1489081278396626,0.1803820710975534,0.1563714240818022,0.0384755819578376,0.3279870152028286,1.2798542258296677
sub-11847,6,beta,8.3,m,ASD,62.998046875,11,0.2285801505580476,0.264726438623876,0.2294697008565531,0.0625486373234228,0.060511209197606,0.3373533663845303,1.332179040206122
sub-11847,6,gamma,8.3,m,ASD,62.998046875,11,0.2589838520423485,0.2751927367096792,0.2426107893929235,0.0745757239992342,0.0712704750074237,0.4208465456733332,1.3592367006600063
sub-11868,1,theta,10.1,m,ASD,62.998046875,11,0.271611619380402,0.0476310023497691,0.1468951716675617,0.1517311579745035,0.0129371336809801,0.2920760097432053,1.4708084763171112
sub-11868,1,alpha,10.1,m,ASD,62.998046875,11,0.2436442773197387,0.1247143785520098,0.17931551104341,0.1153028035391146,0.0303859446338094,0.2974237572718187,1.279854225829668
sub-11868,1,beta,10.1,m,ASD,62.998046875,11,0.1965287091504333,0.134551185595403,0.1382188987086467,0.1120048732551155,0.0264431708198594,0.2372109838036758,1.3661588475652016
sub-11868,1,gamma,10.1,m,ASD,62.998046875,11,0.2577023334978929,0.1592884345170363,0.2086048302239425,0.2234200575239,0.0410490012744258,0.325019439248089,1.5571130980526455
sub-11868,2,theta,10.1,m,ASD,62.998046875,11,0.2568445465927176,0.0911662510814788,0.1318059858294497,0.1169961282706932,0.0234155544236714,0.3080050361944667,1.470808476317111
sub-11868,2,alpha,10.1,m,ASD,62.998046875,11,0.2453140594952172,0.2043056118437382,0.1934089957361435,0.1361916809278983,0.0501190390192458,0.3504494136483952,1.4708084763171114
sub-11868,2,beta,10.1,m,ASD,62.998046875,11,0.1888634319175677,0.2038854452253576,0.1155402462812223,0.0843359771520227,0.0385065049035061,0.2726764003543962,0.9502705392302344
sub-11868,2,gamma,10.1,m,ASD,62.998046875,11,0.2444827477070182,0.3222940846206343,0.1599498964519885,0.2245215179348144,0.0787953433780932,0.4237148741683605,0.9404479886513264
sub-11868,3,theta,10.1,m,ASD,62.998046875,11,0.2778383778013255,0.0830893984004322,0.1357937478983104,0.2262381810640116,0.0230854236641472,0.3160505184320964,1.5047882836761908
sub-11868,3,alpha,10.1,m,ASD,62.998046875,11,0.2931150996888716,0.1212006826149142,0.1655330655321877,0.1368527068960063,0.035525750167151,0.3565582743889476,1.5571130980526455
sub-11868,3,beta,10.1,m,ASD,62.998046875,11,0.2061826562916355,0.19369073302023,0.1559697318553567,0.1138817156051373,0.0399356698333787,0.3117551955026785,0.9433483923260392
sub-11868,3,gamma,10.1,m,ASD,62.998046875,11,0.2502141801239515,0.1894909747247877,0.2025865864841412,0.1350890819610693,0.0474133288818406,0.3511415600563804,1.4184836619406564
sub-11868,4,theta,10.1,m,ASD,61.998046875,11,0.2514729569801007,0.0539129401450819,0.1447686603939488,0.162671519182907,0.0135576464778288,0.274194502854135,1.470808476317111
sub-11868,4,alpha,10.1,m,ASD,61.998046875,11,0.2780900356653381,0.1334136510265179,0.1409648771536288,0.166838808436812,0.0371010069723407,0.371278341173532,1.2206072645490176
sub-11868,4,beta,10.1,m,ASD,61.998046875,11,0.2093210377799496,0.1065698057006584,0.1321899553108064,0.1520237522513564,0.0223073023253759,0.2389572467982125,1.4708084763171116
sub-11868,4,gamma,10.1,m,ASD,61.998046875,11,0.2711407849980534,0.2085634751307745,0.174438105313081,0.2169518552548826,0.0565500643690887,0.3684999422545462,1.4708084763171114
sub-11868,5,theta,10.1,m,ASD,62.998046875,11,0.2699013509875972,0.0831050618928638,0.1312124080682561,0.079042580609992,0.0224301684788749,0.3084661325282568,1.359236700660006
sub-11868,5,alpha,10.1,m,ASD,62.998046875,11,0.2543161753575405,0.2022884895528559,0.1893928620034208,0.1709811010292334,0.0514452349821383,0.3669660814317971,1.3592367006600063
sub-11868,5,beta,10.1,m,ASD,62.998046875,11,0.2487040451014382,0.3323738595179733,0.1565950291262495,0.0717989843477169,0.0826627233484295,0.4433641527957612,0.9404479886513264
sub-11868,5,gamma,10.1,m,ASD,62.998046875,11,0.3032617280133097,0.4532408178041697,0.2247651220259556,0.1893129850807813,0.1374505936139114,0.6911048273268157,0.6390318596471771
sub-11868,6,theta,10.1,m,ASD,62.998046875,11,0.2877695788400266,0.0746340868115452,0.1237704479179847,0.1894261142968177,0.0214774197289429,0.337034627195503,1.418483661940657
sub-11868,6,alpha,10.1,m,ASD,62.998046875,11,0.2653357994967259,0.1099909170247967,0.1856365768871536,0.081193760906964,0.0291845279062624,0.3215667793665911,0.9502705392302346
sub-11868,6,beta,10.1,m,ASD,62.998046875,11,0.2936026313219869,0.2822974608884346,0.1941252753695019,0.1820930415077248,0.0828832773326424,0.4580301802176929,1.5047882836761908
sub-11868,6,gamma,10.1,m,ASD,62.998046875,11,0.3328336346101543,0.411904745299239,0.2664843055655194,0.1049557468982267,0.1370957534915274,0.681260461148059,1.2798542258296677
sub-11876,1,theta,10.6,m,ASD,62.998046875,11,0.244942314074996,0.0930902422046037,0.1701832649260815,0.205978566684018,0.0228017393434905,0.2724450790772061,1.279854225829668
sub-11876,1,alpha,10.6,m,ASD,62.998046875,11,0.2592993495139299,0.1441075138889634,0.1683826476987953,0.1328880352287795,0.0373669846116219,0.3477792335102693,1.1682824501725624
sub-11876,1,beta,10.6,m,ASD,62.998046875,11,0.2088001919359336,0.3485313914025382,0.2036137999005325,0.1007254855060711,0.0727734214208965,0.4257286149169821,0.3250829733894483
sub-11876,1,gamma,10.6,m,ASD,62.998046875,11,0.2368579561057955,0.4430156587939536,0.2709446522960459,0.0427393098941895,0.1049317834652413,0.5428350647825371,0.3250829733894484
sub-11876,2,theta,10.6,m,ASD,124.998046875,24,0.2533229040011923,0.1254040755184379,0.1789774250895829,0.1327872111823938,0.0317677245840409,0.3439533217579143,1.7289770006228422
sub-11876,2,alpha,10.6,m,ASD,124.998046875,24,0.2577015097867289,0.1607440131652254,0.1614072942570173,0.1178818143929322,0.0414239748820171,0.3232542424287524,1.96754460700626
sub-11876,2,beta,10.6,m,ASD,124.998046875,24,0.2141538081425139,0.2366974288136674,0.1975026180378153,0.1115164615375809,0.0506896557582252,0.3237429670862338,1.714203171336286
sub-11876,2,gamma,10.6,m,ASD,124.998046875,24,0.2458856091037015,0.2402870512169085,0.2433106286854884,0.0936870686843707,0.0590831279484421,0.3955909818692827,1.6656937036592838
sub-11876,3,theta,10.6,m,ASD,62.998046875,11,0.2237885858286244,0.083971811499428,0.1824615303267923,0.137196544485557,0.0187919329450088,0.2515936407736426,1.5047882836761906
sub-11876,3,alpha,10.6,m,ASD,62.998046875,11,0.2142722367804816,0.2431446874246988,0.1700213304161236,0.1617239024457943,0.0520991560360244,0.3409966703216149,1.2798542258296677
sub-11876,3,beta,10.6,m,ASD,62.998046875,11,0.1884977416402632,0.161065328341086,0.1945752452369653,0.0771431568668685,0.0303604506490032,0.2645260841797405,1.0888999753412234
sub-11876,3,gamma,10.6,m,ASD,62.998046875,11,0.2240303199839354,0.1747721898947591,0.2493413906510972,0.0567639323636836,0.0391542696265907,0.3171281479604086,0.8979457248537799
sub-11876,4,theta,10.6,m,ASD,62.998046875,11,0.2429160101120673,0.1538931353944796,0.1554952004343054,0.1118065443375772,0.037383106433817,0.3136872782469208,1.5047882836761906
sub-11876,4,alpha,10.6,m,ASD,62.998046875,11,0.247395180773317,0.1818370987467306,0.1593028114925651,0.1996261203526362,0.0449856219159247,0.3212980077649621,1.2798542258296677
sub-11876,4,beta,10.6,m,ASD,62.998046875,11,0.2543044605997442,0.3038235437685735,0.2083153885821076,0.1179200223072676,0.0772636824158736,0.3679057548525429,1.504788283676191
sub-11876,4,gamma,10.6,m,ASD,62.998046875,11,0.2967943651710115,0.2684555755194382,0.2822394310733238,0.15391283286421,0.0796761021131786,0.4253465293551935,1.3661588475652018
sub-11876,5,theta,10.6,m,ASD,61.998046875,11,0.2293465771666774,0.1270355122212406,0.1578305343493984,0.1883836508641989,0.0291351599066841,0.2821632069173577,1.504788283676191
sub-11876,5,alpha,10.6,m,ASD,61.998046875,11,0.2382723682957778,0.1724890245506178,0.1584185836318479,0.2377013464584239,0.0410993683848767,0.3245838465562289,1.2206072645490174
sub-11876,5,beta,10.6,m,ASD,61.998046875,11,0.1727029895056044,0.1653267918535466,0.1838305347621688,0.1106523784489223,0.0285524311986436,0.2263912370177755,1.4708084763171114
sub-11876,5,gamma,10.6,m,ASD,61.998046875,11,0.1954261284388946,0.1457011762073131,0.2593634484910743,0.1031697121860114,0.0284738167753341,0.2679634858284872,1.0888999753412234
sub-11876,6,theta,10.6,m,ASD,62.998046875,11,0.2314586968851441,0.0945934342579629,0.1662095925602967,0.1585041420150426,0.0218944730273332,0.2609399074612317,1.5571130980526453
sub-11876,6,alpha,10.6,m,ASD,62.998046875,11,0.2714834175124812,0.14682092694317,0.1551586676845276,0.1827972777186512,0.0398594470090289,0.3421149961330538,1.2206072645490174
sub-11876,6,beta,10.6,m,ASD,62.998046875,11,0.2218354252878727,0.2836258334077745,0.2150630679164212,0.1789495935466671,0.0629182573769246,0.3837073321219383,1.1682824501725628
sub-11876,6,gamma,10.6,m,ASD,62.998046875,11,0.2395897127844018,0.2475112591989772,0.2754060255266032,0.1323985483717641,0.0593011515026361,0.3948548789799597,1.0888999753412236
sub-11883,1,theta,10.8,m,ASD,62.998046875,11,0.261642086362453,0.0738657213323609,0.1511280599673993,0.1524274262656651,0.0193263814401403,0.2866821244485494,1.5047882836761906
sub-11883,1,alpha,10.8,m,ASD,62.998046875,11,0.2592227285452226,0.1195429018649033,0.1424342722303959,0.101578631627915,0.0309882371997535,0.3209116472652681,1.5571130980526455
sub-11883,1,beta,10.8,m,ASD,62.998046875,11,0.1845078615377696,0.0558407553140151,0.1472720874785796,0.1026267048006424,0.0103030583496986,0.1975487832556883,1.4708084763171112
sub-11883,1,gamma,10.8,m,ASD,62.998046875,11,0.2234644015356029,0.0584769545830231,0.1855022472148196,0.0556392076504582,0.0130675176595783,0.2436229226335841,1.3138340331887477
sub-11883,2,theta,10.8,m,ASD,62.998046875,11,0.2629906281789402,0.0924295677689515,0.1283147781606938,0.1577239485143751,0.0243081100899569,0.2967641392264926,1.3661588475652018
sub-11883,2,alpha,10.8,m,ASD,62.998046875,11,0.2603824857342454,0.1894197242368483,0.1366134884502949,0.1358145508980498,0.0493215786440752,0.3487210442459571,1.418483661940657
sub-11883,2,beta,10.8,m,ASD,62.998046875,11,0.1825024876272692,0.0858982369111411,0.1383255781766393,0.0896659476766681,0.0156766419191656,0.2048051243507843,1.3138340331887468
sub-11883,2,gamma,10.8,m,ASD,62.998046875,11,0.2364381159051903,0.091489124642432,0.166560358615374,0.0697136991480907,0.0216315162563632,0.2787271747701871,1.5571130980526455
sub-11936,1,theta,12.0,f,ASD,62.998046875,11,0.0888631915839358,0.4704161648754794,0.072366724644107,0.3028477455042069,0.0418026817839805,0.1945576527412996,1.1682824501725628
sub-11936,1,alpha,12.0,f,ASD,62.998046875,11,0.3271312476619998,0.5567946802453587,0.1160383091379437,0.179893651309545,0.1821449384407852,0.7418615363179478,1.1682824501725626
sub-11936,1,beta,12.0,f,ASD,62.998046875,11,0.2719222537934029,0.7741165920854811,0.131141213507845,0.2075475337703454,0.2104995284195265,0.8346193004671424,0.9404479886513264
sub-11936,1,gamma,12.0,f,ASD,62.998046875,11,0.2998442197041798,0.6346616829332516,0.1779914399815718,0.1855786665984873,0.190299637095897,0.7440064470998344,0.9404479886513264
sub-11936,2,theta,12.0,f,ASD,62.998046875,11,0.2581696716001653,0.5454875702681127,0.1717369265413974,0.1274424062456713,0.1408283468786362,0.5317818561088508,1.054920167983144
sub-11936,2,alpha,12.0,f,ASD,62.998046875,11,0.2793966231449961,0.3812683772650117,0.2138449330527554,0.078847090128621,0.1065250971201979,0.4869166079157114,1.2798542258296677
sub-11936,2,beta,12.0,f,ASD,62.998046875,11,0.2456465635463407,0.2025294246754036,0.2667849834440173,0.1283922836762879,0.0497506571887329,0.3544179511500853,1.4184836619406564
sub-11936,2,gamma,12.0,f,ASD,62.998046875,11,0.3035277383729243,0.1971832439841136,0.317619299637612,0.0901731333282702,0.0598505840917317,0.3927366472092776,1.5571130980526455
sub-11936,3,theta,12.0,f,ASD,62.998046875,11,0.1907211016494346,0.3041073222515242,0.1540550908384277,0.1351489693758176,0.0579996835197744,0.3108835169850028,1.4708084763171114
sub-11936,3,alpha,12.0,f,ASD,62.998046875,11,0.2414592835667426,0.3235018098921171,0.1795743754729042,0.1668069917476241,0.0781125152494186,0.3973415503217472,1.5047882836761908
sub-11936,3,beta,12.0,f,ASD,62.998046875,11,0.2871977260781174,0.3227840736526222,0.2480196877010591,0.1487647507499369,0.0927028519675874,0.50891895086433,1.2798542258296677
sub-11936,3,gamma,12.0,f,ASD,62.998046875,11,0.2635270159027784,0.2722895846719758,0.3254332117560363,0.1026734704683024,0.0717556617102849,0.3969183486670571,1.5047882836761906
sub-11936,4,theta,12.0,f,ASD,62.998046875,11,0.1017009519043309,0.4386711468806335,0.1282759610250527,0.4507741423789366,0.0446132732111636,0.1702811539711496,1.5571130980526455
sub-11936,4,alpha,12.0,f,ASD,62.998046875,11,0.1124334760911016,0.4451917579326447,0.1451174306177092,0.3379969525762398,0.0500544568719207,0.2177780307267416,1.2206072645490171
sub-11936,4,beta,12.0,f,ASD,62.998046875,11,0.2017752096468723,0.5099051362286526,0.206058983887062,0.3447681513814757,0.1028862157630632,0.4198067909990295,1.5047882836761906
sub-11936,4,gamma,12.0,f,ASD,62.998046875,11,0.2866708131440077,0.568558616714103,0.3021835662384294,0.1516158286004114,0.1629891609740326,0.6684555673816333,1.2798542258296677
sub-11936,5,theta,12.0,f,ASD,61.998046875,11,0.176867048688497,0.2801112197598516,0.1487194849037321,0.2160951496299087,0.04954244474374,0.2587385346561254,1.3138340331887473
sub-11936,5,alpha,12.0,f,ASD,61.998046875,11,0.298381033856044,0.2679793630567515,0.1881733163172142,0.096600095464494,0.0799599594012256,0.4625386715316376,1.5047882836761906
sub-11936,5,beta,12.0,f,ASD,61.998046875,11,0.2374574268486732,0.2810650904309731,0.2474105214853436,0.0719989895027023,0.0667409931510095,0.405923570032977,1.0888999753412236
sub-11936,5,gamma,12.0,f,ASD,61.998046875,11,0.2487624278737746,0.1518730258975793,0.3576857980806811,0.0926860144034114,0.0377803026509703,0.3514292961102502,0.9433483923260392
sub-11955,1,theta,8.5,m,ASD,62.998046875,11,0.2336900763502881,0.090214487356302,0.1604633421273242,0.1303078296219072,0.0210822304382865,0.2816574172530598,1.504788283676191
sub-11955,1,alpha,8.5,m,ASD,62.998046875,11,0.246277296784675,0.1113498047344576,0.1457638070327007,0.1867176372170411,0.027422928907615,0.3024853638803218,1.3661588475652018
sub-11955,1,beta,8.5,m,ASD,62.998046875,11,0.1863654869615968,0.0718117570907147,0.1965711159944354,0.070858916212123,0.0133832330798507,0.2097305673375622,0.9502705392302344
sub-11955,1,gamma,8.5,m,ASD,62.998046875,11,0.2046029175631839,0.1250672323329414,0.2005201416511415,0.0526327539749069,0.0255891206269974,0.2603414308552909,1.2798542258296677
sub-11955,2,theta,8.5,m,ASD,62.998046875,11,0.2447923179719329,0.0922389406096782,0.1495701597750014,0.1374093290689093,0.0225793840792108,0.2936682954994798,1.5047882836761906
sub-11955,2,alpha,8.5,m,ASD,62.998046875,11,0.2700691520755874,0.1354098203273724,0.141423981257221,0.1808130644205634,0.0365700153586565,0.3555382137135023,1.2206072645490176
sub-11955,2,beta,8.5,m,ASD,62.998046875,11,0.1671886280765676,0.1359540518095148,0.1967115128424315,0.0839508531296839,0.0227299714036193,0.2107829512287347,1.359236700660006
sub-11955,2,gamma,8.5,m,ASD,62.998046875,11,0.2107198910844044,0.1009604912189405,0.1962868369340036,0.0847077036136741,0.021274383713584,0.2408867557357029,1.5571130980526455
sub-11955,3,theta,8.5,m,ASD,62.998046875,11,0.2505013847747765,0.0986883129872099,0.1532274380363157,0.2233954650678385,0.0247215590644813,0.2962339312295475,1.4708084763171112
sub-11955,3,alpha,8.5,m,ASD,62.998046875,11,0.2630936623606684,0.1343879054108695,0.1384585274840652,0.1416844330629054,0.0353566062116591,0.3276252246740014,1.2798542258296677
sub-11955,3,beta,8.5,m,ASD,62.998046875,11,0.2434391343210567,0.2940254518464216,0.1873396758670492,0.0592600808555141,0.0715773014661444,0.4079171531809211,1.2275294114522128
sub-11955,3,gamma,8.5,m,ASD,62.998046875,11,0.3031808367298551,0.4668413276751749,0.2320353950364673,0.0753948604844759,0.1415373443451028,0.6771247859655216,1.0888999753412236
sub-11955,4,theta,8.5,m,ASD,62.998046875,11,0.2353176814019547,0.0653513037494618,0.1418098683440118,0.096715926381871,0.0153783172749835,0.2626767922016967,1.5571130980526455
sub-11955,4,alpha,8.5,m,ASD,62.998046875,11,0.2735183164372631,0.1680226454494189,0.130823268262742,0.2132903969935123,0.0459572711068282,0.3782450165079639,1.4184836619406564
sub-11955,4,beta,8.5,m,ASD,62.998046875,11,0.1814998938426403,0.1008949448488594,0.1815091529761079,0.0920152127766945,0.0183124217794279,0.2209365560735496,1.418483661940657
sub-11955,4,gamma,8.5,m,ASD,62.998046875,11,0.2205484976073388,0.1727201167355289,0.2122061291791998,0.0717312379473881,0.0380931622527578,0.321658671884457,1.0888999753412238
sub-11955,5,theta,8.5,m,ASD,62.998046875,11,0.2491993479019486,0.0739781485357927,0.1557174549377026,0.1697518284080346,0.018435306374187,0.2836794024432336,1.3661588475652016
sub-11955,5,alpha,8.5,m,ASD,62.998046875,11,0.2693480872064131,0.1930863154192313,0.1447564095612825,0.2179308140197367,0.0520074297240972,0.4095958467390395,0.9404479886513266
sub-11955,5,beta,8.5,m,ASD,62.998046875,11,0.1967649398471321,0.2380587499664873,0.1619739689158908,0.0919162489966536,0.0468416156174774,0.3045586818609153,1.0888999753412234
sub-11955,5,gamma,8.5,m,ASD,62.998046875,11,0.2739446199251847,0.3017665290686031,0.2048034934698411,0.0973315511497107,0.0826673171121424,0.4446954376595975,1.0296530140615736
sub-11955,6,theta,8.5,m,ASD,62.998046875,11,0.2458998604315537,0.0945361574126374,0.1305849718232099,0.1374012255545065,0.0232464279135974,0.293465728895296,1.5571130980526455
sub-11955,6,alpha,8.5,m,ASD,62.998046875,11,0.2925082381008569,0.2801328019171027,0.1486021853997823,0.1756687374442217,0.0819411523233082,0.4576479521904435,1.4708084763171114
sub-11955,6,beta,8.5,m,ASD,62.998046875,11,0.2042416340180781,0.1492196469656929,0.1753299103992629,0.1102779267766056,0.0304768645240231,0.2564956127936375,1.5571130980526453
sub-11955,6,gamma,8.5,m,ASD,62.998046875,11,0.2447667835421521,0.135879097316614,0.2107625512714171,0.0869160938629672,0.0332586896009345,0.2836419149026873,1.1682824501725628
sub-11976,1,theta,8.3,f,ASD,61.998046875,11,0.2536177365793274,0.1190428282188421,0.1302524487692773,0.2119375954312187,0.0301913726489834,0.2933445451509441,1.5571130980526455
sub-11976,1,alpha,8.3,f,ASD,61.998046875,11,0.2550128440532756,0.1367203923593001,0.1440741424861492,0.1351508235801693,0.0348654560957615,0.3344459117030043,1.3592367006600066
sub-11976,1,beta,8.3,f,ASD,61.998046875,11,0.316661605353956,0.6083459970810575,0.2132673080575901,0.1098397761527009,0.192639820046949,0.6436268349535038,1.5047882836761908
sub-11976,1,gamma,8.3,f,ASD,61.998046875,11,0.3333887788567385,0.5896815862106596,0.2339305956485882,0.06007963994875,0.1965932239416661,0.7070797511166262,1.2798542258296677
sub-11976,2,theta,8.3,f,ASD,62.998046875,11,0.2454324471839212,0.1197735593728672,0.1296464588424296,0.134414568694471,0.0293963177849312,0.2806722772458343,1.418483661940657
sub-11976,2,alpha,8.3,f,ASD,62.998046875,11,0.2446827183109853,0.0840515514898239,0.1170241081116376,0.131557391685129,0.0205659620968699,0.2883152881591473,1.3592367006600063
sub-11976,2,beta,8.3,f,ASD,62.998046875,11,0.2114676857067276,0.2487307948115276,0.1999876615875696,0.0913264443414639,0.0525985255430374,0.3626444967150277,0.8979457248537799
sub-11976,2,gamma,8.3,f,ASD,62.998046875,11,0.267408369262356,0.3824355629275968,0.2508939420406007,0.0945245299520856,0.1022664702307822,0.5525034330582655,0.8018185525403374
sub-11976,3,theta,8.3,f,ASD,61.998046875,11,0.2337671739085824,0.0884112342963189,0.10221397648261,0.2379889313866017,0.0206676443833084,0.2793758357818639,1.4708084763171114
sub-11976,3,alpha,8.3,f,ASD,61.998046875,11,0.2413794852342521,0.0915050644295614,0.1175395699498606,0.0948014320479032,0.0220874453484261,0.2879401610273012,1.4184836619406564
sub-11976,3,beta,8.3,f,ASD,61.998046875,11,0.1886011016139447,0.0728980013721662,0.2004456965011349,0.0530207047230987,0.0137486433643183,0.2143617592225754,1.4708084763171112
sub-11976,3,gamma,8.3,f,ASD,61.998046875,11,0.2597146497561108,0.239144660146161,0.2665527483021701,0.118494351587329,0.0621093716511435,0.3664747533934013,1.3592367006600063
sub-11976,4,theta,8.3,f,ASD,62.998046875,11,0.2489356161760346,0.1275950140113184,0.1384679157467061,0.2127111475994434,0.0317629434340249,0.3070713095476222,1.4708084763171116
sub-11976,4,alpha,8.3,f,ASD,62.998046875,11,0.230605893620965,0.131198099582032,0.123756724315443,0.1530309614999,0.030255054995618,0.2851613134121056,1.3661588475652018
sub-11976,4,beta,8.3,f,ASD,62.998046875,11,0.1703701714195367,0.0569685481379046,0.2086172912990828,0.0454435778028635,0.0097057413118339,0.1881296470318878,1.4184836619406564
sub-11976,4,gamma,8.3,f,ASD,62.998046875,11,0.2086379625917278,0.0885592682970896,0.261399762781563,0.0591850427370965,0.0184768253062075,0.2441865206492401,1.3661588475652016
sub-11976,5,theta,8.3,f,ASD,61.998046875,11,0.2319959296810891,0.0863075491597039,0.1214036959580473,0.2141322288238743,0.0200230001058881,0.2632091989161572,0.8979457248537799
sub-11976,5,alpha,8.3,f,ASD,61.998046875,11,0.2400036644220005,0.0990310137599008,0.1235011094201312,0.1505988994903607,0.0237678061939007,0.2816707251118722,1.3592367006600068
sub-11976,5,beta,8.3,f,ASD,61.998046875,11,0.1783560932663727,0.0571912883278794,0.190613759147477,0.0580928620050653,0.0102004147550884,0.2016863639586914,1.3592367006600066
sub-11976,5,gamma,8.3,f,ASD,61.998046875,11,0.2275899254344924,0.2206354278860313,0.2436962706994051,0.0879649343446285,0.0502144005810098,0.3505794289622796,1.1935496040941334
sub-11976,6,theta,8.3,f,ASD,62.998046875,11,0.246394559468084,0.0595257242135804,0.1008015623881108,0.1841982246683333,0.0146668145946833,0.2758832501563794,1.5571130980526455
sub-11976,6,alpha,8.3,f,ASD,62.998046875,11,0.2253238499868416,0.0865847584852869,0.1176128472476405,0.198443997282534,0.0195096111321723,0.273093468443323,1.313834033188747
sub-11976,6,beta,8.3,f,ASD,62.998046875,11,0.1614600452390077,0.1139469025926263,0.1305428914570526,0.0972467202395918,0.0183978720475642,0.192566784227175,1.279854225829668
sub-11976,6,gamma,8.3,f,ASD,62.998046875,11,0.2119925574628208,0.1560072753566475,0.1806789698949491,0.1045833918154395,0.0330723812858182,0.2897000177763508,1.1682824501725628
sub-11990,1,theta,11.7,m,ASD,62.998046875,11,0.2211174900853235,0.0459685943205612,0.1786464959542017,0.1189081676207814,0.0101644601989589,0.2399226986049815,1.2798542258296677
sub-11990,1,alpha,11.7,m,ASD,62.998046875,11,0.217946578244941,0.1100117743980142,0.1830617421506892,0.140770454906481,0.0239766897968116,0.2623513012258724,1.3321790402061222
sub-11990,1,beta,11.7,m,ASD,62.998046875,11,0.159295520456755,0.0523423145938585,0.1413188568379308,0.1320861903218548,0.0083378962451922,0.1662479592841828,0.9404479886513264
sub-11990,1,gamma,11.7,m,ASD,62.998046875,11,0.2060895859066215,0.0692673220181989,0.2182855042387753,0.0422345375091371,0.0142752737116604,0.2287016848759474,1.2798542258296672
sub-11990,2,theta,11.7,m,ASD,62.998046875,11,0.2431177175380452,0.0963607396250412,0.1636426714548156,0.1955555306149638,0.0234270030780142,0.2772685533767401,1.2798542258296677
sub-11990,2,alpha,11.7,m,ASD,62.998046875,11,0.2615016873044741,0.1776244406748387,0.1639686822253631,0.1882241768042696,0.0464490909431614,0.340903780708576,1.5047882836761906
sub-11990,2,beta,11.7,m,ASD,62.998046875,11,0.1862846968439177,0.1287221241558538,0.1453352665060966,0.1059979871656321,0.023978961875607,0.2326844719041543,1.5571130980526455
sub-11990,2,gamma,11.7,m,ASD,62.998046875,11,0.1996818871568891,0.0546706474966547,0.2037496758023759,0.0772304021671147,0.0109167380642757,0.2181457976666479,1.5571130980526455
sub-11990,3,theta,11.7,m,ASD,62.998046875,11,0.2603619582646844,0.0838480864821117,0.13188963090317,0.1420093732226439,0.021830851993313,0.3112720804158828,1.220607264549017
sub-11990,3,alpha,11.7,m,ASD,62.998046875,11,0.2329531225777532,0.1508349297840334,0.1811271184860215,0.1509425792788784,0.0351374678871375,0.3019446840030091,1.5571130980526455
sub-11990,3,beta,11.7,m,ASD,62.998046875,11,0.1700932489089978,0.0754506029447728,0.1593797556688115,0.072139946354991,0.0128336381870946,0.1921346114494873,1.5047882836761912
sub-11990,3,gamma,11.7,m,ASD,62.998046875,11,0.2263302504407059,0.0638481495134137,0.1972595823490847,0.0810977906356421,0.0144507676696104,0.2490731460902129,1.3321790402061222
sub-11990,4,theta,11.7,m,ASD,62.998046875,11,0.2576919008314108,0.4108140488998695,0.0726062376040191,0.5399692060198552,0.1058634531496663,0.4287409950562423,1.366158847565202
sub-11990,4,alpha,11.7,m,ASD,62.998046875,11,0.3391949784702545,0.3541757488295618,0.1696586884393345,0.1624068796656017,0.1201346354992836,0.5897736247351222,1.2798542258296677
sub-11990,4,beta,11.7,m,ASD,62.998046875,11,0.3333801010189033,0.4411378849772536,0.1572852073625596,0.2328338470793583,0.1470665926574233,0.5773384683298373,1.3321790402061222
sub-11990,4,gamma,11.7,m,ASD,62.998046875,11,0.2789619504616604,0.3632375823728818,0.1799074431315326,0.1023787115242369,0.1013294644600803,0.4461583287469212,1.2798542258296672
sub-11990,5,theta,11.7,m,ASD,62.998046875,11,0.2758836885853123,0.1708831005573442,0.1494957452736734,0.2737985835874186,0.0471438600988258,0.3616403088062759,1.4708084763171112
sub-11990,5,alpha,11.7,m,ASD,62.998046875,11,0.2259087495864147,0.1876445018229286,0.1789985518099813,0.1333721808974365,0.0423905347737711,0.2855702973294606,1.504788283676191
sub-11990,5,beta,11.7,m,ASD,62.998046875,11,0.1729027191124026,0.111207422671618,0.1295212280505506,0.095462173748516,0.0192280657655162,0.2182001922530716,1.3592367006600068
sub-11990,5,gamma,11.7,m,ASD,62.998046875,11,0.2134527056621848,0.0697466227146778,0.1893026990912242,0.0338552105551663,0.0148876053293173,0.2549262662632994,0.943348392326039
sub-11990,6,theta,11.7,m,ASD,62.998046875,11,0.2359524222846742,0.081458011573065,0.1853704379467042,0.2156718681910222,0.0192202151452391,0.2686202976811659,1.4708084763171112
sub-11990,6,alpha,11.7,m,ASD,62.998046875,11,0.2375736555835817,0.0917483364601306,0.1835707497634316,0.1239988414710547,0.0217969876866373,0.2836312914129634,1.2798542258296677
sub-11990,6,beta,11.7,m,ASD,62.998046875,11,0.1700242900839865,0.0480474230336114,0.1412469530150044,0.0926352338109802,0.0081692289917028,0.1819383994527081,1.504788283676191
sub-11990,6,gamma,11.7,m,ASD,62.998046875,11,0.2276667011270733,0.0954150174764031,0.196797437614161,0.0333046751094978,0.0217228222669301,0.2841176320367328,1.0888999753412238
sub-11993,1,theta,8.6,m,ASD,61.998046875,11,0.2598662270456727,0.0577499961632977,0.114855819855282,0.1787477426099482,0.015007273614916,0.283079888824438,1.557113098052645
sub-11993,1,alpha,8.6,m,ASD,61.998046875,11,0.2679020513137645,0.062935374478613,0.1169986008822875,0.1330572425414149,0.0168605159230833,0.3008965793963645,1.4184836619406564
sub-11993,1,beta,8.6,m,ASD,61.998046875,11,0.2072166925651459,0.0970476113067791,0.1739340089137915,0.1057474299258198,0.0201098850364356,0.2457571367072701,1.3321790402061222
sub-11993,1,gamma,8.6,m,ASD,61.998046875,11,0.2674975452223167,0.0971548288690157,0.2234743772637547,0.089176957463118,0.0259886782290531,0.3203554869122977,1.4184836619406564
sub-11993,2,theta,8.6,m,ASD,62.998046875,11,0.2647983741718623,0.0774983139805793,0.1059022202529235,0.181962778943549,0.0205214275431954,0.3032651701056348,1.5047882836761908
sub-11993,2,alpha,8.6,m,ASD,62.998046875,11,0.2579629939850564,0.0443067518719222,0.1258079373908954,0.0876942703207855,0.0114295023666783,0.2766349520665568,1.5571130980526453
sub-11993,2,beta,8.6,m,ASD,62.998046875,11,0.2126576146831248,0.0776964174570976,0.1783388084827805,0.1137412226818489,0.0165227348059283,0.255071555542659,1.2798542258296672
sub-11993,2,gamma,8.6,m,ASD,62.998046875,11,0.2592121068535556,0.1255895805630333,0.2006871803351835,0.1130415013804827,0.0325543397767238,0.3247425537438325,1.2798542258296677
sub-11993,3,theta,8.6,m,ASD,61.998046875,11,0.2678108322428097,0.0864515278447358,0.1169185643309315,0.172995812706348,0.0231526556208476,0.3039645756619441,1.313834033188747
sub-11993,3,alpha,8.6,m,ASD,61.998046875,11,0.2502922259602868,0.0830761380686392,0.1049103120275547,0.1312029124864805,0.0207933115214669,0.2781199972030674,1.2798542258296677
sub-11993,3,beta,8.6,m,ASD,61.998046875,11,0.2268900909453383,0.1565941135792734,0.1548976689368993,0.1736852995382506,0.0355296526716625,0.3173081664907319,1.1935496040941334
sub-11993,3,gamma,8.6,m,ASD,61.998046875,11,0.2802599321871137,0.1574863898834308,0.2085406392816068,0.1601680810026317,0.0441371249492811,0.3391013419206629,1.3321790402061224
sub-11993,4,theta,8.6,m,ASD,61.998046875,11,0.2653735370778016,0.0794550808668477,0.1017950664820161,0.2208405858054691,0.0210852758485175,0.3172667536795057,1.313834033188747
sub-11993,4,alpha,8.6,m,ASD,61.998046875,11,0.2715303097408585,0.0770278583351834,0.1209004795692248,0.1546549243739615,0.0209153982325043,0.2995540549766937,1.5047882836761912
sub-11993,4,beta,8.6,m,ASD,61.998046875,11,0.2070467078937322,0.0672699047150364,0.1889077799090682,0.0838250941997788,0.0139280123116406,0.2343713887451767,1.313834033188747
sub-11993,4,gamma,8.6,m,ASD,61.998046875,11,0.2946267307287898,0.2042431490464321,0.2374624681187467,0.1345727885179722,0.0601754912775074,0.436572411980883,1.1682824501725624
sub-11993,5,theta,8.6,m,ASD,62.998046875,11,0.2643437112267389,0.1484064994968695,0.1218619366309666,0.1476812168486989,0.03923032484732,0.3632079365750169,1.0888999753412234
sub-11993,5,alpha,8.6,m,ASD,62.998046875,11,0.2698772514710248,0.0836648222911616,0.1164630264273591,0.1225022560196082,0.0225792322848341,0.3130248855874559,1.0888999753412232
sub-11993,5,beta,8.6,m,ASD,62.998046875,11,0.2267699540559214,0.1608427950834319,0.17620526445667,0.1574334726714814,0.0364743132514567,0.2913757957587858,1.2798542258296677
sub-11993,5,gamma,8.6,m,ASD,62.998046875,11,0.2994861278484958,0.2039591837785517,0.210715369505229,0.153655144600728,0.0610829461891821,0.4211448410600403,0.5004024235361884
sub-11993,6,theta,8.6,m,ASD,62.998046875,11,0.2610780567573433,0.2824999443493419,0.1390936581212844,0.1856368879796573,0.0737545365050663,0.4582383558759414,0.8979457248537799
sub-11993,6,alpha,8.6,m,ASD,62.998046875,11,0.2797916330570128,0.277913298375228,0.1688223874110716,0.1962274143008787,0.0777578156009438,0.4855737536188497,1.1682824501725628
sub-11993,6,beta,8.6,m,ASD,62.998046875,11,0.2544975793500131,0.4039570753548421,0.2417288519001099,0.1258589484887824,0.1028060978395221,0.5045811867709228,1.0888999753412236
sub-11993,6,gamma,8.6,m,ASD,62.998046875,11,0.229879646848253,0.3225749265485257,0.3119170622483722,0.019567576778374,0.0741534101973988,0.4075414149996506,1.0888999753412238
sub-2713,1,theta,9.9,m,ASD,62.998046875,11,0.2355810350805664,0.0605733000023004,0.1201425618853118,0.1293856438431091,0.0142699207128481,0.2572599686925188,1.5047882836761912
sub-2713,1,alpha,9.9,m,ASD,62.998046875,11,0.2558096055450624,0.1662146239953869,0.1451922282738919,0.179688902664613,0.0425192974002469,0.3474768225001739,1.2798542258296672
sub-2713,1,beta,9.9,m,ASD,62.998046875,11,0.1764059327474277,0.0685078043681644,0.1388557983941181,0.0641444450044856,0.0120851831301128,0.1959516603160775,1.6094379124291005
sub-2713,1,gamma,9.9,m,ASD,62.998046875,11,0.2102318366530674,0.0934543069966892,0.1884842693527695,0.0457697258885593,0.019647070603147,0.2488999404688174,1.4708084763171114
sub-2713,2,theta,9.9,m,ASD,62.998046875,11,0.2452904060591613,0.0571452132641123,0.115078253986167,0.1056022714728342,0.0140171725659486,0.264496301673943,1.5047882836761903
sub-2713,2,alpha,9.9,m,ASD,62.998046875,11,0.2343481166029478,0.1409761038662783,0.1413398717291555,0.1484639362178758,0.0330374844272248,0.3094653546201774,1.4708084763171116
sub-2713,2,beta,9.9,m,ASD,62.998046875,11,0.1759979577360854,0.0834273649956509,0.126673799669226,0.0891112880139863,0.0146830458586209,0.1958226186214015,1.332179040206122
sub-2713,2,gamma,9.9,m,ASD,62.998046875,11,0.1895112057501733,0.0980702299764405,0.160253781304037,0.060838751263821,0.0185854075311301,0.2184197263504724,1.5571130980526455
sub-2713,3,theta,9.9,m,ASD,62.998046875,11,0.3042409494546752,0.3256199083300841,0.1080765799077724,0.2711298637417614,0.0990669100720147,0.5720365768789607,0.6390318596471769
sub-2713,3,alpha,9.9,m,ASD,62.998046875,11,0.2970420474267162,0.2579570283799026,0.149102282024874,0.2075698358226327,0.0766240838583357,0.4538640056506291,1.2206072645490174
sub-2713,3,beta,9.9,m,ASD,62.998046875,11,0.2535855045589413,0.3587017431409705,0.1237037710828673,0.2128398170554885,0.0909615625209334,0.4353235861872513,1.2206072645490174
sub-2713,3,gamma,9.9,m,ASD,62.998046875,11,0.2790105721885451,0.3114056831373904,0.1407976779315732,0.1260474463753856,0.0868854778352394,0.4881221873379421,1.1682824501725628
sub-2713,4,theta,9.9,m,ASD,61.998046875,11,0.237887718204978,0.080311064144371,0.1644193797400598,0.1040499744906846,0.0191050157959983,0.276617558999449,1.2798542258296677
sub-2713,4,alpha,9.9,m,ASD,61.998046875,11,0.2705589498166317,0.2166855962828151,0.1503236943506557,0.2221709841094836,0.0586262273708857,0.3985183600138174,1.418483661940657
sub-2713,4,beta,9.9,m,ASD,61.998046875,11,0.1722408545233788,0.0513352412778143,0.1465458937740716,0.0670985638678619,0.0088420258249059,0.1883408392152352,1.2206072645490171
sub-2713,4,gamma,9.9,m,ASD,61.998046875,11,0.2059710353861755,0.1008040814004528,0.1587447717748383,0.053431591000312,0.0207627210173043,0.2626247860982345,0.9433483923260394
sub-2713,5,theta,9.9,m,ASD,62.998046875,11,0.0547237941411724,0.5968491794186723,0.0170286179869366,0.5772922917920046,0.0326618516284319,0.1182178344590319,1.1682824501725626
sub-2713,5,alpha,9.9,m,ASD,62.998046875,11,0.1031948978261688,0.5190800674649318,0.0251042270551602,0.4135944589721773,0.0535664145261635,0.2365669721618906,1.0888999753412236
sub-2713,5,beta,9.9,m,ASD,62.998046875,11,0.1015366626843516,0.5893602391645839,0.023388634248974,0.3666121002705262,0.0598416718042125,0.2119709949147004,1.3138340331887468
sub-2713,5,gamma,9.9,m,ASD,62.998046875,11,0.1611906672408468,0.7232388499869922,0.0443271450851877,0.3487008873876242,0.1165793528046292,0.4846359662817291,0.9433483923260392
sub-2713,6,theta,9.9,m,ASD,62.998046875,11,0.1319106632164215,0.7403710095052718,0.0229193646852723,1.0330046016860082,0.0976628308907922,0.3656586292835267,1.418483661940657
sub-2713,6,alpha,9.9,m,ASD,62.998046875,11,0.2225030450320601,0.5904651059829557,0.0482305137227982,0.7028845976983016,0.1313802840669762,0.5249416513856064,1.4708084763171114
sub-2713,6,beta,9.9,m,ASD,62.998046875,11,0.1872309041184346,0.4930701730622004,0.0354246568351487,0.6518912759651372,0.0923179742967619,0.3904614973567417,1.4708084763171112
sub-2713,6,gamma,9.9,m,ASD,62.998046875,11,0.2764322317623862,0.6715753614940361,0.0668033318734987,0.379581924023198,0.1856450759750992,0.702200468098961,1.2798542258296677
sub-10003,01,theta,12.9,m,TD,61.998046875,11,0.2159815919898452,0.17145005923468318,0.15555580620633436,0.28484781733931547,0.03703005674043158,0.284269197563558,1.3661588475652018
sub-10003,01,alpha,12.9,m,TD,61.998046875,11,0.17340190777372408,0.3530812751796374,0.21850694788751623,0.1188973649033273,0.06122496671568146,0.33501835774144856,1.1682824501725626
sub-10003,01,beta,12.9,m,TD,61.998046875,11,0.13421870078613657,0.07607785316985599,0.13238327273145678,0.09563715901139322,0.01021107061113261,0.15845045236417393,1.1682824501725624
sub-10003,01,gamma,12.9,m,TD,61.998046875,11,0.16645649524578024,0.12808343896825936,0.13020299203083766,0.11699978639808345,0.02132032034981133,0.21329340204677064,1.4184836619406564
