participant_id,age,sex,group,qc_flag,n_runs,alpha_rel,beta_rel,theta_rel,spectral_entropy_mean,log_theta_alpha,log_theta_beta,plv_mean_theta,plv_mean_alpha,plv_mean_beta,plv_mean_gamma,plv_median_theta,plv_median_alpha,plv_median_beta,plv_median_gamma,mean_degree_theta,mean_degree_alpha,mean_degree_beta,mean_degree_gamma,degree_cv_theta,degree_cv_alpha,degree_cv_beta,degree_cv_gamma,clustering_theta,clustering_alpha,clustering_beta,clustering_gamma,global_efficiency_theta,global_efficiency_alpha,global_efficiency_beta,global_efficiency_gamma,mean_path_length_theta,mean_path_length_alpha,mean_path_length_beta,mean_path_length_gamma,laplacian_entropy_theta,laplacian_entropy_alpha,laplacian_entropy_beta,laplacian_entropy_gamma,mean_delta_theta,mean_delta_alpha,mean_delta_beta,mean_delta_gamma,cv_delta_theta,cv_delta_alpha,cv_delta_beta,cv_delta_gamma,mean_degree_cv_theta,mean_degree_cv_alpha,mean_degree_cv_beta,mean_degree_cv_gamma,temporal_cv_degree_cv_theta,temporal_cv_degree_cv_alpha,temporal_cv_degree_cv_beta,temporal_cv_degree_cv_gamma
sub-10003,12.9,m,TD,ok,12,0.1779020279163175,0.0439660479595868,0.1173857474243345,0.6786039933270333,-0.3692441496916627,0.9834350354834052,0.3412487400356449,0.448666800963842,0.2961802267073963,0.2504172532430612,0.3278255005063178,0.4601377185691528,0.2839480135578504,0.2403168259037976,21.49867062224563,28.266008460722045,18.65935428256597,15.77628695431286,0.1675390986038307,0.2353773798312747,0.1438185918203223,0.1454987304890427,0.298455698328135,0.4145965859075495,0.2549283586400965,0.2173044835265654,0.3904541818790123,0.4796374920501156,0.3428183631880836,0.2885706503742138,2.9119799417211625,2.421015146535176,3.314838507676075,3.9476617357228654,4.1261942264620375,4.111049734943914,4.129638436901816,4.129253509495806,0.2116915220936248,0.1930327780032923,0.1421461087747776,0.1642404337572271,0.1388312488140625,0.2666841474106688,0.1032892043071676,0.0881921044186275,0.1613122877603357,0.2185291237473454,0.1422133729177675,0.1453587020335324,0.1855582067287026,0.0807661853557819,0.1080101826526495,0.1063802985760602
sub-10025,8.3,m,TD,ok,12,0.0783875522558608,0.0775174740145172,0.2132463079244205,0.7272994640669089,0.1356373587171969,0.8219130678336883,0.2845691638609999,0.3125649075650841,0.2251540559836033,0.18045536925021,0.2587386516904449,0.2880749033871104,0.1964862735990318,0.1498887907297987,17.927857323242996,19.6915891766003,14.18470552696701,11.368688262763234,0.1249536728980186,0.1357274158776112,0.2015797216919979,0.2318405841965366,0.245715140394088,0.2766744544875945,0.1918408429061417,0.1509514366359876,0.3316172982141117,0.3523709440356601,0.2685450324230236,0.2232154623517579,3.463961080053544,3.2811530872553605,4.391016036554609,5.344475938746171,4.131768698621836,4.130517389069981,4.117303498742438,4.109701606610182,0.2466175087674179,0.2675532799104184,0.1808555477389266,0.2128125930457195,0.1230478342933532,0.1564816781258949,0.1245444043645774,0.0971080347305611,0.125375611589236,0.1460731731427873,0.1922818916109049,0.2095352733150802,0.1854168205776566,0.1647225349351729,0.0739968009529754,0.0543231577830572
sub-10036,11.0,m,TD,ok,12,0.1582931410493817,0.145100304167329,0.2021848499595005,0.7882136724805068,0.2469025252107248,0.3261896860197061,0.3164509702243048,0.3532883905219342,0.2790061440189082,0.2403040456309358,0.2968333653966336,0.3413985268321524,0.258347248352067,0.2179693759819785,19.936411124131205,22.257168602881865,17.577387073191222,15.13915487474896,0.1229353842342475,0.1716190524030461,0.1322357656579989,0.1513038075659184,0.2741975501977827,0.3150682184237864,0.239762888942781,0.2079495195852832,0.3661585774438969,0.3943518649197055,0.3253376684565787,0.2803972414889384,3.099715776066484,2.894055793972953,3.520155033173562,4.146503702447974,4.132461960527193,4.125372953581248,4.130630716289449,4.126924031774959,0.2330802253148002,0.2312751887758105,0.14838067866981,0.1758537716211503,0.1238873107023139,0.1414084623540025,0.1035911825891445,0.1003531004374697,0.1319809194254063,0.165210025199425,0.1333336586043995,0.1527633805201785,0.2061896146967811,0.1736419715537542,0.0982240520271025,0.0888320343986837
sub-10124,12.0,f,TD,ok,2,0.295280140056441,0.1331577173112325,0.1151426167877328,0.7823531072240623,-0.9356888715841248,-0.1752864685019126,0.3514254420571466,0.4239497936004452,0.3245235280070752,0.2346219015175733,0.3206856809525079,0.4075554830207043,0.2919698884459415,0.1938349849686726,22.139802849600244,26.708836996828047,20.444982264445738,14.781179795607123,0.1851732016327046,0.209404975555956,0.2160915517277,0.2996935505837934,0.3051778858423727,0.3817337788157143,0.282916346701565,0.1955871558681816,0.3970930938541225,0.463259627110208,0.3637630808800294,0.2759126606474297,2.9489429360043804,2.51733431358936,3.29936402144829,4.59509688449083,4.122757620123192,4.118071357982174,4.1157465357920575,4.091203006335991,0.1877391810774415,0.2036054922109908,0.1485865111417237,0.1584016405841995,0.1582252733266795,0.2005441721420563,0.1273441329692426,0.0609558199901558,0.1778680898782044,0.1978760294578509,0.2124236483713321,0.2803122796346881,0.1119064391155439,0.1025258348141122,0.0806860944924016,0.0538911539701415
sub-10129,12.7,f,TD,ok,6,0.1894711642199945,0.253533532837388,0.090110410653418,0.8314687463071363,-0.7121427675228947,-1.008500693909072,0.2809582384626977,0.3257615375158476,0.1991174317581217,0.1931946245425688,0.2593971256241525,0.3052770871497351,0.1576449872631962,0.1427004880712137,17.700369023149957,20.522976863498403,12.544398200761671,12.171261346181838,0.1278429095405014,0.1560142625440431,0.2086482878188728,0.229042262795742,0.2426762589093543,0.2894227743681743,0.1651379872954055,0.1587129210150085,0.3287430535276507,0.3666186035367247,0.2458722792053288,0.2391098412461915,3.4577258956483905,3.132240590722978,4.936431402142625,5.23163202378301,4.13161718563663,4.127638550953406,4.114798546784561,4.109175058422923,0.2481354073537376,0.2419493241822081,0.1890359233228888,0.2123501638740802,0.0677962019915729,0.1210347199471031,0.099289694050981,0.1436959902482197,0.1295538835220274,0.1575139290938802,0.1952189676072479,0.2123369469918657,0.1612346595926888,0.1181771925910735,0.0703156761802778,0.1063500591348276
sub-10170,8.3,f,TD,ok,6,0.1016249968207473,0.093624595542667,0.1366234472511185,0.739869190724716,0.3011739242095709,0.391415695702743,0.3162813452094326,0.3163541847868691,0.2281281537502773,0.2020076438050144,0.2936665905907558,0.2991728487080304,0.1908836762769032,0.157375997021465,19.925724748194256,19.93031364157276,14.372073686267475,12.726481559715909,0.1459278507606442,0.1468268181346194,0.1898762559528652,0.2279113250958414,0.277444587018746,0.274104567888089,0.1906155170899365,0.1655569202929505,0.3603785354764803,0.3631416803765623,0.2711257602527007,0.2456240820343642,3.1861058903745465,3.1575306764217266,4.500364211646175,5.113483038464307,4.129039403153153,4.128785107465763,4.118397459600563,4.108273314181829,0.2297772838518547,0.2193761621694486,0.166287873264394,0.1911147056985108,0.0969896905042271,0.1310001915942585,0.0982512317795425,0.0976584123559195,0.1467312389100981,0.1447019954960194,0.1826518521261746,0.2099798983033579,0.2094286559171752,0.1573789358490023,0.0731995339390657,0.0604076805531746
sub-10177,8.1,m,TD,ok,6,0.148846267530013,0.0894368510221303,0.1517014034475559,0.7283736985065913,0.0511397444041811,0.5310161279410268,0.2856835813708251,0.3080221096732626,0.2432132055411966,0.1988228494980439,0.2596289896168813,0.2860290207596941,0.2211486864709025,0.1742571802518176,17.99806562636198,19.405392909415543,15.322431949095389,12.525839518376776,0.1655447122057501,0.1799226106185402,0.1874500842214113,0.1974108273098374,0.2490308541943602,0.2711749886572451,0.2095574928669176,0.1696091378141685,0.3318334143552517,0.3511904354163377,0.2855477999789976,0.2379628312731018,3.449178100647712,3.2709185250266994,4.060807157566591,4.990935789734044,4.1262881290799625,4.123688253603312,4.121407138521571,4.11796705521816,0.2532106004372736,0.26569134585033,0.1733956231823164,0.2144124787261812,0.0990709566133372,0.1468192028455839,0.1121918315122006,0.1268184343316558,0.153993850986236,0.1708780987231133,0.1819903662453331,0.1887807161539505,0.1773761603824925,0.1668857518988306,0.0791053510664036,0.0627242018855181
sub-10182,10.6,f,TD,ok,6,0.0732664788285087,0.0488554314686765,0.1158460697953019,0.7593363123731356,-0.1200404610300261,0.7386071412970084,0.270840367729334,0.4002335416651532,0.2133513278981265,0.1709992806619776,0.234590358713437,0.3918162872531521,0.1775409593977623,0.1259993453785523,17.06294316694805,25.214713124904648,13.441133657581972,10.772954681704595,0.1392588764936745,0.2323407169067125,0.2350074178938865,0.3029129106557475,0.2300808656980726,0.3637122085669598,0.1778029023317382,0.1395821272256515,0.3204486938143494,0.4361776011535768,0.2587527054635236,0.213527975328327,3.659163417708428,2.67019144363827,4.692717877044784,6.028043016914552,4.1289519022278816,4.111704073592617,4.109065934039342,4.087439518896908,0.2577627873165377,0.2019453045098825,0.187552302981432,0.212634264917812,0.1497277177766371,0.2799089145212019,0.1460163627422751,0.1065722090918153,0.138581583914185,0.2153981530511207,0.221000232146927,0.2654239044343506,0.1498840964077251,0.1152703936167092,0.0604691819656185,0.0481984323914472
sub-10212,9.5,m,TD,ok,3,0.0472647601354244,0.0350026342879501,0.1195386089088457,0.6574592984861466,0.9837748680735766,1.2619334088964618,0.2540780696082488,0.2297040280314039,0.2044166927151921,0.1834985232332888,0.199337403335051,0.1747706408421334,0.1607472517507497,0.1432898155836294,16.00691838531968,14.47135376597845,12.878251641057112,11.560406963697206,0.1483096321454056,0.1699418574373481,0.1829439933650571,0.1956567600000419,0.2108582163461291,0.1845306456023346,0.1652825727104089,0.1489025783825418,0.3074069596550589,0.2849203912313605,0.2543975962193494,0.2280783224654771,3.912052273529666,4.280465116380923,4.77947962907193,5.42013169347815,4.1266707913008185,4.122824644725843,4.119891069460827,4.1159405769519815,0.2947783711831628,0.2946704630216106,0.2294878112395039,0.2490613029265274,0.2718610113719102,0.2563400497747307,0.3221244391732193,0.2593836097488229,0.1441569233522197,0.152768515738077,0.1715918935061315,0.1867671815137398,0.1729797677405807,0.1704041118338375,0.1279861086347205,0.1228570290237271
sub-10213,8.2,f,TD,ok,6,0.0279046502649001,0.0188377715996096,0.039561065076206,0.6576446763450435,0.271132292613949,0.7113451334316022,0.2812581471192124,0.3136549381703451,0.1893126947139047,0.1681478258924148,0.2599043509319132,0.3008458203967043,0.1612309760324424,0.1315469953058907,17.71926326851038,19.760261104731743,11.926699766976,10.593313031222133,0.1438017733453298,0.1823127340911292,0.1872995110375445,0.2199799277471631,0.2443480737201201,0.2778719305527506,0.1586456029022812,0.1401264895166422,0.3274618638127181,0.3550534318420271,0.2324567828191656,0.2084759287627189,3.4844305263897657,3.2088473328398632,5.099727497146984,5.85173937011777,4.129539241436181,4.123218186469444,4.119750157049663,4.111658706701442,0.2509360968753185,0.2459013863313304,0.2154200134351276,0.252798491784319,0.1021890341812993,0.1255564980795024,0.0994379434310995,0.1504859856823995,0.1385562829527142,0.1741985994474174,0.1799052505057809,0.2037594057089312,0.1452361667408121,0.0998393635033899,0.0801852169911685,0.0959252409438777
sub-10214,12.6,f,TD,ok,6,0.3684097071211959,0.0755750273683069,0.1418936332859457,0.7543066185549842,-0.956438151201585,0.6222345476666922,0.3295903803662822,0.4612110780004301,0.2795407808467668,0.2072091572445788,0.3149846617061814,0.4726908392157831,0.2597876141035374,0.1852288002083817,20.764193963075783,29.05629791402709,17.611069193346314,13.054176906408468,0.1714620444307328,0.2230393384336636,0.1804499827831872,0.2062430549729245,0.2880665010826097,0.4282719025822062,0.2408248787553074,0.1785479428001573,0.3773909456718995,0.4904089057982809,0.3243205765298373,0.2435022878732746,3.0180449807019314,2.3572910856536997,3.554223573965686,4.7826423660364,4.1251171403754165,4.114547948736769,4.123297946610845,4.117638439122221,0.2189504452553063,0.1947001410282706,0.1529344948632484,0.2079238508068084,0.1197306908596758,0.2806464752182261,0.1228295809128035,0.1279820271421768,0.1610563818648189,0.209052539987725,0.1739511954795758,0.1999455140893279,0.1367431253006539,0.1178961614708253,0.0826318507615422,0.0767647584408871
sub-10258,12.7,m,TD,ok,6,0.0268922968040806,0.0532920682874851,0.0879817886490776,0.6702342538416235,1.2269295631361283,0.2849121658892482,0.2802934162873355,0.2356465820051959,0.193086949460409,0.2022456418743331,0.2557081306941905,0.2084815864406299,0.1490037050374559,0.1426478631424632,17.65848522610214,14.845734666327346,12.164477816005771,12.741475438082984,0.1605907254349688,0.1517205253133917,0.1812709251351522,0.2338622629963398,0.2431864735698334,0.2016059147115005,0.1600831422611901,0.1693860848956382,0.3263668966048267,0.2816304247398339,0.2391856311653416,0.2403247077168103,3.515832941363388,4.098738390944684,5.080950929194169,5.33554308067099,4.12678837277804,4.127612957147488,4.120236990855335,4.10786924063651,0.2579830104158047,0.2690845663497962,0.1919472737801391,0.2025018492376357,0.0856724341885301,0.0823951998043554,0.0848892495667543,0.1109379019593409,0.1507443226356692,0.1446830916979025,0.1752642428446074,0.2199236069973052,0.1589374429074597,0.113723809841708,0.0763266275146887,0.1087363447588812
sub-10260,8.3,f,TD,ok,3,0.0945947395267359,0.0520310633897969,0.1681881822343006,0.7111161480584975,0.5830715604982787,1.1711425024215183,0.3008354762288541,0.3051156417944093,0.2504971620559781,0.1968768336064533,0.280201175495134,0.2853697308474925,0.23095913592943,0.1730826428468708,18.95263500241781,19.22228543304779,15.781321209526624,12.403240517206562,0.1759934879639559,0.1261167605828322,0.1677598181813051,0.1831368638110009,0.260137510124715,0.2658176706013037,0.2134036907327373,0.1670457240620634,0.350007697380482,0.3514289711486844,0.2965667665061035,0.2365052692376557,3.269785260258889,3.232403225166096,3.8877464813679383,4.9680223998404,4.124125593451235,4.132000287174681,4.125093948445401,4.121563924403516,0.2406971877707572,0.2394983403886514,0.170421664282728,0.2077881123503147,0.1059687428301417,0.1128187166850704,0.0990875275844538,0.130008081525545,0.1653817537498048,0.1376695761940906,0.1618187804971422,0.1759813405341943,0.1493512999834263,0.157363511510906,0.1130317412582033,0.089616814746925
sub-10310,11.8,m,TD,ok,6,0.3196529435811815,0.0939162782590224,0.1306441653504262,0.7638995482776035,-0.8579479651710217,0.3314633005837422,0.3359944669204148,0.3897807360024262,0.2942690345316745,0.2595814994965478,0.3133349048742898,0.3809830211315887,0.2760117542315451,0.2361115467486631,21.16765141598614,24.55618636815285,18.53894917549549,16.353634468282515,0.1519387372277787,0.1770282805127686,0.1685579813913328,0.1748120685965812,0.299345727415497,0.3486799987017439,0.2538991752838264,0.2218949347897958,0.3780405110531382,0.4313167366403299,0.3396489554081215,0.3040212746060091,3.00871409649397,2.654991952943963,3.403475464085361,3.821012972197428,4.128746763777351,4.124422850517958,4.124989063483123,4.123142475033078,0.2043269578618675,0.2238590652495785,0.1385485548005026,0.1564810746487923,0.0949506244563699,0.2240073613005443,0.1065854292761093,0.0987430674961533,0.1494691258708806,0.1703656986545767,0.1634993033400417,0.1695563984492082,0.1420142651649286,0.1823091131735955,0.0928358276599567,0.0713626222449348
sub-10314,9.0,m,TD,ok,3,0.1187935206317007,0.0885473084690492,0.0722779480225585,0.7448085097628464,-0.4990120603039636,-0.1961395872100464,0.2786424091262362,0.3275500847701059,0.2127546606500091,0.1607279193566119,0.2551005283720804,0.3103968891932939,0.1726840980666693,0.1152631577959138,17.554471774952884,20.63565534051668,13.40354362095058,10.12585891946655,0.1530785286363173,0.16431145445281,0.2291822892435334,0.2692084927625179,0.2403009931009431,0.2915819474101951,0.1826921208507876,0.1316459148154275,0.3261444117076443,0.3694185579411679,0.2528977583903248,0.2034995412941156,3.508396614599727,3.0756307865300183,4.778121445507366,6.1929301067627245,4.127940379068015,4.126685907423014,4.111192731668736,4.097630190930267,0.2507038205004999,0.2429530104322272,0.1764740141283368,0.2259304290255173,0.104489621170407,0.1721224508802572,0.0926084765108276,0.0924164549967722,0.1460492348838555,0.1592876749794109,0.2155478704624246,0.2344638868898375,0.1591704168329304,0.1611045734704305,0.0914294200153839,0.0578198335198252
sub-10354,12.5,f,TD,ok,5,0.142285234685412,0.1434510004963842,0.1495174243942659,0.766767079369902,0.0525013306477747,0.04145497112053,0.3120662329313965,0.3141942941133482,0.2754200937199461,0.2220609094213811,0.2952788820643137,0.3006820316058986,0.2614147455217325,0.2016090405011624,19.660172674677987,19.79424052914094,17.35146590435661,13.989837293547016,0.1395509358469612,0.1362309551722847,0.1349466610287544,0.1968212415799262,0.2726953190121838,0.272671418378656,0.2359885640528693,0.1904407435763753,0.3576155689061026,0.360965547214647,0.3208135916862217,0.2619673944761234,3.1758749137821662,3.1528307782680027,3.5689555975727485,4.444912320566543,4.130314858973367,4.130471746857788,4.130340717295193,4.11903903865859,0.2348360047736142,0.2144394489211707,0.1551008925725626,0.1835908846789436,0.108417307799051,0.1488636888496865,0.1131709020947604,0.1101988393666049,0.1392666035422858,0.1353690289576367,0.1354329679999158,0.1894185920970989,0.1509920305022277,0.194231679807727,0.0833270114571389,0.0810143185978925
sub-10400,12.6,f,TD,ok,6,0.0943818653596184,0.0942540587279706,0.1442380638007756,0.7659733424885492,0.3768175455911808,0.5367939257796018,0.3144000885768657,0.33696016065172,0.2536688664288135,0.2344010042415241,0.295364428118566,0.319928191369681,0.2350910832273165,0.211001215889569,19.807205580342544,21.22849012105836,15.98113858501525,14.767263267216018,0.1526735089323927,0.1649872495826817,0.154701314591344,0.2038190369598658,0.2735781686357453,0.3003964891192681,0.2156497588806131,0.2002434812547137,0.3624080182646534,0.3784476344415873,0.3002113506675096,0.2753330216966405,3.153650262020912,3.0179885257081795,3.851718790899454,4.307748496518745,4.127538530299719,4.126624188239133,4.126806873378729,4.117741667939445,0.2241039482883564,0.2269915126921788,0.1730526421419269,0.2193916971505811,0.1234887897987673,0.1633194282635482,0.1491190024498841,0.2010481496616259,0.1472158271858866,0.1587288633058582,0.1536544530195155,0.2009238999851783,0.1767581863134235,0.141482372347815,0.0972012061376127,0.0993408142478957
sub-10434,8.7,m,TD,ok,6,0.1961452055422212,0.0981161835787858,0.1796447472757074,0.7578891662087605,-0.0684525954081521,0.6076934999322102,0.2762284742913994,0.3124216307441755,0.1909512181577077,0.1667865426935144,0.2501429014296419,0.2886449977255831,0.1607202940479168,0.1312985641907392,17.40239388035816,19.68256273688306,12.029926743935588,10.507552189691411,0.1355382533377755,0.1785841010322529,0.2410604860957104,0.2739685947955236,0.2394425416812674,0.2750717410452691,0.1597323110689429,0.1380503537768517,0.3240008530335514,0.3561354397818172,0.2350452921986276,0.2102209465303531,3.518149830132478,3.239912971729287,5.1336686577768935,5.863500512776657,4.13059953801586,4.123776555404638,4.107389420487692,4.097814942341888,0.2610900865784339,0.2622843442526298,0.19330312107414,0.2328057187070205,0.0906003877398612,0.1823593910277118,0.078428046452692,0.0954058714904099,0.1338455947534057,0.1708846013552207,0.2222253145234494,0.2430782814254274,0.1594126165851361,0.1698300543525453,0.0558047978533498,0.0570296660957336
sub-10520,11.0,m,TD,ok,3,0.4103559213522955,0.0732689580590097,0.1742693675497639,0.7588370698952988,-0.83797113320696,0.8647327399141554,0.2886156641947303,0.4166393902831065,0.2066818436248254,0.1466746077347062,0.2663582700798014,0.4200307519088109,0.1812508756751679,0.1155260406079183,18.18278684426801,26.24828158783572,13.020956148364007,9.240500287286492,0.1481816969024632,0.2322107475813501,0.2009604463754017,0.2650298160168548,0.2491807763755491,0.3827592165478959,0.1742311326140367,0.1196073706648521,0.3374849422920885,0.4482818396571166,0.2517168217350835,0.1902326926175049,3.3738289514724262,2.605222130322934,4.641186752612707,6.3899986025207065,4.1289262342628446,4.111592316947281,4.118096781263522,4.100705165136923,0.2420627756582287,0.2235198360749185,0.1940466722995066,0.2399840537852514,0.1155293519754673,0.23252261770164,0.0969748456275462,0.0496853424139841,0.1465137787709327,0.2130174800597818,0.1908120669453256,0.2248354722999174,0.203156761150118,0.13429226785624,0.0878859346396229,0.0728382871105927
sub-10593,9.4,f,TD,ok,2,0.0662355998835838,0.0584862007594301,0.2096903702822987,0.6748514355478726,1.1628818101244116,1.278328416958212,0.2993020015658145,0.2705881158126758,0.2235468512704607,0.1929197635435768,0.2814797675162612,0.2466544405911748,0.2026496786814158,0.1638135918283307,18.856026098646318,17.047051296198575,14.083451630039027,12.153945103245343,0.1554292523955558,0.1454742248311844,0.1658087069055022,0.2184400564574569,0.2597210755187982,0.2342637847015468,0.1898280608044858,0.1635967338973088,0.3470858234612294,0.3161163972495944,0.2667532316382162,0.232199706170371,3.283133785774285,3.607204648423524,4.341200453745698,5.094562747331494,4.127701173556755,4.129263644001771,4.125446871819179,4.11452496063238,0.2435569185567876,0.2613866155322545,0.1761494643716041,0.2049195781363599,0.0881583398323399,0.1140542254415731,0.0591392591067148,0.0882398414987198,0.148086689092249,0.1480221128407607,0.1609795390012095,0.2048655266116717,0.1935242173977769,0.1504269873743089,0.0768222850974994,0.0894647352302861
sub-10741,11.7,f,TD,ok,6,0.1149826599279654,0.0654761559889443,0.1638898503669277,0.735004580122704,0.3632851900577267,0.9529349979219992,0.3343773869971467,0.3828729630449052,0.3006682324907113,0.2236594647883253,0.3184804226536551,0.3789091953494224,0.291998232815895,0.2106270544914152,21.065775380820245,24.120996671829037,18.94209864691482,14.0905462816645,0.2017017659264376,0.1642815943506478,0.1609622328684091,0.1703288348466018,0.2951250976605923,0.3443012235302546,0.2701422463551715,0.1934339457558092,0.3781937200643443,0.4211535293183819,0.3348698540887944,0.2590061667193025,3.0313552227221323,2.7075861082033312,3.399443479575235,4.424986649525183,4.119758396331161,4.127103940312746,4.127265883827932,4.124829780145672,0.2161850059277986,0.1992324112807165,0.1332254927417613,0.1861798364177575,0.1047943137445856,0.1566241411372723,0.0888727343265747,0.0819497804142358,0.1865810996023673,0.1622094367757562,0.1589305408745094,0.1657753700792393,0.1410356985189529,0.1547926560126217,0.0765554228707103,0.0864370173047499
sub-10747,9.2,m,TD,ok,6,0.0676126610068235,0.0766783723812374,0.10508599736246,0.725165419784373,0.4336729104712737,0.3452684996944323,0.2997855327578989,0.3505308871649659,0.1860443334358022,0.1663960228372614,0.2733627251087199,0.345871610862766,0.1512143045974607,0.1242303830338538,18.886488563747637,22.083445891392856,11.720793006455546,10.482949438747474,0.1929909485854998,0.2067619550465314,0.22249151407421,0.2798676132815159,0.2606775726272335,0.3192760442352932,0.1549508804162868,0.1367691314468169,0.3481049777092971,0.3840399155619049,0.229804190204262,0.2092070374093246,3.3170896769726244,3.000829894019215,5.232931777040571,5.924125743159464,4.120632213049241,4.118016543322171,4.111707023405737,4.096072338490098,0.2444884091409902,0.2456139072047405,0.2041065887327479,0.235641830534797,0.1188130497480528,0.2341780038974285,0.0783300458533504,0.1046288375643047,0.1706986425271231,0.188666120929372,0.2085150103121615,0.2525366716473207,0.1459226285694322,0.1498559061385523,0.0660864763948061,0.0594549408688707
sub-10752,11.9,m,TD,ok,6,0.0816426043060694,0.1078013725760214,0.0912174251983334,0.7655796785490859,0.149135980806781,-0.1229950588453166,0.3087477267569591,0.3146086039607865,0.2334137199686301,0.2132926792046109,0.2917339937127983,0.2990397300209296,0.2104774160664587,0.1838092774229974,19.451106785688427,19.82034204952955,14.7050643580237,13.437438789890487,0.1333921460383304,0.1492573416554123,0.1554173002980412,0.2028558547604212,0.2681347099176289,0.2747949723648865,0.1983192545056528,0.1831964525170415,0.3570997483467326,0.360566726465622,0.277765077278692,0.2529109034210912,3.1780524668185435,3.158769855405554,4.183091160859058,4.674947225178938,4.131239151442297,4.128837920033948,4.126744993227599,4.117712691045671,0.2378492861288691,0.239527911105195,0.1723309375128596,0.2243980032100338,0.123737599331595,0.1995181513400769,0.1260417569696311,0.1626615147894525,0.1337177974310192,0.1474413254723899,0.155667894215436,0.2014086718849989,0.2004621385145015,0.22215247082469,0.0854129159117452,0.0763068847265598
sub-10764,12.9,f,TD,ok,6,0.1484737767309949,0.0804407964018494,0.1326726507486879,0.7389828627816973,-0.0940711640688322,0.4951043591943096,0.3087529608929867,0.3739094958105339,0.2264487682479843,0.1859222450817226,0.2836790200899549,0.3615093313177409,0.1933308745754935,0.1484640920124646,19.451436536258164,23.556298236063643,14.266272399623018,11.713101440148533,0.1655977602120799,0.1765033724065734,0.1529514421780956,0.1833788590143838,0.2712478480124544,0.3435795159089385,0.191136643420766,0.1539959416818267,0.3532821083792373,0.4052402702769641,0.2728328340290316,0.2297628487602707,3.246688336775655,2.8213755874786823,4.311838367124887,5.245864422984255,4.1259738682769145,4.124593897952699,4.126492570858118,4.12026807327464,0.23828106165418,0.2173660321228549,0.1802410803208917,0.2133524544375841,0.1025433516859685,0.2309939697720441,0.0878935914431823,0.1216057181488704,0.1569882222348119,0.1704687687594088,0.1536859592190102,0.1764920203667448,0.1826082647925143,0.1341135937984636,0.114989581523685,0.0572424204180082
sub-10769,12.0,m,TD,ok,3,0.1384748728098706,0.0477290387471002,0.2356944476679825,0.741866881504054,0.4358159435007138,1.4868989954045606,0.2880235591938669,0.3442687506937634,0.1760721520161815,0.1185288187125772,0.2648807311113687,0.3368401652166686,0.1514170466419535,0.0905641316869099,18.14548422921362,21.688931293707096,11.092545577019436,7.467315578892367,0.1915074099981517,0.1863008776791511,0.2388705910270607,0.307829369689971,0.2510799532781395,0.3104633766467143,0.1479714239455348,0.0979453395623713,0.331792610672344,0.3811930258330081,0.2152259019624871,0.1503160455379881,3.4697338893052767,3.012714848451239,5.517979490989611,8.293506484996252,4.12133722632927,4.122496791832611,4.109140105933274,4.088982953800902,0.2777751535645846,0.2682826188483017,0.2307249872544894,0.2974849607443891,0.2054047402386977,0.2423850335157731,0.1368296233306014,0.1345911764116284,0.1720418345109119,0.1831502054832548,0.215581052651464,0.2386646246143312,0.1881604133547405,0.1653629275778226,0.0949446081789426,0.0733020936203506
sub-10787,12.9,f,TD,ok,6,0.2976639435319269,0.1493426647204094,0.1406612805128447,0.7892024441714974,-0.7344489181600665,-0.0328076536308311,0.2821940219774634,0.3874095370202584,0.2309710104682047,0.1930684501883911,0.2564554947284365,0.3803747962818766,0.20423767263986,0.1629283449890712,17.778223384580194,24.406800832276275,14.551173659496898,12.163312361868645,0.1526664917602191,0.1896812888501688,0.1671954063637743,0.2191486776436795,0.2441406989800479,0.357164762059159,0.1959848537751812,0.1615433907296601,0.3298481954334109,0.417280626988343,0.2765127401862917,0.2344596053479171,3.469187803813256,2.735314287857237,4.227567793241829,5.156392004567235,4.127873029854372,4.122282313487832,4.124328345763867,4.11177871700103,0.2459590955680845,0.2313781026082672,0.1860207659780909,0.216802732286756,0.0862945519654735,0.2843592791841958,0.0907636613464459,0.1247596349059372,0.1460566953192313,0.1796810806859573,0.1651078780964558,0.20328559276843,0.1409310575800879,0.1198917256474262,0.0902897353450081,0.070617128237425
sub-10788,8.6,m,TD,ok,6,0.1666169660791964,0.0581489875006441,0.1548526562436231,0.7277691470873454,-0.0436017945849421,0.9843940388403224,0.2941463839178264,0.3406673013431274,0.2303608420534947,0.1883777975227017,0.270099922505325,0.322898362259816,0.2037248129689221,0.1537625037867792,18.53122218682306,21.462039984617032,14.512733049370173,11.86780124393021,0.1548841609996356,0.1624383838408236,0.183325510430931,0.2400099244471597,0.2550292746428968,0.3069257142626007,0.1960054708134256,0.1589576004095677,0.3418096105689372,0.3771550005073825,0.2752414603256722,0.2290279127217651,3.3553070687175377,3.0348716781361915,4.241856335777571,5.285382960716536,4.127673527351129,4.126968175315955,4.122040710290926,4.108930502815085,0.2454974208055923,0.2658767101392766,0.1911251878019993,0.23182447708965,0.1090314861176304,0.15520804445245,0.0980695723778852,0.1426725635286005,0.1477292208192688,0.1620797452440153,0.1764254377075526,0.2171221590217556,0.1746351991184113,0.1450528730949889,0.1124119031347306,0.1047802308531397
sub-10790,11.1,m,TD,ok,6,0.0631465074464615,0.0468784846356645,0.1237220077899067,0.7210299973863875,-0.328157350025014,0.6318447817341274,0.2895443878033172,0.3361821079146394,0.2269677081389205,0.1674294486462551,0.2732038505582234,0.3296091997131689,0.2098324653601234,0.1428425437358831,18.241296431608987,21.179472798622285,14.298965612752,10.548055264714074,0.1679561854103619,0.1938564861522307,0.1758884956577954,0.2202815622281938,0.2541582059600232,0.3006136155417645,0.1957707068674544,0.1417323656104031,0.3310175057212228,0.3739783117045461,0.2650689251930903,0.2035157351035508,3.914595363095797,3.501771090964864,4.96287331746202,6.469651984431358,4.125976957923126,4.121066293515497,4.123656404241452,4.113530644170152,0.2619825501911632,0.26722550147167,0.2248964473515994,0.2691788145409248,0.1503738893098214,0.2224025715863551,0.2179829505788438,0.1729521919904254,0.1501944758941077,0.1628543923512506,0.166435990074497,0.1985582018358195,0.195231104944599,0.2274962235744431,0.1274986261264941,0.1322473196943241
sub-10809,11.6,f,TD,ok,6,0.0121454349012243,0.0126452629519334,0.060751698169755,0.6689290919942558,1.2673740825950763,1.1884977152532474,0.2944923549982676,0.2924722201489991,0.2661059254851551,0.2154816901855074,0.2693850608084265,0.2744862322549085,0.2424362349448188,0.1900787767634755,18.55301836489086,18.425749869386948,16.764673305564774,13.575346481686973,0.1322767595145415,0.1419872732984202,0.1657046373052683,0.2346461200052545,0.2554753580974756,0.2522302209350737,0.2278350625215763,0.1839968272000079,0.3409872911680459,0.3395931987033098,0.3108361794706922,0.2543901664473597,3.358935270224046,3.362953253943038,3.727742607154226,4.6506723738180655,4.131022234824629,4.129751715833405,4.125495857940948,4.111357786435971,0.266702636045884,0.2314377313787421,0.1578836521575057,0.1997549396581498,0.1615275966937949,0.1299576911380494,0.10808310889477,0.1107731464346527,0.1333405303191292,0.138809972950552,0.1640417454264093,0.221072482230768,0.1578175773295959,0.1682834653367754,0.1139073802496933,0.0709501594599325
sub-10825,8.5,m,TD,ok,6,0.1836238278050884,0.0655830485204168,0.2202041696283163,0.736679611468218,0.2081095329228296,1.2137777236263971,0.2957310490640908,0.3088502463091635,0.1911905155301335,0.1311760339646085,0.2719923971531342,0.2881141966406051,0.1651348615185674,0.1014282058539245,18.631056091037724,19.457565517477303,12.045002478398416,8.264090139770337,0.2095610111146467,0.1863130870871321,0.2059961032557676,0.2791601127315316,0.261985331296271,0.2741358930931354,0.1624501752809605,0.1092555492120472,0.3366494155790304,0.3499008124709035,0.231346003912782,0.1666017013397203,3.4368476036737667,3.2812179408375663,5.120574485414281,7.4295738820504065,4.117711474609713,4.12237452785412,4.116943517904388,4.096394483713262,0.2478976584499965,0.2524921552615131,0.2069048997058819,0.2645753450075865,0.1275560651466674,0.1403911800124449,0.0546286314660303,0.0363655917353176,0.1868745859638536,0.1731356547934158,0.1960492310115181,0.2331593329769241,0.1504808517404169,0.1740029252729294,0.0797630704393188,0.0555851746592359
sub-10842,8.2,f,TD,ok,6,0.1405789515311787,0.0681626225562033,0.1274301355739902,0.7221734020234338,-0.0916141401394577,0.6351047311196991,0.2935972441876751,0.3398908418122448,0.2543702552965091,0.2207938813061368,0.2690991058931729,0.3210992579706589,0.2333256430106712,0.1960652870009474,18.496626383823536,21.413123034171424,16.025326083680074,13.910014522286623,0.152972311994239,0.1688671695946482,0.1362327170690292,0.2038883562880433,0.256015830387186,0.3087790401188306,0.2190077470658426,0.1881610676895346,0.339444691209448,0.3724510926447144,0.2971081167336107,0.2616936776786114,3.3691760937159696,3.0643671187656394,3.868796868906661,4.492503873900209,4.128060464625445,4.126142846633402,4.130142011966968,4.116832535079394,0.2436333994617347,0.2531954988422435,0.163376333875518,0.1853481776644861,0.1069925353813416,0.1339188818885413,0.0993375251264022,0.1008887558451183,0.1487196231883396,0.1660386762857856,0.1381757935960405,0.19340311806617,0.170979909774941,0.1421209266854539,0.1142501431751855,0.0604332423768393
sub-10846,8.3,m,TD,ok,3,0.0672448491117624,0.0445857993842471,0.1858006584044952,0.7485585269317322,0.367065718839958,0.9133800273197248,0.2609228777094316,0.2917729475716311,0.2345405197020262,0.1687556511491762,0.2277995653573372,0.2716112631192168,0.2073641856683216,0.1397163091894031,16.438141295694198,18.381695697012763,14.776052741227652,10.631606022398104,0.1663524691127418,0.1812565486451947,0.1902159580525493,0.2230490279112046,0.2247591744905041,0.2533678819323907,0.1994934249646812,0.1416103796532979,0.3069395354845158,0.3352555620686453,0.2789934190632079,0.2065608579480884,3.7953025263635625,3.468843202169152,4.182857633847788,5.815421867496693,4.125680222915818,4.122982409051307,4.120741111662368,4.112107955168319,0.2726965433494411,0.2550055004663986,0.1888941887317415,0.2365078575707399,0.1609490871257501,0.1808796445917632,0.1248555316892139,0.1096431318541971,0.1566028525078642,0.1691190850950689,0.1823510607971334,0.202091471013498,0.1911594915322963,0.1432749462946996,0.1260524218262039,0.0939993250275386
sub-10862,12.6,f,TD,ok,6,0.2280856099931244,0.0890194678401408,0.1772181810019122,0.7756819678687102,-0.2455367970515391,0.6840876569520145,0.297406171032225,0.3807919507800487,0.2414460144452742,0.1900235455971604,0.2763159063505101,0.3666611481905996,0.2169423301846322,0.1582119517210248,18.73658877503018,23.98989289914307,15.21109891005228,11.971483372621108,0.1581800336339243,0.1965887390103516,0.2002870997330556,0.2704747590701846,0.2582982525031128,0.3487130956454758,0.2058415037451997,0.1601906969205207,0.3447123712926818,0.4136016790904958,0.2856627030946004,0.2294521708646974,3.316129190584965,2.761016537120072,4.096534562288301,5.291362704088312,4.127156289837005,4.1209373744967,4.118630688113505,4.1005178910592015,0.2388829809132029,0.2097575015761029,0.1642653846121462,0.2083793713145912,0.1196786359754594,0.177886123005216,0.0768527168998716,0.089588774021513,0.149651742676205,0.1868943364739775,0.1917502907843877,0.2469999084817119,0.1440786146251528,0.1186768367238103,0.0687397305959333,0.0579086853781163
sub-10876,11.5,m,TD,ok,3,0.0546884799090692,0.1118247502877594,0.0790177455215677,0.7399195126576424,0.3550504861228107,-0.3042478209398157,0.2627216087300697,0.2621238681391818,0.218788354075484,0.2183418608152136,0.2378838609784721,0.2375230622599794,0.1898589049179811,0.1812426112569428,16.551461349994398,16.51380369276845,13.783666306755498,13.75553723135846,0.1535013869752277,0.1796140512426026,0.2080349809433737,0.2163181299285004,0.2264365746455467,0.2241030955661983,0.1832305070751898,0.1814392867607672,0.3087903396699085,0.3094387519230917,0.2644642541980191,0.2651514742652798,3.722623466221056,3.743982465309802,4.5456792371746895,4.530964141081422,4.12736434077438,4.122613928611434,4.114248587269015,4.11318558957888,0.2707147821474173,0.253222394961929,0.1916874320012542,0.2163111458441614,0.1049616014128225,0.0988546532505854,0.1596671672166638,0.2327672206865242,0.1436337516282233,0.1644595358278978,0.1890665071757569,0.1995336309918756,0.1804529063538404,0.1403744631229846,0.0833824196021153,0.1040923078282693
sub-10883,10.7,f,TD,ok,6,0.1266729182403781,0.1818038940879148,0.2124687605013218,0.823690962088451,0.5227467841755112,0.1242146440903923,0.341499177058266,0.3376893944739774,0.2608489830166102,0.1977799769009882,0.319919711637788,0.3186292020634436,0.2288792966543554,0.1455928862367302,21.514448154670763,21.274431851860584,16.433485930046444,12.46013854476226,0.1553892077967841,0.1371117258270877,0.2127461944181378,0.2424765608586508,0.2994456165917824,0.301734086553076,0.2222971910479212,0.1634920021113807,0.389401392089282,0.3782843080148101,0.3055685650618924,0.243343724099674,2.9373011996951206,3.0070318388484787,3.8946966408847294,5.154949485371805,4.127485295947875,4.130821813268579,4.115689158283938,4.1057801700744045,0.2117581480493659,0.2175189746137537,0.165004227709352,0.1843440146449819,0.127998964659898,0.1490285879745523,0.1666836480674211,0.0535238822052944,0.1525903661014752,0.1394366859863136,0.2038883013084701,0.2271908896865087,0.1519466770855178,0.1626753138653981,0.1051621362153738,0.0494754293549934
sub-10918,12.4,m,TD,ok,6,0.0654072318938066,0.0669264059915766,0.1257533060365926,0.6833609280383235,0.621311623362985,0.6113264726436375,0.3018831179440328,0.2898093982802742,0.2515367696093291,0.1987349500026513,0.2838270584710792,0.2753005519473359,0.2332932414244498,0.177476616440981,19.01863643047407,18.257992091657275,15.84681648538774,12.520301850167032,0.1488832347734705,0.1260674213244328,0.1468537532392609,0.1917047058148373,0.2641446510204299,0.2527158012539186,0.2149753345999649,0.170003206097139,0.3462249900555709,0.3336707184549197,0.2961358340691657,0.2356273852760672,3.294019301339629,3.401574095017392,3.866676661274553,4.957819613921292,4.1286960325576745,4.132072603910047,4.128754369006291,4.119726452436826,0.2416861565503888,0.2322412716787515,0.1649241138523131,0.2094344447603916,0.1332121453345063,0.1145378414481535,0.0914167050774697,0.084071857722301,0.145485228467999,0.1265637995039162,0.1452716559217786,0.1810251122874156,0.1536167884537629,0.1349062236210457,0.110652984971666,0.0957957995784886
sub-10959,8.0,f,TD,ok,6,0.1595068364239824,0.0760583666551036,0.165832074038803,0.7383778153533611,0.0364877249846637,0.7756696735221377,0.321786366795959,0.3317671599619844,0.224836909611581,0.1647070929690778,0.3056016499641552,0.3085728138847183,0.1964576954419798,0.1298563623206772,20.27254110814542,20.90133107760502,14.16472530552961,10.376546857051904,0.19063587480575,0.1696240323257103,0.219337160154662,0.2567363025332377,0.2829427321192387,0.2937431553476358,0.1909418203881158,0.1366378810931081,0.3676442865539596,0.3737244225820317,0.2685063216559251,0.207242563157507,3.116778583669229,3.0878242559219533,4.440284923072618,5.921477870710418,4.12157774525491,4.125300774038998,4.113821472299587,4.102742819334549,0.2289537375944517,0.2455499410658962,0.1778622200603964,0.2272468862304012,0.1179880834012949,0.1454545335067801,0.087989797647808,0.0606931445500042,0.1741795860756751,0.1673131285493702,0.208461198091722,0.2283868260879796,0.1361686841378178,0.1543380638348003,0.0784031106974131,0.0594644267671334
sub-10970,9.0,f,TD,ok,6,0.0462933793884077,0.0791588242220743,0.1616573940211653,0.7079112598338012,1.246411114059759,0.7637183387830264,0.31427816330132,0.266560895899201,0.190214362250244,0.1471228849763061,0.2902817802821769,0.2420086821540419,0.1571427515231722,0.1051601498404509,19.799524287983164,16.793336441649668,11.98350482176538,9.26874175350729,0.1443721584174921,0.139096799170435,0.2323783260264088,0.2979893997371991,0.2744459295026866,0.2325285843693131,0.1587201562699767,0.118670239381549,0.3620400967990063,0.3105087319265083,0.235499413056545,0.1933278510104803,3.1501160991953063,3.680850204953071,5.104429800804855,6.486628283831334,4.129478830594423,4.130077943822905,4.1102075710537695,4.090524148503515,0.243138537207799,0.2528191509042931,0.2125473811175467,0.2642062598131348,0.112205223974037,0.105803994129984,0.1310149999263451,0.1491023030745351,0.1374682836153049,0.1406783464545169,0.2168261267032635,0.2538715769580661,0.1651334544622837,0.1746741700651089,0.0783445016783617,0.0707024582900569
sub-10990,10.1,f,TD,ok,6,0.2850785639341693,0.1256191063652889,0.149793759235721,0.7888036149714134,-0.6087412396185213,0.1829339771517504,0.2850408024454359,0.38117282000621,0.2349218308985522,0.1800139181063672,0.2634840472707291,0.3624380212883013,0.2119800755225199,0.1528774785482634,17.957570554062467,24.01388766039124,14.800075346608793,11.34087684070114,0.1374710256990001,0.1762813230287665,0.146687281268893,0.2223442484771978,0.2467243334014052,0.350994775887203,0.2003089671250756,0.1517987102512565,0.3328906247226453,0.4089560987629848,0.2814646287069293,0.2208775051359708,3.417361380640076,2.806604180988248,4.085574718247887,5.372984691841963,4.130408815398119,4.124910588155898,4.127957242174778,4.112172063712691,0.2505179775132451,0.2342311300901109,0.1806427789917183,0.2157780576633203,0.0878269997228209,0.261625023177522,0.1241864888936722,0.0660976885530156,0.1352843969339149,0.1698566042408526,0.145418942573843,0.2004814698558054,0.1992433771889759,0.1494059286457046,0.1041351482546317,0.0686624405027952
sub-11025,9.3,m,ASD,very_low_alpha,2,0.0030645269686363,0.0051785749474312,0.0184634762025187,0.460894867461735,1.7976038149790776,1.3104378186422614,0.2638824711801026,0.2661118357405964,0.2221173968650264,0.2320080585274124,0.2391933966564705,0.2437694639692204,0.1902665936827417,0.192601705324494,16.624595684346467,16.765045651657577,13.993396002496665,14.616507687226983,0.1624238085112184,0.1332330948837287,0.1733984285592922,0.2585725585547006,0.2271332687472587,0.2328578487902427,0.1897394358534539,0.2007699149308016,0.3089800308769289,0.3082918065439027,0.2617067409184631,0.269865298807796,3.732345136687252,3.6986242173245767,4.522017872174141,4.528116690821442,4.126138428005923,4.131000043716341,4.122830606474382,4.103563471029677,0.2911202386507764,0.2716788720301292,0.1901174600928643,0.230598557465131,0.0943455340258947,0.100145310706032,0.1804280412533942,0.217126323711771,0.1528351460155182,0.1503442181216227,0.1691173263187824,0.2404315598338285,0.1454201772240292,0.1298232886505054,0.1033945215132745,0.0943449969965903
sub-11038,10.7,m,ASD,ok,6,0.1266478075581956,0.0661171888110402,0.1372844194993688,0.7199740939167633,0.0860507206147466,0.7323278219235244,0.3038423561590477,0.3147504392998688,0.2405597729177422,0.1947885556137083,0.2841787217065724,0.2956712667414439,0.2184152114078469,0.1686318680626996,19.142068438020008,19.82927767589174,15.155265693817762,12.271679003663628,0.17862675634931,0.1596824602996649,0.1743227246513575,0.2355554377973662,0.2674341408105332,0.276925434563935,0.2056558429703691,0.165244016979926,0.3479156080672915,0.3586995074925228,0.2848346607486465,0.2342042916105457,3.285502873730147,3.1777475938554507,4.059267668549193,5.06717759386444,4.123983635194491,4.127357096896238,4.123691072885236,4.109791988672105,0.2423854240973998,0.2366079354668485,0.176502027857826,0.2147167421981106,0.1045525139357864,0.1166956217727284,0.1067919843903208,0.1152205210389198,0.1658221767995109,0.1568511928119698,0.17263160291512,0.2213516051921883,0.1632542318896836,0.1669652482859405,0.0958146407932711,0.0874537257164693
sub-11049,11.9,m,ASD,ok,6,0.048640208064096,0.0936117754287723,0.1162966326899376,0.7047650658473601,0.8623074885670027,0.270554763579258,0.2649720509626406,0.2322538590865803,0.1997737113768773,0.1753364682700133,0.2411163997446869,0.2102874853814526,0.1719948803161244,0.1470407661755648,16.69323921064636,14.631993122454562,12.58574381674328,11.046197501010845,0.1900646831143223,0.1792859650831637,0.2248333794866206,0.2681599453590365,0.2337684055997759,0.2008659771574782,0.1698120444565427,0.1491293211064712,0.3033708250761047,0.2721362786091716,0.2397638462431766,0.211847624906923,3.7967580253612128,4.238259714969794,4.948321748902202,5.660756989598171,4.121737329648341,4.1230668073140135,4.112450393656402,4.10173011956298,0.2795375476256524,0.2753573486631249,0.1954906627883506,0.2249519256501637,0.0944081823923454,0.0717584794105038,0.0722669499887561,0.0837915578795969,0.1728189443777486,0.1670681780120964,0.2108658208999451,0.2432484245759674,0.1449279852619757,0.1171548749148498,0.0665470558830721,0.0648576030662043
sub-11053,9.3,m,ASD,ok,5,0.0514018038309176,0.0732639273824938,0.1387549571813557,0.694565424851319,0.9829660320409486,0.6576844273958684,0.2988013159120583,0.2735238547078961,0.2389421423317813,0.2157887413600759,0.2797836577002205,0.2538860625853535,0.2158397323492114,0.1855489518706342,18.82448290245968,17.232002846597457,15.053354966902228,13.594690705684789,0.1229590662483598,0.1232900274531086,0.1432855428853904,0.1921523699048914,0.2587835516716115,0.2352786024600349,0.2027085267270563,0.1839314176246034,0.346112310603717,0.3197702072835316,0.2835850635901901,0.2545302258801429,3.285836704065612,3.5661377139690797,4.081132560834655,4.661485462068358,4.1324012470562845,4.132056206189283,4.128693045332883,4.119821836480422,0.2450591832798663,0.242866127847101,0.1767125475630142,0.2234484701929567,0.0791461664328197,0.1089118850090468,0.1481744215188083,0.2052808762219418,0.1284309980338553,0.1301286419156219,0.1439189981029344,0.1867743037677005,0.1388496522707864,0.1236903930263562,0.10092026478945,0.1274877100813781
sub-11055,9.9,m,ASD,ok,2,0.0300662736034487,0.0416070302166074,0.0731663169489488,0.6566502963448488,0.5598390449524246,0.3028014481452759,0.3046281421859926,0.2995969544351818,0.2531166241343209,0.2226934133142201,0.2830612411221436,0.2813021580994237,0.2264654793089086,0.1894966708417058,19.19157295771754,18.87460812941646,15.946347320462218,14.02968503879587,0.1471029183400231,0.1414540433207243,0.1631694908934766,0.22150655355675,0.2677093243145225,0.2634340341670154,0.2186011780662958,0.1882848495441224,0.3487438700866136,0.3429430476021708,0.2964056960098067,0.2657861014400809,3.2725448915911945,3.3997779582817307,3.9348119081617465,4.501727917715504,4.1286289928441215,4.1292287972486506,4.125852900368738,4.113254163753901,0.2492465584967972,0.2418381155114466,0.1647791925373849,0.1949747180955668,0.1448549467445375,0.1089014433197005,0.1489749785349309,0.1176876163142413,0.1541527326943482,0.1402971181375148,0.1610351263083073,0.2063585313679343,0.1830005294855388,0.1014736096322656,0.1187073488650257,0.0883577408807323
sub-11057,9.7,f,ASD,ok,6,0.1481467802513391,0.0680071042477055,0.1774298227698594,0.7130770858424816,0.161941838279623,0.9374704120517848,0.3158274130946548,0.3303030298847572,0.2618096247500601,0.1812966280393237,0.294730825540532,0.3131611081786423,0.2429568838032879,0.1565803772085711,19.897127024963265,20.80909088273971,16.49400635925379,11.421687566477402,0.1820257468865218,0.1603580083072773,0.1558856950745604,0.2380369828180648,0.2756110633957465,0.2911790290559884,0.2269269834488727,0.1545229157231434,0.3621845008176461,0.3720456540315632,0.3031581579839492,0.2175383413803418,3.1664389149291856,3.0794789245297447,3.786138152930786,5.471519683406555,4.123191782948212,4.126773178401938,4.127419210673408,4.109503000825458,0.2237950151045418,0.2479466309576259,0.1690287836606682,0.2185406746448379,0.1161175565882476,0.1510640089260393,0.1012885654769525,0.0687110626009997,0.170898307495137,0.1620230631574955,0.1561682508369067,0.2200055643025033,0.1143023997556207,0.1154580327406803,0.1095066006177538,0.0532208110852055
sub-11062,12.9,f,ASD,ok,7,0.1076461407165808,0.0575589169272733,0.1257816705206121,0.7111141722435639,0.1496961654542748,0.7802409662989181,0.3569178794553508,0.3693980100716772,0.3073079796230032,0.2397003134157693,0.3431898826639278,0.3608668738000496,0.294254911931734,0.2221354824798338,22.4858264056871,23.272074634515665,19.3604027162492,15.101119745193472,0.1902535358777208,0.1332783428261965,0.1428522680664765,0.1791721538099051,0.3127464524206051,0.3254257883338206,0.2657002480548956,0.2059413395371634,0.4044579191464139,0.4143674359082144,0.3530914940055689,0.2791143903297019,2.841520112911509,2.7529792333486216,3.243989401467456,4.180328500789094,4.121353509272622,4.131125190401771,4.12953538116554,4.122563984833149,0.1979180703878112,0.2052348069647587,0.1441270585412967,0.1784413022866839,0.1264640331229763,0.1396551028316122,0.1506355138868194,0.1296878817759225,0.1771812366677891,0.1373238515478231,0.1428480702349991,0.1760917987488341,0.1366755428574444,0.1770871153055714,0.0989243186903882,0.0829416519366049
sub-11074,10.7,m,ASD,ok,3,0.0334986856994157,0.0300501839802926,0.0880202302131278,0.6926647210396987,0.9308677133892124,1.1163646670744485,0.2927792918083167,0.2821272976916866,0.2264359499694396,0.1838198586010762,0.2744344109458643,0.2650137175736197,0.2051687837818226,0.1618995336311658,18.445095383923952,17.774019754576262,14.265464848074696,11.580651091867802,0.1555753038828055,0.1443198791077827,0.1615851127688219,0.1886896125971488,0.2539212458598072,0.2419449940458932,0.1914964657386918,0.1548037832960023,0.3398972429889908,0.3301709858194731,0.2706643424341932,0.2233633588104833,3.3507637605698317,3.447265085371058,4.311668283196767,5.382251451160527,4.127765915255805,4.129272904982517,4.125286592715291,4.119013060452756,0.2451254411344321,0.2482660597291246,0.1749629108964697,0.2245590155004799,0.0975464844520641,0.1385220307325755,0.1059473606279816,0.1225930802554917,0.1502275414283874,0.1421192488637947,0.1585288019108247,0.1784574947858628,0.1999246617692852,0.1720054714194981,0.1316369328067355,0.1461066328673372
sub-11078,10.5,m,ASD,ok,3,0.0400127503017393,0.0983453091422192,0.1118260138831494,0.6986379512262825,0.928762743066736,0.1721052013708132,0.2438404556760892,0.2615237035715179,0.2173794969436119,0.2110526046512418,0.2095667875945113,0.2360013642997595,0.1705329547313893,0.1630360989193096,15.36194870759362,16.475993325005632,13.694908307447555,13.296314093028242,0.2156499509478532,0.1848604986276538,0.2638896931573039,0.2892386958211546,0.2079556200940218,0.2257972679580769,0.1843755993650061,0.1791172183444705,0.2891551817114423,0.3053732601085053,0.2582371249388974,0.2509483292278147,4.072715171909618,3.83484021951959,4.893265463097158,5.258472564442499,4.115295460041643,4.122363346387192,4.101318898154211,4.092652485800749,0.3062024342211953,0.2777364419380301,0.2116857385425694,0.2344907152825677,0.1461681396181554,0.1110541331535408,0.2136035142597343,0.2129579524503977,0.1831041287137425,0.1750971183721343,0.2431107568858348,0.2641465298616481,0.1654385385921993,0.1249718487699886,0.0853553484351418,0.0980313958545654
sub-11152,8.1,m,ASD,ok,5,0.0389138262734884,0.0326562554368167,0.0898131137446965,0.7077279000130673,0.6468338669105552,0.924720870107054,0.2789109575288485,0.2733527570579985,0.188547770408599,0.1640677262996363,0.2539304927877269,0.2526988607658087,0.1633239420694265,0.1367319387492696,17.57139032431746,17.221223694653908,11.878509535741744,10.336266756877093,0.1797192381531284,0.1454111997513301,0.2060923584516412,0.2416940966567022,0.2422179004319204,0.2354240439189924,0.15894398858314,0.139125082787782,0.3243733657855764,0.3191688200027146,0.2298388937778241,0.2014268611700838,3.5529369293873385,3.608158753298253,5.181401800104053,6.007396619220868,4.123257782473384,4.128795535061249,4.116141687120077,4.107554370686667,0.2572255171657365,0.2650178981159485,0.2029019645692248,0.2547109110636278,0.1178716882735062,0.1115728070321067,0.0824920751418586,0.1387329707649515,0.1671298382461931,0.1439425195412917,0.1918499283050269,0.2240827092926513,0.1706148216389416,0.1414806426202899,0.0789989534713519,0.0799079229256644
sub-11161,11.0,m,ASD,ok,6,0.0548726796665633,0.1233058138341537,0.0905008341735064,0.73925978040294,0.470878364799639,-0.2827303438612584,0.2864092286510578,0.2790393865149932,0.2232148094264102,0.2619577170415055,0.2651944162768577,0.2581355334802859,0.1720391358237314,0.1957198121850014,18.043781405016645,17.57948135044457,14.062532993863847,16.503336173614855,0.1365656882857285,0.1184652226663858,0.1812062719002592,0.2565940065684181,0.248683812031162,0.2425476500369711,0.1894811840267923,0.2302629770045903,0.3334633641771596,0.32529302976069,0.2654875458445944,0.2914380811634374,3.420888441837409,3.4957587819744624,4.56141722891959,4.400562062748569,4.130287703505291,4.132731460280128,4.120995810705138,4.103953421266029,0.2526108500209542,0.2606212032605818,0.1764803980314956,0.1885095390867762,0.1016549923239106,0.1082086893407702,0.1343191741249237,0.2306567152255149,0.1381946926199832,0.1291207669190301,0.184323860089972,0.2444564068961802,0.2027042062765126,0.1649314895318378,0.1263130574415587,0.110017538878252
sub-11181,8.5,m,ASD,ok,5,0.0516135009079762,0.0438514454348711,0.191149610043417,0.6769200791930965,1.3083329810748872,1.5097425906279651,0.2928273640424292,0.2579590490993936,0.2101449560548618,0.1887211288036347,0.2671933332311622,0.2311520893611086,0.1798777396593279,0.1530968983296656,18.44812393467304,16.251420093261807,13.2391322314563,11.889431114628994,0.1510726979386235,0.1558180442448684,0.2108444748735678,0.2623432173336179,0.2533075988087359,0.2232240691427397,0.1780758027154984,0.1592173189264692,0.3403473428173834,0.3020454862368725,0.2525544717673109,0.2291155964816821,3.362977282202388,3.810321635762441,4.710056084254372,5.336961844300708,4.128402654885979,4.127326735754759,4.115232962416224,4.10159510312859,0.2536333078452628,0.2545874781639266,0.1731134730537743,0.2022077581810365,0.0870969407913972,0.0756910826786281,0.0650755010361366,0.0715384739961666,0.1479523506407442,0.1496296468447095,0.196117287488454,0.2352568889835346,0.2036702565925702,0.1059331840291299,0.0553264264760964,0.0782262754059773
sub-11204,11.3,m,ASD,ok,6,0.1844091302880755,0.1089623830924934,0.2040961284581361,0.7789206242499773,0.1038021182767079,0.6367616816580112,0.2981923827992291,0.2917712983032635,0.2327662252664793,0.1762280120802004,0.2760566386212088,0.272367912604171,0.2082173536890345,0.1438517688965973,18.78612011635144,18.3815917931056,14.664272191788198,11.102364761052629,0.1174057220299731,0.0962329542964439,0.1626290998278461,0.2039939733757706,0.2584523018301267,0.2525506452986197,0.1988723051415495,0.1472702732908466,0.3473791301043833,0.3398752507901592,0.2783790245866647,0.2196472964693008,3.263066158557407,3.328648847649387,4.171973156164806,5.426140779348866,4.133100751260277,4.13531811119563,4.124955175333682,4.11556633050711,0.2341640356815819,0.230860729568416,0.1784073685006663,0.2145881544532834,0.1038421437954939,0.0959683715504918,0.0804405145245962,0.0788849634834929,0.1245630815245156,0.1129438619415866,0.1603670062006651,0.1906121776763728,0.1998267071889753,0.1722797871165211,0.1008493979161979,0.079559168059281
sub-11215,11.4,f,ASD,ok,3,0.0751889426925258,0.0217274276352065,0.1131389025724863,0.6545069732026251,0.4235150103045875,1.6487205601741328,0.3373963628522964,0.3709401046367497,0.2645367993859902,0.2347698768024475,0.3246194016260283,0.3684795176945106,0.2504314986159288,0.2175416228669792,21.25597085969468,23.36922659211524,16.66581836131739,14.790502238554197,0.1472742521713721,0.1683578924432855,0.1795054108795144,0.1995948068731301,0.2938895687895337,0.3334228475235466,0.2252140817617254,0.2008617080229285,0.3861803151931788,0.4106984638870944,0.309256086140498,0.2740383955640237,2.9438898652737837,2.7728728250590726,3.72387039075546,4.221988899088957,4.129187350985855,4.126101264737166,4.122693615245347,4.118263655562229,0.2152414001646263,0.2089376153193962,0.1541009408372743,0.1817150097240553,0.1261887274120106,0.187608756758086,0.110205397567562,0.0890474548644839,0.1444134933888349,0.161933080378377,0.173013636695667,0.190604472801241,0.1998723022259857,0.1434313783465252,0.1000152648506432,0.0930817215803922
sub-11227,10.8,m,ASD,ok,6,0.2171430122825125,0.1293473665748251,0.1083049953163603,0.7722290251355207,-0.6786951562126468,-0.1898092514067582,0.3164206960337402,0.3823049474525752,0.287260481509957,0.275539820122268,0.2971516006615991,0.3796346023341094,0.2705972558076933,0.2597183330478901,19.934503850125637,24.08521168951224,18.09741033512729,17.359008667702888,0.1439143875682465,0.1874953622325142,0.0989768480287902,0.1288828219769074,0.274712622026432,0.3400673191548847,0.2469690710229689,0.2389313205943603,0.3650243531390693,0.4257809467716657,0.3348507666965725,0.3177872267255733,3.1235439585186824,2.698538486689884,3.3972843608355934,3.5951203203965587,4.129556946807945,4.12177086991724,4.134802544078648,4.131366687340342,0.2165169331094505,0.2126712211805066,0.1506398128298037,0.1616428824703314,0.1038756391908905,0.225424995038763,0.1313263063437585,0.1285678599052504,0.1418309171955216,0.1757185766154465,0.1061497005396652,0.1348846844934569,0.1476014875461144,0.1716836005344898,0.0792063437959459,0.105016511260005
sub-11229,11.2,m,ASD,ok,6,0.1004841390484799,0.0680266287977719,0.1570743350617217,0.7535487615940304,0.4410112554332259,0.8928968480748688,0.3217100368572942,0.313401969962774,0.2459374057322546,0.196738587267443,0.2977509142288121,0.291314746281468,0.2230558792146817,0.1728186142948319,20.267732322009543,19.74432410765476,15.494056561132044,12.394530997848912,0.1863998620006693,0.1370263455156337,0.1603080815105418,0.2119573863021334,0.2817353223611393,0.2773320178152927,0.2105297278519108,0.1664314110067918,0.3691438169400728,0.3559082267498882,0.2917542379292205,0.2380547546487198,3.125016081448742,3.198874602285293,3.9483365946428783,4.957185550729758,4.121917001785779,4.1306232866520425,4.1262975126465085,4.115107152665963,0.2248624686024081,0.2270718451887847,0.1809206225177886,0.2278411520065325,0.1264356943677145,0.1080099250067998,0.1077733249385064,0.1545137067720891,0.1692752335777946,0.1423332958249904,0.1585653492713465,0.2008905437985387,0.1652799512422263,0.164077797628183,0.1039467295665704,0.084435069606716
sub-11235,11.3,m,ASD,ok,6,0.0242424028569166,0.026326871152965,0.1046787110338806,0.6920520878821472,0.9862726948763044,0.6129666357574611,0.2979879701730824,0.2782603588368717,0.2333647503001676,0.2069270249846564,0.2807070673195337,0.2606760537077195,0.2079706810517918,0.1755346341963446,18.77324212090419,17.53040260672292,14.70197926891056,13.03640257403336,0.1773076496361565,0.1311774056255535,0.1715726440097368,0.2045744689999438,0.2587062532743974,0.2425077587182168,0.1979516479954717,0.1736852271112276,0.3450064027559695,0.3217812624298692,0.2781944448778899,0.2509468961882875,3.331525271203845,3.546852428061969,4.188493234214014,4.741658649959574,4.123816176415326,4.131241960233612,4.123960045201184,4.116621929448418,0.2538093337116397,0.2477844809815879,0.178508076345156,0.2160619278978996,0.1305336680435656,0.0985383859584619,0.0996615253644643,0.1346777990629785,0.1629632096196513,0.1369869976496352,0.1702070481221664,0.1950718531849102,0.1744952533919397,0.159837514886667,0.0964235822375326,0.077182762676763
sub-11242,12.7,m,ASD,ok,6,0.1568943613597604,0.159870244035547,0.1592382806041863,0.8121580142763869,0.0275153396203478,-0.0051204866927435,0.3197602052634505,0.3657753685906371,0.2631475101281545,0.2429670967144579,0.2971904084601289,0.3556944354460981,0.2433312339350508,0.2128443737511957,20.144892931597383,23.04384822121014,16.57829313807374,15.306927093010854,0.1624842530960912,0.1876281555458862,0.1162885375072699,0.2043740306177761,0.2792334420657806,0.3318338531976083,0.2239096388325469,0.2118472238412976,0.3687276638686989,0.4034885109550065,0.3119343737739564,0.281697622862781,3.087145774427999,2.8220552714417804,3.680983216553438,4.251752746311149,4.126724149717471,4.122486434064258,4.132210100181748,4.117208359500928,0.2235561680922875,0.208374705071151,0.1667503057065268,0.1952051039294844,0.1089538396046113,0.1391336369963765,0.109208314723101,0.1196877746330564,0.1544473520270101,0.1778200436574895,0.1212665855000253,0.2006855238876898,0.1668960408894126,0.1146314477528991,0.1310408234587455,0.0647161507869526
sub-11243,8.6,f,ASD,ok,6,0.031449835162837,0.0261640520561675,0.1041389089154904,0.690286448539212,0.2489358126331279,0.061424966978391,0.3342943404647289,0.3145691040129916,0.2460909378236496,0.2325498412884248,0.3115273046661517,0.2862470840886802,0.1998353758041758,0.1690756221763949,21.06054344927792,19.817853552818477,15.503729082889926,14.650640001170762,0.142497563489886,0.1566736209075369,0.1681341304277587,0.1996806949636408,0.2941678321973947,0.2718916481985107,0.2036305912686536,0.1884644893288055,0.3780927951102844,0.3626345261225981,0.2955467279710234,0.281834537091329,3.05960131802744,3.2089093434923583,4.098339550136066,4.4914554533040905,4.129567567740664,4.126875293389467,4.122653607673669,4.11545941429755,0.2291149094950076,0.2415974754044057,0.1894100206776781,0.2261647030185531,0.154512729199193,0.1469004194445215,0.1934620449807708,0.3012704068962826,0.1380466327477052,0.1564599615588314,0.1668824702700972,0.1986129185103255,0.1650924921489315,0.1650876646276583,0.0911534704913687,0.1030520335681593
sub-11244,12.0,f,ASD,ok,2,0.014302318252285,0.0071745596108271,0.105080425941711,0.6183084101852737,1.279094316418407,1.8658924379359825,0.2840298684384204,0.2848830570322882,0.1960953888374921,0.1606394409071324,0.2423888108657952,0.245449135344854,0.1551888432282389,0.1134481594417061,17.893881711620484,17.947632593034157,12.354009496762009,10.120284777149347,0.1240286895901989,0.1677241867173895,0.2370688076652017,0.3105921410124036,0.2349171191981018,0.2397840736710586,0.1585583850724596,0.1289004028132663,0.3385449972570452,0.336000886974204,0.2478965226150662,0.2076713951190467,3.51336021292442,3.537350951267113,4.897457895073321,6.036820531354668,4.130984795129936,4.124901148316958,4.107356402257959,4.084772901019986,0.2719255960803468,0.2638455081650624,0.2290399090072503,0.2508216514198592,0.3237175071381782,0.2799119369814166,0.317431528247264,0.2462545025846312,0.1269706882834744,0.1470918721659881,0.2004076899553538,0.2395354577653933,0.3741857015111518,0.2956024159164105,0.2702523672595525,0.1509420689263393
sub-11256,12.4,m,ASD,ok,6,0.2085813563070425,0.1133260954657473,0.1703265591650568,0.7550077457093914,-0.1987406752533365,0.4257822893024129,0.2787180046803216,0.3087507935211239,0.2306590069878521,0.1819245090359892,0.2595202501758651,0.2919275122068203,0.2128470507143976,0.1607120255747357,17.559234294860268,19.451299991830805,14.531517440234683,11.461244069267323,0.117638078316459,0.1559890702175054,0.1429010590167331,0.1973905958370482,0.2429996670340287,0.2703806807437805,0.1978246080554378,0.1567777254201454,0.3233029572001911,0.3528073524478539,0.2734414100455724,0.2167685322794822,3.501054159051256,3.2309996652489232,4.177487533103589,5.397815282140211,4.13318818905152,4.127635449460439,4.129101223404021,4.11834072616096,0.2562369188719908,0.2429089577001404,0.1867825504458304,0.2451706147863942,0.0929303469825609,0.1536084911902143,0.0993227399105047,0.1121959136834876,0.1257372135488239,0.1526195305668354,0.1436995721609433,0.1893723274112164,0.1803186145223602,0.190775473328938,0.094966059502101,0.0825765492523862
sub-11265,12.1,f,ASD,ok,2,0.1109451085616042,0.2203084145758436,0.1488180322732276,0.8460063594224232,0.1572325422794758,-0.6689487125032073,0.2710191574627043,0.292857224735133,0.1806977772037659,0.169597830076416,0.248764411508007,0.2774755499877727,0.1406812994702429,0.1151394424625178,17.074206920150374,18.45000515831338,11.383959963837258,10.684663294814213,0.182712629645654,0.1548828370240419,0.2488407943757921,0.3053247432748391,0.2353752931760326,0.2555254194883306,0.149523268146272,0.1393363704363737,0.3152433815658343,0.3353524240302237,0.2258351348835144,0.2125649215075647,3.6477726233497583,3.429016679855569,5.439728239771211,6.045007910682157,4.122950523027607,4.127107055778149,4.105324129547007,4.087969330574747,0.2678622348088026,0.247065047168108,0.1918362546176487,0.1994949713534256,0.1295258647235944,0.121291246965366,0.0711842133386475,0.0541938902652522,0.1720632714430307,0.157387046177811,0.2271122029523966,0.2726807084989245,0.1631872306102273,0.0781616387672504,0.0611845506532978,0.0559745591195925
sub-11274,11.3,m,ASD,ok,6,0.0827543890171516,0.031755326733157,0.1562908032707577,0.646673443156168,0.4736288447271439,1.6420699025442342,0.3310034091124532,0.3393077345126873,0.2619916355746263,0.2418460290227246,0.3018829115969528,0.3189111823201868,0.233320689090543,0.2145497368353045,20.85321477408456,21.376387274299304,16.505473041201455,15.236299828431653,0.1331024262648404,0.1672804376390748,0.1480487999738493,0.1779435350769426,0.2956167892954897,0.3005784558161039,0.2225764743105598,0.2087125061047889,0.3709964291788846,0.3807725160738084,0.3087162305343426,0.2814749150124107,3.171103945480127,3.0462128334487346,3.790901840388431,4.21042943510479,4.13072219940162,4.125648260328174,4.127085200283019,4.121908870560851,0.2769133110008139,0.2906889044464107,0.213020383592739,0.2196694238721014,0.2259816855043335,0.3012322584254431,0.2307608346367493,0.2047109820874338,0.1308298661484302,0.1527601239583711,0.1472060566719353,0.1715103885124081,0.2399485804467679,0.2413564655367131,0.1452767650277746,0.1419508474992326
sub-11321,10.4,m,ASD,ok,4,0.1935843261679942,0.0620760547560264,0.166188909887167,0.7281305648151717,-0.1332107338299243,0.9796508676629916,0.3068932404754492,0.3392224214109359,0.2609488291029074,0.2075295754500508,0.2866827991139158,0.3200786815971971,0.2443016965761139,0.1888809644258511,19.334274149953306,21.371012548888963,16.43977623348317,13.074363253353203,0.1406799602922251,0.1448833117820385,0.1264928001554007,0.1767333738154742,0.2663725286034498,0.2994130151312836,0.2243075819619377,0.1783385689335537,0.355746594849621,0.3846246066404009,0.3057778924271181,0.2468889254752022,3.189927607147647,2.961981505443948,3.7224498148335137,4.669150769504599,4.130068713948744,4.129513628397395,4.131671162180103,4.123150105323365,0.2380081238378976,0.2623607491277518,0.1627858157629534,0.1960822400924015,0.1076748109157297,0.1548264535633843,0.1009404871222386,0.0719101667945389,0.1372782471780533,0.1458997833734956,0.1291939112982238,0.1694885136276081,0.1783938272345598,0.2078512919560623,0.1100829238927661,0.084185828553434
sub-11323,10.0,m,ASD,ok,6,0.0654059711928171,0.1097303300823734,0.0966796227525242,0.759667121663843,0.3332682649111964,-0.1698658530576254,0.2657312779981834,0.2812157453905649,0.2525737585860099,0.1662917219821024,0.2416951398422551,0.2628158680721696,0.2290603184307849,0.1344456519181533,16.74107051388556,17.71659195960559,15.912146790918626,10.47637848487246,0.1208804698430954,0.1474967931084435,0.1447138533119724,0.2034941121970681,0.2292257229665582,0.2453262774346943,0.2183159821508822,0.1395087809369826,0.312255988511062,0.3247705168384858,0.2944075968084732,0.2059317704300944,3.6490383437640457,3.5246739041674164,3.917485110306911,5.82435870078123,4.1323129738063065,4.128637525879856,4.12905873494786,4.116559121510023,0.2629954795789818,0.2543366468004861,0.1810806921013581,0.2622373342254309,0.0837983564292403,0.116190247631125,0.1085784962642851,0.2086369692704716,0.1271005107859013,0.1468333841675257,0.1471169048173022,0.1939123272938866,0.1725003002676593,0.1439069412740295,0.1054268697671745,0.0862569647540727
sub-11325,14.5,f,ASD,ok,6,0.0789519351559197,0.1478422006276696,0.1473769021829319,0.7706029969911313,0.674791857757866,0.2019597916963128,0.2797632285899833,0.2622610176923709,0.2341389288877638,0.2015917773210374,0.2642032451770036,0.2480156095768639,0.2175724526551998,0.1788054307699923,17.62508340116895,16.522444114619372,14.750752519929128,12.700281971225364,0.1300613397442681,0.1115437040869068,0.1458446898732109,0.2084523941163187,0.2431504406658087,0.2265807482931102,0.2005634529134864,0.1714981716620124,0.3236883524537984,0.3055922802356514,0.276437496318017,0.2410232519824579,3.510902913701261,3.708563826544417,4.140663467215673,4.839901150530076,4.13125080134663,4.133653546327529,4.128458994139083,4.116550385468258,0.2658178023256512,0.2588912698765262,0.1839262196321395,0.214703731496381,0.0848794778372596,0.0904571529247635,0.1084510735007505,0.1177391683604618,0.1352846998897456,0.1245275742431539,0.1483205977937688,0.1956447477425831,0.1692039067664779,0.1659448000222085,0.1157366714619598,0.1065919895494239
sub-11335,10.7,m,ASD,ok,5,0.0201411916011934,0.0118765029102657,0.582539163003502,0.694075952415824,1.4643911112875316,1.9116260120042745,0.2461801930806305,0.2787434594933718,0.2345923334796014,0.1921469048782158,0.2152155716151118,0.2548612446465098,0.211315293500934,0.1708162778201861,15.50935216407973,17.560837948082426,14.779317009214896,12.105255007327598,0.1365409998089553,0.1464557618888025,0.1507638955854064,0.1986140502240732,0.209696764695631,0.2409382071945763,0.1994779198044775,0.1648307776079596,0.29210781108971,0.3232431128786103,0.2770437143695919,0.2278671266639045,3.979134646112315,3.563255243200813,4.1885668123662745,5.123575722753473,4.1294135193549,4.1287146948074085,4.127430259665857,4.118672765776346,0.3180210134249553,0.2704558476795324,0.1830861113976719,0.213824169053859,0.2615514228060345,0.1776470229495525,0.1992005110934555,0.092518686702256,0.1387130061741807,0.1467484862099841,0.1499228028656914,0.1931041207060421,0.2033554851080171,0.1250569642832293,0.0690937600046522,0.0759407476353258
sub-11386,12.4,f,ASD,ok,6,0.1936545092650974,0.0679835710841076,0.14763554538554,0.7622672484693513,-0.37627013540907,0.8157878293344473,0.3306398726827914,0.3636739876761838,0.2738979387084699,0.2193052219831955,0.3167343599198862,0.3534077513011002,0.259071020798673,0.1966296886099861,20.830311979015864,22.911461223599584,17.25557013863361,13.816228984941324,0.1536910589638608,0.1657315257254806,0.1370293594701452,0.2292519432226936,0.2883863522338821,0.3205093716756619,0.2344243452447187,0.1884477106595323,0.3792546326761124,0.4105104411293664,0.3191693668783377,0.2572338910097554,2.992940128317841,2.77232590520247,3.57514882599318,4.567390653608951,4.128240994754906,4.126361811676027,4.130152931886332,4.111187537296424,0.2118996439582113,0.2220823768774703,0.1483356333759428,0.1901826473920403,0.0976437555267783,0.1595811611527245,0.1011746090424163,0.1014424484225647,0.1495157046479802,0.1546682986878867,0.1368155785075023,0.2138743956998219,0.1457050104722248,0.1884430932854303,0.0994177204565924,0.0647304697917763
sub-11391,12.8,f,ASD,ok,6,0.0159274110927293,0.0193347718877486,0.0827082126050535,0.7715152930706131,1.365157321171549,1.1174549972027343,0.286182696428439,0.2899977711722247,0.1850431445945585,0.1582438399763194,0.2441989640187667,0.2655023937594675,0.1454320448996338,0.1161135843439609,18.02950987499166,18.26985958385016,11.657718109457187,9.96936191850813,0.1286473533134639,0.1263148452599715,0.2486337754432839,0.2896892728902183,0.2409493244839984,0.2524113078120747,0.1535073493888917,0.1293872427835599,0.3404282626096137,0.3333252741627134,0.2284430314774578,0.2012981978054961,3.4298405184159435,3.4624477941163803,5.348706729343024,6.238459520017044,4.130288346042144,4.131434551955582,4.1058217322012505,4.093940841330961,0.25884712457051,0.253570125917618,0.1982330212585932,0.2280558712171505,0.1581812081311534,0.1621714341160728,0.0940146682995011,0.0816050777177081,0.1287620645448786,0.1379466668933785,0.229506253801072,0.2541895217219824,0.1690693859526278,0.1262167545924633,0.0457276382105308,0.0364387414759916
sub-11405,9.0,m,ASD,ok,2,0.010148305810851,0.0070448552198352,0.0254616669220745,0.5342144027751894,0.8158784348644117,1.1762191922593086,0.2902430969264051,0.3254620686117258,0.1821246669222705,0.1633120235292059,0.2692627989130843,0.3176033229611046,0.1481157467777805,0.1166035337310008,18.28531510636353,20.50411032253873,11.473854016103047,10.288657482339978,0.1761059577721277,0.2209512346949859,0.1983256315910206,0.2488584108911379,0.2551448692614801,0.2916242524078561,0.1508186485939771,0.1327974569203804,0.3335479490275814,0.3644188471428212,0.2278874501394546,0.2105810271740526,3.4529909384292825,3.157102612268652,5.240600497395433,5.866607024697657,4.12413467082461,4.114469391625844,4.117232951390108,4.103823162332178,0.2578157476749318,0.265241302668933,0.2120428111908496,0.2621269161742011,0.1558226891190638,0.2666369807716938,0.1001103588380556,0.137217258073686,0.1643521077735787,0.2050709394161924,0.1917839704567262,0.2259177460514695,0.1746627757903664,0.142016490161348,0.0975836801135059,0.1307490271373702
sub-11423,10.6,f,ASD,ok,6,0.2824338510454024,0.0748169612351579,0.1484614684455245,0.7289746625645304,-0.5819945190608552,0.6884469389726317,0.2963286662669527,0.3822514115966662,0.2384129931693224,0.2080091094777593,0.2754436775250367,0.3678642612450571,0.2202630928753285,0.1863361801776591,18.668705974818025,24.08183893058997,15.020018569667313,13.104573897098843,0.1370142342424103,0.1546857045176255,0.1513240502646342,0.1641203025527117,0.2604475503445905,0.3470299717192351,0.2054315956727706,0.1777112275970323,0.3395548794975101,0.41583943471392,0.280442221875939,0.2487628694435684,3.352807923056879,2.750084045388401,4.069222105400641,4.630310808967738,4.130710173068432,4.128571528991611,4.127818079437169,4.125292656244256,0.2448653185350064,0.2323497774966937,0.1715989054536815,0.1972052092590579,0.092827214858334,0.1788470504048908,0.0842740319388687,0.0671391806045779,0.1358261852271971,0.1553101233938216,0.1483535840656795,0.1618855165781688,0.1823308125737179,0.1775612491919355,0.0948576043633886,0.0703036405350257
sub-11453,10.1,m,ASD,ok,6,0.0263446555192512,0.0172756543660855,0.0881695390153654,0.7788000080518408,0.3565540957089697,0.1452725609820581,0.2804949063997397,0.3051512699883276,0.1547664070026043,0.1473107737485195,0.25060035812435,0.2803632014741393,0.1159105621073038,0.0984375637529539,17.671179103183604,19.22453000926464,9.750283641164076,9.280578746156737,0.1222103799089555,0.1926643859101113,0.2700933628963984,0.3598564926655667,0.2396783429783469,0.2698109448809292,0.1267598553909448,0.1176354191841194,0.3299751586263773,0.3475134806916884,0.1988515226828238,0.1951161298252727,3.4948022437795907,3.333275708396304,6.214457947573028,6.63324047662989,4.131856301565073,4.121089991851595,4.099608998734138,4.070431273531504,0.2523742841587365,0.2594726491775069,0.2398883469141152,0.2621266207620531,0.1100444280490447,0.1890967842488407,0.111845468879965,0.1673373136904462,0.1232532076376555,0.1784031271995173,0.2402193928127547,0.3048960544269815,0.2120824666615711,0.1325907424368765,0.0524807975097765,0.0665673297111912
sub-11497,10.7,m,ASD,ok,6,0.172121271407653,0.079630435277013,0.2263810325122456,0.7437766728345466,0.2432107034466721,1.0493678649128224,0.2937632677071204,0.3290028580126016,0.2296964238852035,0.1747251044340949,0.268812119054705,0.3112405198447818,0.2024535501957472,0.1413704254355519,18.507085865548596,20.727180054793905,14.470874704767825,11.007681579347985,0.1423448069400298,0.1883124964833264,0.1834912465717865,0.2437094202249784,0.2540892727318887,0.2890126839260555,0.1953337191473434,0.1474293827613607,0.342851110712451,0.3752418547524477,0.2747143000226339,0.2142632566267388,3.333691694190254,3.050635814638892,4.240884473306283,5.613836769577376,4.129419499212601,4.121996840690083,4.12202243456228,4.107853758316913,0.2683442862773391,0.2281074318749573,0.1813203634998538,0.2339898801029133,0.1848278945587364,0.1392251969597318,0.1070399558845152,0.1419938812693278,0.1358612762878672,0.1767056545983512,0.1781926043748609,0.2299245584244475,0.2391173405523052,0.1625610446121981,0.0752491024437537,0.0725842023678475
sub-11510,11.8,m,ASD,ok,6,0.0913246560266149,0.1384911424638294,0.110133848139356,0.7875126951446706,0.1803161348447576,-0.196710927607421,0.298361746271101,0.3063467700604728,0.2249977155757335,0.1814297593631923,0.2762271825186345,0.2865755693864982,0.1975390823483468,0.1452521133712937,18.796790015079363,19.29984651380979,14.174856081271216,11.43007483988112,0.1262798489306994,0.1280382622625923,0.1771579447960315,0.2733372364825172,0.258781279839144,0.2670175355519264,0.1905187275289635,0.1531362882857647,0.346410208388164,0.3536483433735138,0.2697605639713519,0.2223271556956871,3.2805861909429432,3.2110561365317665,4.344052328190331,5.5447678185688885,4.131923481949254,4.131685477618863,4.122041069941379,4.098571012236184,0.2487245337331124,0.2437764000211775,0.1994496922111329,0.2652367491022606,0.1234061412054098,0.1246771735775804,0.1534877829034534,0.1781345865690206,0.1305397888641318,0.1324615365119547,0.1772830892668937,0.2513291708150365,0.2219756155899615,0.1653253509382288,0.1191279142883388,0.0983566890777691
sub-11535,9.3,m,ASD,ok,6,0.0925929893939425,0.1626971635472769,0.1390533420744116,0.7673552611183881,0.428147621858453,-0.1316527982381946,0.2955622068215605,0.2749064686834384,0.2253592613771584,0.1806661937392074,0.2716548563745387,0.2524823312966144,0.1988983930699947,0.1483159256259521,18.620419029758317,17.319107527056627,14.197633466760989,11.38197020557007,0.1595162054787015,0.1592953831571674,0.2087470813064012,0.2463818877836042,0.2581256130084564,0.2393237360853134,0.1924026305151039,0.152171470451507,0.3411196367872007,0.3186323631154209,0.267766773522306,0.2210971831493585,3.351375656539002,3.6019648870951824,4.413117605673338,5.528514676023819,4.127098754547903,4.126904686109953,4.115845303851633,4.10625533815784,0.2639902356551916,0.2608249475826906,0.191849273512296,0.2345498502975339,0.0957974620248809,0.0983660400431395,0.1067399481748341,0.1148849742102459,0.1510604470945325,0.1579852769933346,0.1983886556333087,0.2247758528619726,0.1688335460565455,0.151258454908049,0.0809728494440913,0.075942712785538
sub-11547,13.0,m,ASD,ok,6,0.0750605373665762,0.1126622259473884,0.1888936167743761,0.7190245221388003,0.9225021196651418,0.5116627174996008,0.3239662903703521,0.2974417171187267,0.2747025209016915,0.2228113451783119,0.3079432189387959,0.283173063775751,0.2581076086290795,0.2043776540566665,20.40987629333219,18.73882817847979,17.306258816806565,14.03711474623365,0.1337426753331408,0.1210749236146958,0.1443687163886784,0.1772868118978892,0.2835715841893099,0.2591892928317015,0.2364173642244071,0.1910434835268956,0.3689669457364381,0.3413186559040378,0.3188636544535857,0.2597556961440526,3.0847839548647507,3.3297515653461853,3.5899441184489063,4.452021317079285,4.131226569209972,4.132662624033048,4.129175203718293,4.123331463537705,0.2259312434417617,0.2212545727712354,0.1557231096881692,0.1792983628553091,0.1166537459153591,0.1091258017691951,0.0887996234880992,0.0611392810301458,0.135339426757586,0.1294136002469966,0.1458077529965883,0.1706890869621282,0.142772888068789,0.1166955585974408,0.1095853999371039,0.0750913418040202
sub-11548,12.4,m,ASD,ok,6,0.0381040952499062,0.0998252488209359,0.0892276599229008,0.7232373883691826,0.2854297949748068,0.0273167072857556,0.2608713263124226,0.2935887332913444,0.2016104390817431,0.1712977794284971,0.2352712902181991,0.2722278088817453,0.1606741906376019,0.1308827973439655,16.43489355768263,18.4960901973547,12.701457662149824,10.79176010399532,0.1140689745473989,0.1685110333615398,0.2160924079591525,0.2133906033631698,0.2256002966500472,0.2563448640876427,0.1698999794190618,0.1419041758684212,0.3055252604127489,0.3399687806139489,0.2450314088817593,0.2131557070315972,3.7392742126316425,3.3564641392967736,4.935721444606608,5.709922535439407,4.133054023016336,4.125667715819119,4.114270983841031,4.11370301733885,0.2804049916929142,0.2599690928703214,0.2076229927648022,0.2599820014569662,0.1264841029848515,0.1232574259834773,0.1164661918176534,0.1620641795480793,0.1170724273308908,0.1621151370826014,0.20179906483252,0.2025676674790607,0.1519657791890035,0.1686775666653658,0.0878750972521551,0.0969099366270575
sub-11551,11.7,m,ASD,ok,6,0.237826920675279,0.1082896459178994,0.1843723582854199,0.7774990389023321,-0.1811510459565022,0.6046759828199749,0.2657108119617721,0.280202209406524,0.2116921664108352,0.1926841712005919,0.2432347015319345,0.2573551668058719,0.1895620554521568,0.1666676390570623,16.73978115359164,17.652739192611012,13.336606483882615,12.139102785637297,0.0928445326242031,0.1181587059326199,0.1419696648159789,0.2020668915729878,0.2284756717664847,0.2465168483387575,0.1792327321557806,0.1629237488616975,0.3129386240068937,0.3223981508605038,0.2556207395422233,0.2333759385376672,3.6338742506390935,3.5370855912882746,4.539341724500276,5.06700672236008,4.135372935655579,4.132893047278322,4.128650142083326,4.117248606464062,0.2616733193375282,0.2627373297839028,0.1864208959971875,0.2242707655850167,0.0899544729812746,0.1109230261414122,0.1135774077645817,0.1850468149483195,0.1098078281483395,0.1322208776862576,0.1432123394420245,0.1939172926537018,0.1277607838060593,0.1395487497592447,0.0943405345088274,0.1047240658385332
sub-11562,12.0,m,ASD,ok,1,0.0130666871618144,0.0153889693957653,0.1047552225218175,0.62030919158351,2.0815603879363263,1.9179754347983449,0.2242370491881457,0.2450308317619982,0.1956322854691144,0.1614582690900505,0.1773293452606464,0.2096923001035781,0.1626293944555425,0.1186196772974183,14.12693409885318,15.436942401005894,12.324833984554209,10.17187095267318,0.1432078854759536,0.172326480810037,0.2084567103262224,0.2952347186806172,0.1867954542519636,0.2097630826830347,0.1623858056077149,0.1316364060285766,0.2767139758806762,0.2906882178146038,0.2418760540341092,0.2053251131418125,4.242813711549814,4.021953497947936,4.912711349977138,6.126164173044163,4.127926138788209,4.123786249496479,4.115626374326478,4.090357091628457,0.3517364686883384,0.3090284358919305,0.2441921680939622,0.2996708831306067,0.2867610284055374,0.2405902648822962,0.2971931191564937,0.2878201007097638,0.1426490536219248,0.160763929594025,0.2031439800765725,0.2472932866617471,0.116693017572101,0.2511202307418412,0.1604704570416744,0.1026014473426479
sub-11576,10.8,m,ASD,ok,3,0.0127901565285904,0.0048899628523131,0.0620393392856264,0.5898741757343942,0.8578938909102766,1.4637492972632329,0.4033110638993827,0.3140085373864261,0.2414830529791423,0.1974897959083655,0.3737230534410669,0.2778087672133708,0.1998895832247574,0.144882084346798,25.408597025661116,19.78253785534485,15.21343233768597,12.44185714222703,0.1122412375643012,0.1169635303209135,0.1765181130045038,0.2139872131060729,0.3707005360893065,0.2759898535736386,0.1949142171559159,0.157214805686515,0.4383575492078814,0.3553372629751353,0.2963870357974312,0.2490404731971216,2.794762153743688,3.3587580596004067,4.069069339440098,4.977060703944329,4.133383184093514,4.132669661468737,4.121829852915415,4.112074715675958,0.2252085183344626,0.257557527124823,0.2122000907200524,0.2322985134234663,0.3007396768691422,0.265326881939161,0.2695292909147853,0.1983665965729363,0.1191373881304758,0.1221850322477613,0.1694063889833531,0.196289015623311,0.2600721157858989,0.2347389504119562,0.1314001257540226,0.0974096855256136
sub-11593,9.5,m,ASD,ok,2,0.0371987884296406,0.0331922398727361,0.0965999763872618,0.5454437789049005,1.2978776373793648,1.2294878458717102,0.3044308044211824,0.2665907088518832,0.219466562581412,0.1932216226342546,0.2839096036683144,0.2470877383730085,0.1939356157724716,0.1610034088839687,19.179140678534488,16.795214657668645,13.826393442628955,12.17296222595804,0.1937878799590849,0.148621598784353,0.1723452214028646,0.1837203782703348,0.2657721908812501,0.2293931982882793,0.1845311452548279,0.1616824936192905,0.3503066891431392,0.3125818878977264,0.2640920160657983,0.2345140394518024,3.297476411526913,3.649423823901316,4.411641405294751,5.057418097448654,4.1206028406607125,4.12872249165124,4.123656664767948,4.121285447607072,0.2567401287098221,0.2530473397264443,0.1998307592640166,0.2440566440180957,0.1492501107089217,0.1238985624086737,0.1856211360092106,0.1916541138312465,0.1791772994816874,0.1447145996766222,0.1608334128091395,0.1859233949454563,0.1224687113068225,0.1425007914242465,0.0892752780235634,0.1388359991917821
sub-11601,12.9,m,ASD,ok,6,0.0937218919537151,0.0555864106740069,0.0954435903009314,0.7542343620403614,0.0107875775920731,0.5330298448644923,0.3047432319908654,0.3297792239665216,0.2586289387831785,0.221318053771475,0.284767714886097,0.3137675368077922,0.2345387432018306,0.191421847173908,19.19882361542452,20.77609110989086,16.293623143340245,13.943037387602931,0.128064528749282,0.1506160593805402,0.144109072317106,0.1849310296110244,0.2640364348963368,0.2901065406440812,0.2198033789244994,0.1891679507507069,0.3539253986542099,0.3754905685334528,0.3056673762963303,0.2621387092958534,3.211474846540581,3.030500436224046,3.77990069970665,4.492033074370184,4.131716189120096,4.128752181709946,4.128573599776886,4.121277556898211,0.239191095917185,0.2304295890238045,0.1598399369190198,0.1928975607650213,0.0968211834921723,0.1426650204152867,0.1001125149103567,0.1265584196243627,0.1302640798044791,0.1523120477025862,0.1438943867981734,0.178460887146361,0.1855440033700779,0.1843675968013754,0.1192969794735216,0.0786055482774064
sub-11613,10.2,m,ASD,ok,6,0.2184269456636277,0.0629341171378283,0.1685883254821218,0.7326033158114512,-0.2808049994600019,0.9822760081514064,0.3031910302367713,0.3577295594614321,0.2275475935266915,0.1570527420028993,0.281205316269171,0.3424658070557957,0.2041887837035287,0.1270182560273204,19.1010349049166,22.53696224607022,14.335498392181568,9.894322746182658,0.1301171984895591,0.1606470354944795,0.1645071707116622,0.2351559143788927,0.2636921946022438,0.318515603245051,0.1940077737802283,0.1314594703404594,0.3502253177285496,0.401151825035718,0.2711863317451462,0.1951322642703468,3.259084547200345,2.8351894612541315,4.266147556037532,6.1691592717936645,4.131017108058533,4.127159849128746,4.1254820102129095,4.109100146311658,0.238767723171955,0.2535522798352341,0.2052466230290459,0.2691175796811084,0.0947705563332655,0.1685434640811216,0.1351748071563764,0.1202140505447496,0.1364601629996299,0.1575589904665739,0.1634910459174466,0.2146760838570206,0.170781740662072,0.2041469942302635,0.1522035831441254,0.078924056129488
sub-11636,10.7,m,ASD,ok,6,0.1237399773203363,0.0501293373193516,0.1503023027672101,0.6940763845484298,0.1902584610707637,1.0920676323694245,0.308641552522242,0.356967989674118,0.2503525826290414,0.2175825164475354,0.2893454312292441,0.3473913634965948,0.236430570084546,0.2039951219863605,19.444417808901253,22.48898334946944,15.772212705629611,13.707698536194735,0.1213442375935517,0.2016356608602169,0.1272347803346493,0.1564902002338735,0.2698173169504616,0.3210271108169368,0.2153283972066725,0.1874987329232609,0.3543176911321395,0.3966815741303791,0.2920251345825888,0.2537672525420634,3.2008954820128186,2.879445305052952,3.900280469210845,4.51901231872606,4.132787848217753,4.119729908016797,4.131626317140808,4.127129416517654,0.2355358263650554,0.2127281065326912,0.1610469186506541,0.1902722516258358,0.1274224492119892,0.1656504002933874,0.0859709577607592,0.0772108278890892,0.1273918169660833,0.1872645793257062,0.128332406371727,0.1551954558361733,0.1896117185924389,0.1102934231513677,0.0841377107250092,0.0659316081546312
sub-11638,10.9,m,ASD,ok,6,0.0581060659136861,0.0314678578581757,0.1524121805254347,0.7134395934707006,0.9199974039553456,1.1325528262846334,0.249575378883539,0.245066563538894,0.1869393430959127,0.1458253416846475,0.2140325546823872,0.2120391997161853,0.1495837675866337,0.1082560749348875,15.72324886966296,15.439193502950324,11.777178615042502,9.186996526132797,0.1464947229124091,0.1444633683908335,0.2464534131433751,0.2546104993700888,0.2120159741356445,0.2091291224034117,0.1545159180120577,0.1200917994419723,0.2972795621005707,0.2904492052371511,0.2318531161801755,0.1877663605277373,3.932398928593388,4.032899301562443,5.193573397559436,6.457654331023435,4.127177136332601,4.128069450751494,4.106229284415044,4.103606181693624,0.322073349822461,0.3069114713710173,0.232875103495113,0.2779641918243294,0.2057233816806417,0.1922355912001177,0.2192630766915832,0.1578188182186679,0.1369960312050099,0.1439037129893527,0.2265604958143088,0.2202851280902559,0.1554745415222664,0.1725949938183995,0.0802092354724524,0.0647091032404244
sub-11674,11.7,m,ASD,ok,3,0.1592166159968215,0.0840423861537324,0.1202777733761884,0.7248366950081001,-0.2982718320634169,0.3469149066236398,0.283288458559392,0.3002319593994139,0.2294415024578883,0.2020561824371118,0.2644132711693808,0.2759487948113734,0.2104210167070152,0.1755828833701897,17.847172889241705,18.91461344216308,14.45481465484697,12.72953949353805,0.1522598055438257,0.1579281667199055,0.1520888718884387,0.2628028541352573,0.2459662994175754,0.2624368488988195,0.1947981281974938,0.1734068414380606,0.3299221709382973,0.345808651934943,0.2748646073488714,0.2403253705610397,3.447996250874412,3.31418186934392,4.189608036873783,4.968744427256547,4.128124754877892,4.127405879102713,4.127503194697451,4.10307562885392,0.2456648778934581,0.2634081337860105,0.1743659106551865,0.2007412030738602,0.0932414734805007,0.1132286600014671,0.0689352172285759,0.0977647210069369,0.1488941841182094,0.1616924691614268,0.1482044954353924,0.2410891372066921,0.1511407847921307,0.2311092443205734,0.0832852782512737,0.0792043175082416
sub-11731,11.5,m,ASD,ok,6,0.0835541561763585,0.107830193176072,0.1707760876048951,0.7694904147896957,0.7529916481615548,0.0352424612045276,0.2518500827768932,0.2201682765022126,0.1781916282796723,0.1481108201177104,0.2243685494960822,0.1964803875045709,0.1517183804721686,0.1198775179427934,15.86655521494427,13.8706014196394,11.226072581619356,9.330981667415756,0.1763808287727547,0.173482969254807,0.2090556571329135,0.2533665703511365,0.2193172137584782,0.188739114657627,0.1496321984654541,0.1232835422870401,0.292858205744914,0.2618983522268325,0.2197184093425274,0.1876644107784998,3.950171998599975,4.401193721360041,5.372187035211462,6.395377358823925,4.123759053894266,4.123744906213332,4.1160334291364045,4.105329943491938,0.2810198643628511,0.2751806007666116,0.2179040978744129,0.2807279821130717,0.1077329759425673,0.0697867757180643,0.0835668465511981,0.1132767854741872,0.1611927784597484,0.1599221249615159,0.1930808254162796,0.2324185301356808,0.1486000798680743,0.1118666067767741,0.1043820659942098,0.0758237099599388
sub-11755,8.1,m,ASD,ok,6,0.0332031082258538,0.0218685393093093,0.0787287854435134,0.6144544450362409,0.8680524394643764,1.294051386838842,0.2850768242384417,0.274445242488296,0.2220576098039962,0.2357466054471844,0.2582260898032388,0.250322748703987,0.2004157880142633,0.2086704098752071,17.959839927021832,17.290050276762653,13.989629417651768,14.85203614317262,0.1567853877972279,0.135963124141201,0.125420741702115,0.1559615964409536,0.2488224995130868,0.236806194155667,0.1887816866247675,0.2041613745516182,0.330815162054607,0.3206107010802134,0.2649283219279093,0.2754743779031491,3.4665522308599805,3.572625769281791,4.354377453486989,4.210528635232005,4.12772566780652,4.130364875750218,4.131274286325827,4.127063435780708,0.2498783584265249,0.2474188593674564,0.1791436088012658,0.196804297034752,0.0866434888500279,0.0906595725984454,0.1228373313730962,0.1616691614255994,0.1487963883546449,0.1357857095256204,0.1284684416289736,0.1560678372833543,0.1688873979223316,0.1538455173790676,0.105909680229345,0.1230682861261126
sub-11759,11.6,m,ASD,ok,1,0.1083077701098159,0.0957849203085632,0.1607245011023934,0.7610909255513165,0.3947148283784086,0.5175864614437723,0.3138455990751041,0.290677196389749,0.2328119736595966,0.1975941055742089,0.2919572819241156,0.2676892202523764,0.1940238732761612,0.1546109233111192,19.77227274173156,18.312663372554194,14.667154340554587,12.448428651175163,0.2023954048838978,0.1513935553668162,0.2385854112185881,0.2510745862440103,0.275960439666796,0.2524815386029096,0.1967663115011333,0.1642196154057878,0.3565728674457906,0.3363962038503912,0.277951242840265,0.2424743628569339,3.37472709857438,3.424499392065337,4.407010432031475,5.079506326346304,4.116995067334193,4.127785176102467,4.1074831918202985,4.103626805469874,0.2205956423549909,0.2434913420109423,0.1854653958883823,0.2314356614354139,0.0999892835331091,0.113481956195834,0.180049961988115,0.2607888030461671,0.1815226134500217,0.1483211939085762,0.2202842796773448,0.2283395797070243,0.1207232115841387,0.0783817967580501,0.0684579598064534,0.0523275275656006
sub-11776,11.1,m,ASD,ok,6,0.1592729651302513,0.0399859575448297,0.2205008966655974,0.7179358737044358,0.3274215020911932,1.7183338276399145,0.2933453319728156,0.3244372290278193,0.2382657357073359,0.1894705362691277,0.2709618439796852,0.3028576989866767,0.2233978305578819,0.1722136323997323,18.480755914287386,20.43954542875262,15.010741349562169,11.936643784955049,0.111923322211142,0.1444486889554146,0.0974197125136734,0.1639901481776175,0.2504015698867188,0.2823172455445337,0.2019713247758135,0.1602314584963486,0.3455873119285175,0.3732779401114072,0.2840228950799454,0.2276439687158998,3.291632471864934,3.054138753060275,4.00581997051845,5.08074082801464,4.133401502745292,4.129325008525548,4.134710819516281,4.124949307660614,0.2459874961514788,0.2656189313970631,0.1668116936778923,0.2141128895153896,0.0987953387980606,0.1651162554531595,0.0856488561247911,0.073205522407835,0.1171643637405463,0.1468554873956481,0.1071579632704736,0.1590728375890757,0.2327157710675395,0.2468991377271861,0.104581957441341,0.1092098841271943
sub-11777,12.5,m,ASD,ok,6,0.2727843437550552,0.1361542499523615,0.1123077713029623,0.7922033853292537,-0.8431570675545658,-0.1846371508251104,0.3041152151117562,0.3833214758589678,0.2553822013742229,0.2059201655706587,0.284324643187246,0.3740116914197435,0.2305937878367707,0.1720444346617931,19.159258552040644,24.149252979114976,16.08907868657605,12.972970430951504,0.1304838354302453,0.1782381021123406,0.1576517520361577,0.2568470290969509,0.263386203311429,0.3459429889621819,0.2193465511565483,0.1759682977833305,0.3533747522462592,0.4207885697776397,0.3008010145543558,0.2475724804485317,3.214129220978033,2.7166046395321715,3.8543397052266406,4.894381153467331,4.1313712168104,4.124279092796731,4.125897777606271,4.103917333173622,0.2362378972940314,0.2120841401855111,0.170131640738315,0.2103247460716937,0.0993061201550498,0.2015453215261226,0.1385547516845856,0.1080766971238299,0.1295466806830929,0.1701449173956814,0.1578035292256358,0.2404599687199876,0.1869533249777652,0.1423710868579142,0.1077942998074136,0.0707472707692828
sub-11791,9.3,m,ASD,ok,6,0.0286844282864635,0.0223186515140577,0.0612562509736239,0.6517765331347237,0.7961113215110585,1.0903524054062532,0.3025454831433011,0.3080907749853021,0.2255710789896966,0.1934345878159112,0.2792432084720896,0.2888449065246921,0.1997291154613078,0.1587979101637343,19.06036543802797,19.40971882407404,14.210977976350897,12.186379032402408,0.1554766940254464,0.1697899991685706,0.1754567528023864,0.2312128646299689,0.2635445119286679,0.2688967382571989,0.1905973704974881,0.1619873860147704,0.3496620297001156,0.3539522900249152,0.2715938851244997,0.238668846604752,3.2689523594339467,3.237888974487776,4.2949347126190505,4.993850335164713,4.127783452569891,4.125444265343012,4.12323316902697,4.110696587083491,0.2432652136048365,0.2361342777754854,0.1862689001743666,0.2317791488526641,0.1144060450252358,0.1322327054895178,0.1677664133273745,0.1897472055657874,0.1495564523640897,0.1627378744589858,0.1735572548951023,0.2175990181320959,0.1845383626238168,0.184010741592707,0.0874908017342997,0.1032391440844293
sub-11831,8.0,f,ASD,ok,6,0.2368989818753037,0.0773293879849101,0.2099825342656544,0.7410880264264037,-0.1231977539568194,1.005635811479937,0.3376006708090744,0.3626447481588741,0.271620152973556,0.1889075543267752,0.3141487087408147,0.3390554081817485,0.2455828038583554,0.1492231384928387,21.26884226097169,22.846619134009075,17.112069637334034,11.901175922586845,0.2027565991691269,0.1787260107204581,0.2275478620368811,0.2857643444956379,0.2928403278999155,0.3245761813811218,0.2330218655999694,0.1564479430823172,0.3869146525814843,0.4013294365204887,0.3171737737379211,0.2319840462653977,2.9893290291487937,2.8719649419551163,3.697842257787933,5.282934886609081,4.119202594552591,4.124152835013913,4.113543730591155,4.097177966111151,0.2044233593785321,0.2548988707558887,0.1742699369956837,0.2134396844360579,0.1074667082047261,0.1485067514779564,0.1524435902439762,0.1251795482448178,0.1862897783039465,0.1759080267043796,0.2183992165557673,0.2593400228335298,0.141055504172464,0.1485515536536668,0.0990352895029507,0.0874031134884428
sub-11847,8.3,m,ASD,ok,6,0.0354839231401473,0.0917008111901894,0.0775349834072369,0.699271305967783,0.8745287221592073,0.0516341277965231,0.303336059484357,0.2622779589832827,0.2156723733238733,0.1993986773957931,0.2819786518565941,0.2409125762734059,0.1864234949866068,0.1680865244550339,19.11017174751449,16.523511415946814,13.587359519404025,12.562116675934972,0.1941550509617219,0.1762622790636594,0.2294301680162709,0.2356705215636127,0.2653132723556744,0.2268427614822782,0.1821556592286394,0.1673428844195497,0.3489721647723667,0.306768304087218,0.2601872550007897,0.2427725494322683,3.297376590299034,3.747267949082296,4.5747817193756894,4.96467869226865,4.12082280494498,4.123934839648917,4.110571819658156,4.108435326390755,0.2401525875841028,0.2445633285801882,0.1952047304551697,0.2426309619039813,0.1135657716070773,0.0838566642600104,0.1646004214206871,0.2018547843180432,0.1771630175325032,0.1671024765360115,0.212323401323909,0.2188077961208409,0.1083103561745788,0.1498247165373729,0.0830694370058722,0.118346107535392
sub-11868,10.1,m,ASD,ok,6,0.1111958079410233,0.0882660149907203,0.058466138731092,0.7108174276706714,-0.6207237762239729,-0.3056083552444291,0.2582022156951737,0.331719681907156,0.2048465521206413,0.1848559254393081,0.2332864544758152,0.3179708255164877,0.178978638120291,0.1529559171305876,16.266739588795943,20.89833996015083,12.905332783600407,11.645923302676415,0.1359984179121915,0.1756008226248324,0.1362863535705516,0.2045692275467685,0.2231156139311276,0.2979498498904447,0.173595655031502,0.1558857675995747,0.3042867704308885,0.3701714787946291,0.2472813831719357,0.2240406884952391,3.749674706156373,3.0898852593522115,4.718360559337549,5.3585762489270925,4.130379846218776,4.124474721507183,4.129195820975807,4.115455583962129,0.2692397384303616,0.2633025745039053,0.2238670852605019,0.27660590149173,0.0722564567801951,0.1493189551024721,0.2088947483246761,0.2907970886827736,0.1357077369625852,0.175708648059324,0.1487731894419639,0.2061381410107713,0.1543509468998208,0.1345601436226714,0.1193563906865122,0.182375207442279
sub-11876,10.6,m,ASD,ok,6,0.1711418582237585,0.0871564019049337,0.0846678513311228,0.7272798954005736,-0.7769073480172995,0.0049692421969496,0.3040123582057126,0.3672920277523101,0.2178398366191973,0.2058808625775837,0.2789889622164681,0.3527443189179569,0.1832386006689993,0.1595991835316789,19.152778566959903,23.139397748395535,13.723909707009437,12.97049434238778,0.1816222118760273,0.1583362737968714,0.2015049662361406,0.2763955706399655,0.2660234669411545,0.3330274195903959,0.1832327923703071,0.1755058674283628,0.350042274354267,0.4021882948897363,0.2621473343852247,0.2439247349261553,3.281290397591533,2.831950232428612,4.571725662918215,5.21390344368924,4.123044119539695,4.127929781824896,4.117629148046345,4.096979813020719,0.2376291813447835,0.2480706771104527,0.2100491028519886,0.2397640152646233,0.1129980351826921,0.1748572107865676,0.2498450529311977,0.2532904851385583,0.1685262579477428,0.1621152225301461,0.2004834424060018,0.2634342627872721,0.1557761099281312,0.1721030827662029,0.1161511830355629,0.0971119007273715
sub-11883,10.8,m,ASD,ok,2,0.2148150778829954,0.0569446266239567,0.1688145102042796,0.7417122564977926,-0.2377843917401336,1.0955682897852277,0.262622799547281,0.3200007619419553,0.2140636049146836,0.1725548794483434,0.2327463989086002,0.3005929308220703,0.1981567954263381,0.1533198173825182,16.545236371478705,20.16004800234318,13.486007109625072,10.87095740524564,0.1399048130704192,0.1287906481717708,0.1419397343524598,0.1907050371746569,0.2272526720461468,0.2841787342233364,0.1826169182376059,0.1469692077087634,0.3089106102499789,0.359716744683666,0.2549777914235951,0.2083792454397953,3.711352164985157,3.1712445129141047,4.501688238072452,5.5618071142610574,4.129866770682633,4.131999111137874,4.12902442288262,4.120039856574996,0.2623163572706966,0.259802607139734,0.1835051745825194,0.2299512587203966,0.0831476445506562,0.1544813130508758,0.070869496112578,0.0749830396127275,0.1397214190640465,0.1395238803403454,0.1427988328276094,0.1760313029150967,0.1550756873900201,0.1186965912629824,0.0961463262386552,0.0626764533992744
sub-11936,12.0,f,ASD,ok,5,0.0089452373598295,0.0029548420633324,0.0917142058980404,0.4792460030887159,1.9724519587080565,3.066615565360313,0.7020267931688444,0.4757693597391198,0.3217602974976513,0.236082614278983,0.7262795763360302,0.4694303594689964,0.2788969534471912,0.1844190893151192,44.2276879696372,29.97346966356455,20.27089874235204,14.873204699575933,0.1353774845274418,0.174050826180067,0.2286835899345278,0.3299559755950027,0.692523146973668,0.4423955113608054,0.2861706087361019,0.2009521168421539,0.7025448696753988,0.5004031841921156,0.35655331476619,0.2713605396421933,1.63260389544075,2.618060537684445,3.913014766319807,5.145785985753806,4.130948122765821,4.122919709348481,4.108327148453749,4.076325479100474,0.1632643930852727,0.2517603328641768,0.2487998359826813,0.2804664429995329,0.4077586848071203,0.3949471976783767,0.4180800634146265,0.3649132308402046,0.1350308375905433,0.1685496729197053,0.2198830780050654,0.2961826631388661,0.2464616826269082,0.1720289562453048,0.1802943418161496,0.1245454226797765
sub-11955,8.5,m,ASD,ok,6,0.1532085251960461,0.0932828569417918,0.1068290051963773,0.755521635388832,-0.3668478263449857,0.1151321935516822,0.28913511749881,0.316624870789857,0.2240934589915573,0.1922533425828053,0.2653066651189187,0.2982486760570456,0.1958697839778579,0.1570234558893315,18.21551240242504,19.947366859760997,14.117887916468112,12.11196058271674,0.1565847831216046,0.1271070633811324,0.1860793459142428,0.2230969598268771,0.2506913838571138,0.2817741597931076,0.1902511133666439,0.1626721918497675,0.3365636243253864,0.3558922721756519,0.2683297107564738,0.2329260621147995,3.396099191819644,3.1984432517152435,4.370628545494206,5.174474723436345,4.127566047876665,4.132209175581448,4.1213490213768855,4.112245361969528,0.2432334448054091,0.2691357921609106,0.1965832861778452,0.2429605910753531,0.085834558441847,0.1703982155430754,0.1649941004212818,0.2172057990579671,0.1485622058405942,0.1416380298329656,0.1832392228325296,0.2094357579236784,0.1491636006838445,0.1860175138596634,0.0847132064578791,0.0781190335055204
sub-11976,8.3,f,ASD,ok,6,0.064143111097482,0.2133690410351238,0.136819840527791,0.7597620341931433,0.782803176154347,0.1327461903020662,0.3006335294174315,0.2866141554853453,0.2146026514928717,0.193647331786997,0.2787107801636683,0.2702969873692111,0.185314409640168,0.1567593072219819,18.939912353298197,18.05669179557676,13.51996704405092,12.199781902580815,0.1122224263251083,0.1118800674222862,0.1996544106443403,0.2613805323507093,0.2597173852404283,0.2491343824980399,0.1813362766045185,0.1619443034527925,0.3508100663524578,0.3319250729394195,0.258441362551876,0.2358859496910351,3.233250942373996,3.4207499376991226,4.600264533259883,5.213350373068535,4.133395948379209,4.13375909037957,4.117515429655194,4.1017480534679125,0.2433572438328397,0.2395014092713866,0.2044861170999242,0.251455373894041,0.1001093182121051,0.1048484800176508,0.1930135887205269,0.2794106301373643,0.1204643430311968,0.123918083588477,0.1905791013416511,0.2395253815612127,0.1992304494339904,0.1439305842643327,0.0758283475441306,0.0874719817308881
sub-11990,11.7,m,ASD,ok,6,0.0017772491704199,0.0006994327102308,0.0333690630247491,0.646194990622619,0.6092736761265891,1.6901876239284013,0.332475005756574,0.3401697286286998,0.2353909618473871,0.1798965653008957,0.3091572257955401,0.3104446120246887,0.2114429756141829,0.1548226608362195,20.94592536266416,21.430692903608094,14.82963059638539,11.333483613956432,0.1546935948054279,0.185391182555068,0.1496785611661387,0.2146921541638413,0.29824295098825,0.2990412433220349,0.1987471785785805,0.1516344040591229,0.3720244571912866,0.3825222439150106,0.2809388332162212,0.2183785527400035,3.180584097422923,3.060966270353415,4.153077963054336,5.36630941438045,4.127032749882961,4.122357808408258,4.127121119440955,4.114861062169204,0.249020862931575,0.2525131286279032,0.1986634294041604,0.2253638467925225,0.1482220969096654,0.1786732886615845,0.142817962062828,0.119364223598705,0.1469418698560973,0.1767309221458035,0.1456812112401589,0.1975503903711923,0.2476521215427808,0.1499525188372869,0.1218592297468887,0.0616835545834658
sub-11993,8.6,m,ASD,ok,6,0.0287477781188251,0.0212832670956751,0.1101089426861113,0.737861862138157,1.0320408123954354,0.8239125232951192,0.3068332591280405,0.2605813074654655,0.1972706800400806,0.1705525590095094,0.2842648515891066,0.2391359921575213,0.1618548578328692,0.1303846111997344,19.330495325066558,16.41662237032433,12.428052842525082,10.7448112175991,0.0997717355394472,0.1134017319735821,0.1966642580193371,0.2465409596497334,0.2720646252798507,0.2267730013361271,0.1637676933892087,0.1431738988493653,0.3470131497158088,0.3016722695031503,0.2411971185279977,0.2084841800908283,3.307292201008908,3.8074517837589945,5.032377729726168,6.016552204471883,4.135079553063893,4.133174090408036,4.116731078607757,4.104222015680187,0.2638784564203714,0.2662260775880006,0.2225131065822126,0.2718270149480874,0.1220102271169453,0.1048207072367912,0.16056798624941,0.1851680097814982,0.116737877612234,0.1256504572847322,0.1856687304332198,0.2321328494588155,0.1813108374822784,0.1375565033405215,0.1267152445843269,0.111697008290551
sub-2713,9.9,m,ASD,ok,6,0.0894226686601028,0.0387662584801492,0.3817663823762166,0.718237591690226,0.8459937392361018,1.5486710971294748,0.5383968634793574,0.5019826788929621,0.4576892679409586,0.3657430977738283,0.5156697652999219,0.4781144243761059,0.4304871424782455,0.3361256940671356,33.91900239919952,31.624908770256614,28.83442388028039,23.041815159751188,0.0781399138862317,0.0961721094287075,0.0840312573395293,0.1192285523198266,0.5147973270847777,0.4765783125651172,0.4352828205162488,0.343604516308477,0.566697531952363,0.5305039674046343,0.4843992460463791,0.3907890661240189,2.4960116190343338,2.488567278200653,2.970550502497864,3.5506481871959963,4.135857239201118,4.134346816000393,4.135240930595511,4.130891679235722,0.2016057610261624,0.2305761103749311,0.1778329693947699,0.2203912581635323,0.3101449457774686,0.3152297543287117,0.2740670943348974,0.3330914188320002,0.0912774596985866,0.1098821361927559,0.0990987590007342,0.1265684962203174,0.370077441171067,0.3123954525808473,0.2419495816962476,0.1690617209898166
