participant_id,age,sex,group,run,mean_abs_uv,std_uv,line_noise_60hz_ratio,n_channels,duration_s,delta_abs,theta_abs,alpha_abs,beta_abs,gamma_abs,delta_rel,theta_rel,alpha_rel,beta_rel,gamma_rel,theta_alpha,theta_beta,alpha_beta,log_theta_alpha,log_theta_beta,spectral_entropy_mean,spectral_entropy_std
sub-10003,12.9,m,TD,01,0.9239320582264805,28.497571962619638,0.3780008593579524,64,61.998046875,32.38277565559741,8.348820603003967,11.381954708780462,2.8724690474411045,0.5115222644910142,0.5834992744834958,0.1504358618438449,0.20508934704704468,0.05175849108748246,0.009217025538114121,0.7335137783110878,2.9064962807653156,3.962429018657639,-0.30990889723854304,1.0669483285319792,0.7025599482346246,0.04961895588524254
sub-10003,12.9,m,TD,02,4.026424642092525,59.853486775747015,0.44214755380215176,64,62.998046875,47.81603491448867,8.82854271094768,7.028843139381736,2.7153712407310144,0.5140916954324926,0.7147081301935929,0.13196057064455083,0.10506039127994277,0.040586759352065634,0.007684148529832986,1.2560449188972784,3.2513206954963794,2.588538551909715,0.22796783085987035,1.179061281641748,0.6729742156872298,0.06357186005432094
sub-10003,12.9,m,TD,03,11.820453200540982,102.25183186760704,0.3933858856155981,64,62.998046875,49.01988767588601,8.425118572192863,14.086609976086557,3.0775382605189825,0.5421044304601048,0.6522829874511504,0.11210881485971912,0.1874434331431756,0.040951253577719574,0.007213510968222151,0.5980941182083379,2.7376161915755843,4.577233094644443,-0.5140071491073697,1.0070875386531717,0.6846189005933211,0.06766840294675575
sub-10003,12.9,m,TD,04,14.269268294661439,112.20708144568744,0.39748377702245363,64,62.998046875,39.29784755205432,7.788604690855799,17.35113175076713,3.1122228044301945,0.4095990853630428,0.5782547248785178,0.11460672131552696,0.25531611886835415,0.04579532095625815,0.0060271139813284046,0.4488816523746931,2.5025858302195956,5.57515732037646,-0.8009960064404421,0.9173245294092593,0.6950845002977145,0.06363573206953274
sub-10003,12.9,m,TD,05,5.139743630185149,67.61459177812928,0.3567317906961872,64,62.998046875,67.43536369652483,7.458269174479333,9.01069778180142,3.2484672112047854,0.4520663536856234,0.7697673445272263,0.08513533170881503,0.1028561354699432,0.0370809000186609,0.005160288275343298,0.8277127204889394,2.295934879302946,2.773830608700149,-0.18908914073111072,0.8311401153822928,0.6283912694800606,0.0618241498865751
sub-10003,12.9,m,TD,06,13.37808608491479,108.69893390630371,0.3984047563142449,64,62.998046875,38.530726962284426,8.44665665582448,15.850518877433363,3.4374237528563625,0.5675923529504847,0.576523183015773,0.12638467438789733,0.23716634271173612,0.05143309352327047,0.008492706361308283,0.5328946466130889,2.457263713501481,4.611162317202702,-0.6294315354923815,0.8990484192819812,0.6879951256692484,0.07271125475601249
sub-10025,8.3,m,TD,01,3.5923690902637557,56.44494890990199,0.45174535305186286,64,62.998046875,33.5418374641877,9.743608062845578,14.058367796978121,5.695614915924294,2.56867098551578,0.5112453776312917,0.14851227482392257,0.21427793158080427,0.08681267988502701,0.039151736078939355,0.6930824547739671,1.7107210032057896,2.4682791945203406,-0.36660630451215354,0.5369149209514306,0.7452790911530752,0.06457441275051842
sub-10025,8.3,m,TD,02,6.932941918170837,78.41839464715608,0.41498169428568993,64,62.998046875,35.890432532501485,9.274309371013723,8.378793941034115,5.457565108255031,2.660637655429825,0.5820535285346004,0.15040622564890022,0.13588319321108294,0.08850812888895986,0.04314892371644036,1.1068787985813597,1.6993492861832913,1.5352622964330633,0.10154416135616792,0.5302454049526998,0.7427336614586442,0.07310370912958228
sub-10025,8.3,m,TD,03,11.163619357789791,99.35330189357204,0.40021486466812395,64,62.998046875,166.9363609466842,14.64490568878488,19.004333002625717,5.547564394488186,1.7854384389028295,0.802892857889314,0.0704357643553959,0.09140275461995712,0.026681424021445885,0.008587199113882454,0.7706087704714871,2.639880251472659,3.4257075089572924,-0.26057446550065577,0.9707335568388699,0.7248865197584657,0.0731159668916302
sub-10025,8.3,m,TD,04,9.827824336313627,93.27049449297232,0.3980679624691279,64,62.998046875,30.27698528462189,10.20742210920627,15.302354392296722,3.8735264904043887,0.8791851497267488,0.5001197329788837,0.16860771215065,0.25276655917624524,0.06398348500871454,0.014522510685489888,0.6670491250904546,2.6351755007974655,3.9504968999696284,-0.40489158496822636,0.9689497834936978,0.7322645775092498,0.040330160883082236
sub-10025,8.3,m,TD,05,8.047353437954525,84.4538159705766,0.39751622855138474,64,62.998046875,106.07896352527364,16.801993398190245,12.452592390230993,7.048449384776593,3.9673254907646713,0.7248339827528559,0.1148074546382217,0.08508814413197534,0.04816181710318381,0.027108601373756376,1.3492767507085504,2.3837857776885225,1.7667137423338286,0.2995687086744432,0.8686898868135293,0.6921080758892664,0.07718090194219834
sub-10025,8.3,m,TD,06,2.1728754113311735,43.782468250518,0.7452987052372768,64,58.998046875,808.203780578998,355.8102258807083,83.89901540759125,123.77342313507573,39.29458366303145,0.5727956394590563,0.25217222531847644,0.059461476591891674,0.0877215360238744,0.027849122606700628,4.240934463320413,2.874690033355582,0.6778435409032064,1.4447836372536058,1.0559448539519023,0.7265248586327528,0.041512728188469725
sub-10036,11.0,m,TD,01,11.597569928122047,101.29536795739945,0.3991594459701271,64,62.998046875,29.701927661547472,12.94979553464573,8.919619415824974,10.644576590376403,1.9242259335017917,0.4630785851609208,0.20189844452656386,0.13906453434002167,0.16595809953069382,0.030000336441784237,1.451832744306227,1.2165627655262703,0.8379496676164861,0.37282671989607435,0.1960294770821479,0.7937033185536269,0.03990398421919691
sub-10036,11.0,m,TD,02,8.701602473778292,87.86814458424351,0.41873345106792564,64,62.998046875,28.15036263334919,15.624080359635744,10.205304811534253,10.411814887083242,1.257303193723183,0.428801964111937,0.23799467285432468,0.1554528730071371,0.15859854921591904,0.019151940810666873,1.530976354765567,1.5006106552102907,0.9801657945526708,0.42590567224907455,0.40587212873761985,0.7938875953455553,0.028501168854426415
sub-10036,11.0,m,TD,03,10.706275049078414,97.37127236461045,0.3915426648420245,64,62.998046875,37.5780571471731,13.452454467374196,11.060680326353703,9.911490022721209,1.244203230497316,0.5130328347421585,0.18365906525201997,0.15100547002156395,0.13531619803973313,0.01698643194451069,1.2162411416339844,1.3572585389819578,1.1159452616102081,0.1957650711485529,0.3054668851684613,0.7721322230097443,0.060512548457871615
sub-10036,11.0,m,TD,04,2.055801649378375,42.70890870295018,0.7469619558726166,64,61.998046875,29.0818543001512,14.398246899813788,14.302282836423498,10.408235388000445,3.1511177811458904,0.4076415214892548,0.20182080593765728,0.20047567380113782,0.14589265408570412,0.04416934468623196,1.0067097025339824,1.383351390804632,1.3741313780154403,0.006687292666517936,0.3245090990830792,0.8015775536019065,0.038564427325852885
sub-10036,11.0,m,TD,05,8.704014287930068,87.8690661305278,0.4188998969043739,64,62.998046875,45.72221881576643,17.530732326352588,10.926642031322176,11.305942071322399,5.006043480953909,0.5052649037580752,0.19372777636567196,0.12074761193459796,0.12493916263292192,0.05532054530872217,1.60440254893476,1.5505768750414761,0.9664512662802964,0.4727514436278138,0.43862703913647944,0.7696242512430951,0.05985723039597886
sub-10036,11.0,m,TD,06,0.7002091268727777,24.68512527516468,0.3227368496536685,64,61.998046875,25.787441875688742,11.858849636174527,11.770488708233865,8.903468382231804,1.2447104621482674,0.43292973386877026,0.19909103980643209,0.19760760173598846,0.14947493496291886,0.020896689625873602,1.0075069888880521,1.3319359520430594,1.3220116254607368,0.007478951676315689,0.28663348691044943,0.7983570931291131,0.03413135211920652
sub-10003,12.9,m,TD,01,0.9239320582264805,28.497571962619638,0.3780008593579524,64,61.998046875,32.38277565559741,8.348820603003967,11.381954708780462,2.8724690474411045,0.5115222644910142,0.5834992744834958,0.1504358618438449,0.20508934704704468,0.05175849108748246,0.009217025538114121,0.7335137783110878,2.9064962807653156,3.962429018657639,-0.30990889723854304,1.0669483285319792,0.7025599482346246,0.04961895588524254
sub-10003,12.9,m,TD,02,4.026424642092525,59.853486775747015,0.44214755380215176,64,62.998046875,47.81603491448867,8.82854271094768,7.028843139381736,2.7153712407310144,0.5140916954324926,0.7147081301935929,0.13196057064455083,0.10506039127994277,0.040586759352065634,0.007684148529832986,1.2560449188972784,3.2513206954963794,2.588538551909715,0.22796783085987035,1.179061281641748,0.6729742156872298,0.06357186005432094
sub-10003,12.9,m,TD,03,11.820453200540982,102.25183186760704,0.3933858856155981,64,62.998046875,49.01988767588601,8.425118572192863,14.086609976086557,3.0775382605189825,0.5421044304601048,0.6522829874511504,0.11210881485971912,0.1874434331431756,0.040951253577719574,0.007213510968222151,0.5980941182083379,2.7376161915755843,4.577233094644443,-0.5140071491073697,1.0070875386531717,0.6846189005933211,0.06766840294675575
sub-10003,12.9,m,TD,04,14.269268294661439,112.20708144568744,0.39748377702245363,64,62.998046875,39.29784755205432,7.788604690855799,17.35113175076713,3.1122228044301945,0.4095990853630428,0.5782547248785178,0.11460672131552696,0.25531611886835415,0.04579532095625815,0.0060271139813284046,0.4488816523746931,2.5025858302195956,5.57515732037646,-0.8009960064404421,0.9173245294092593,0.6950845002977145,0.06363573206953274
sub-10003,12.9,m,TD,05,5.139743630185149,67.61459177812928,0.3567317906961872,64,62.998046875,67.43536369652483,7.458269174479333,9.01069778180142,3.2484672112047854,0.4520663536856234,0.7697673445272263,0.08513533170881503,0.1028561354699432,0.0370809000186609,0.005160288275343298,0.8277127204889394,2.295934879302946,2.773830608700149,-0.18908914073111072,0.8311401153822928,0.6283912694800606,0.0618241498865751
sub-10003,12.9,m,TD,06,13.37808608491479,108.69893390630371,0.3984047563142449,64,62.998046875,38.530726962284426,8.44665665582448,15.850518877433363,3.4374237528563625,0.5675923529504847,0.576523183015773,0.12638467438789733,0.23716634271173612,0.05143309352327047,0.008492706361308283,0.5328946466130889,2.457263713501481,4.611162317202702,-0.6294315354923815,0.8990484192819812,0.6879951256692484,0.07271125475601249
sub-10025,8.3,m,TD,01,3.5923690902637557,56.44494890990199,0.45174535305186286,64,62.998046875,33.5418374641877,9.743608062845578,14.058367796978121,5.695614915924294,2.56867098551578,0.5112453776312917,0.14851227482392257,0.21427793158080427,0.08681267988502701,0.039151736078939355,0.6930824547739671,1.7107210032057896,2.4682791945203406,-0.36660630451215354,0.5369149209514306,0.7452790911530752,0.06457441275051842
sub-10025,8.3,m,TD,02,6.932941918170837,78.41839464715608,0.41498169428568993,64,62.998046875,35.890432532501485,9.274309371013723,8.378793941034115,5.457565108255031,2.660637655429825,0.5820535285346004,0.15040622564890022,0.13588319321108294,0.08850812888895986,0.04314892371644036,1.1068787985813597,1.6993492861832913,1.5352622964330633,0.10154416135616792,0.5302454049526998,0.7427336614586442,0.07310370912958228
sub-10025,8.3,m,TD,03,11.163619357789791,99.35330189357204,0.40021486466812395,64,62.998046875,166.9363609466842,14.64490568878488,19.004333002625717,5.547564394488186,1.7854384389028295,0.802892857889314,0.0704357643553959,0.09140275461995712,0.026681424021445885,0.008587199113882454,0.7706087704714871,2.639880251472659,3.4257075089572924,-0.26057446550065577,0.9707335568388699,0.7248865197584657,0.0731159668916302
sub-10025,8.3,m,TD,04,9.827824336313627,93.27049449297232,0.3980679624691279,64,62.998046875,30.27698528462189,10.20742210920627,15.302354392296722,3.8735264904043887,0.8791851497267488,0.5001197329788837,0.16860771215065,0.25276655917624524,0.06398348500871454,0.014522510685489888,0.6670491250904546,2.6351755007974655,3.9504968999696284,-0.40489158496822636,0.9689497834936978,0.7322645775092498,0.040330160883082236
sub-10025,8.3,m,TD,05,8.047353437954525,84.4538159705766,0.39751622855138474,64,62.998046875,106.07896352527364,16.801993398190245,12.452592390230993,7.048449384776593,3.9673254907646713,0.7248339827528559,0.1148074546382217,0.08508814413197534,0.04816181710318381,0.027108601373756376,1.3492767507085504,2.3837857776885225,1.7667137423338286,0.2995687086744432,0.8686898868135293,0.6921080758892664,0.07718090194219834
sub-10025,8.3,m,TD,06,2.1728754113311735,43.782468250518,0.7452987052372768,64,58.998046875,808.203780578998,355.8102258807083,83.89901540759125,123.77342313507573,39.29458366303145,0.5727956394590563,0.25217222531847644,0.059461476591891674,0.0877215360238744,0.027849122606700628,4.240934463320413,2.874690033355582,0.6778435409032064,1.4447836372536058,1.0559448539519023,0.7265248586327528,0.041512728188469725
sub-10036,11.0,m,TD,01,11.597569928122047,101.29536795739945,0.3991594459701271,64,62.998046875,29.701927661547472,12.94979553464573,8.919619415824974,10.644576590376403,1.9242259335017917,0.4630785851609208,0.20189844452656386,0.13906453434002167,0.16595809953069382,0.030000336441784237,1.451832744306227,1.2165627655262703,0.8379496676164861,0.37282671989607435,0.1960294770821479,0.7937033185536269,0.03990398421919691
sub-10036,11.0,m,TD,02,8.701602473778292,87.86814458424351,0.41873345106792564,64,62.998046875,28.15036263334919,15.624080359635744,10.205304811534253,10.411814887083242,1.257303193723183,0.428801964111937,0.23799467285432468,0.1554528730071371,0.15859854921591904,0.019151940810666873,1.530976354765567,1.5006106552102907,0.9801657945526708,0.42590567224907455,0.40587212873761985,0.7938875953455553,0.028501168854426415
sub-10036,11.0,m,TD,03,10.706275049078414,97.37127236461045,0.3915426648420245,64,62.998046875,37.5780571471731,13.452454467374196,11.060680326353703,9.911490022721209,1.244203230497316,0.5130328347421585,0.18365906525201997,0.15100547002156395,0.13531619803973313,0.01698643194451069,1.2162411416339844,1.3572585389819578,1.1159452616102081,0.1957650711485529,0.3054668851684613,0.7721322230097443,0.060512548457871615
sub-10036,11.0,m,TD,04,2.055801649378375,42.70890870295018,0.7469619558726166,64,61.998046875,29.0818543001512,14.398246899813788,14.302282836423498,10.408235388000445,3.1511177811458904,0.4076415214892548,0.20182080593765728,0.20047567380113782,0.14589265408570412,0.04416934468623196,1.0067097025339824,1.383351390804632,1.3741313780154403,0.006687292666517936,0.3245090990830792,0.8015775536019065,0.038564427325852885
sub-10036,11.0,m,TD,05,8.704014287930068,87.8690661305278,0.4188998969043739,64,62.998046875,45.72221881576643,17.530732326352588,10.926642031322176,11.305942071322399,5.006043480953909,0.5052649037580752,0.19372777636567196,0.12074761193459796,0.12493916263292192,0.05532054530872217,1.60440254893476,1.5505768750414761,0.9664512662802964,0.4727514436278138,0.43862703913647944,0.7696242512430951,0.05985723039597886
sub-10036,11.0,m,TD,06,0.7002091268727777,24.68512527516468,0.3227368496536685,64,61.998046875,25.787441875688742,11.858849636174527,11.770488708233865,8.903468382231804,1.2447104621482674,0.43292973386877026,0.19909103980643209,0.19760760173598846,0.14947493496291886,0.020896689625873602,1.0075069888880521,1.3319359520430594,1.3220116254607368,0.007478951676315689,0.28663348691044943,0.7983570931291131,0.03413135211920652
sub-10124,12.0,f,TD,01,14.055583148788486,111.34178521512617,0.3973564621480889,64,62.998046875,54.981354190075386,12.72672631415656,31.679640202099684,18.650419103541505,1.8546680641017192,0.45858759307621266,0.10615087376662437,0.2642330325218459,0.15555911513179096,0.015469385503517737,0.4017320346117014,0.682382859253775,1.698602054260667,-0.9119699931945475,-0.38216440144688407,0.7911133551527351,0.07868111623436994
sub-10124,12.0,f,TD,02,14.054777380542298,111.3410907347893,0.3977589354238031,64,62.998046875,75.0910502059083,20.96689723445625,54.72675004682641,20.314875631320454,1.6327519826249945,0.43472494312770554,0.12138374923269175,0.3168298117609606,0.1176089977334919,0.00945249814514448,0.383119721461913,1.032095771343513,2.6939249365843407,-0.9594077499737019,0.03159146444305877,0.7735928592953895,0.07619756636868472
sub-10129,12.7,f,TD,01,4.033768580295522,59.85352124453047,0.4421101877935331,64,62.998046875,25.772802670404108,7.270888253831184,9.522495867322322,26.737971597889537,19.2227588891216,0.2911295622020161,0.08213194898622424,0.10756610712375375,0.30203210977913675,0.21714027190885782,0.7635485859102775,0.2719311832317457,0.35614129637543596,-0.26977852057813595,-1.3022062475210803,0.8505867439153865,0.07725562226243914
sub-10129,12.7,f,TD,02,6.702140920664502,77.15296776142542,0.4242681439930259,64,62.998046875,16.447418200962893,5.821595831439371,9.694232246380626,21.61425915013145,11.064253709521003,0.254439520523246,0.09005936578817236,0.14996857102263456,0.3343699094550089,0.17116263321092293,0.6005215971189759,0.26934052150492965,0.4485109657955231,-0.5099566728813899,-1.3117788207291912,0.8602036324882532,0.07037848852489792
sub-10129,12.7,f,TD,03,12.934373523424588,106.89960004089976,0.3928161024076822,64,62.998046875,27.571157593993725,6.052484559651954,13.068149300775904,13.76719013181411,7.621006984036652,0.40498181878415423,0.08890254958554342,0.19195287154442947,0.20222080556907526,0.11194195451678313,0.46314779700995096,0.43963107225962134,0.9492241463692895,-0.7697090598301127,-0.8218193759212673,0.8206435607435616,0.06480216554511298
sub-10129,12.7,f,TD,04,2.733822153372805,49.29992877029629,0.377906635859161,64,61.998046875,25.74024422450382,7.917591584899487,20.85102610858969,20.39108987413136,8.89311631885294,0.3071882293462818,0.0944898159644085,0.24883951117500436,0.2433505579139879,0.10613188560030529,0.3797219160181961,0.388286826931382,1.0225557455386822,-0.9683160941099854,-0.9460109677969801,0.817802647965377,0.07564471181408927
sub-10129,12.7,f,TD,05,8.034465261787343,84.45290081696277,0.39744610949845505,64,62.998046875,30.167473246119233,7.19163455277571,15.609124024538076,17.696869957378116,13.959009674944234,0.35648791729874246,0.08498327993122481,0.18445244217068,0.209123258760956,0.16495310183838516,0.46073274460948316,0.40637890034203444,0.8820273902747132,-0.7749371337910187,-0.9004693025152536,0.820733687195228,0.06945027538857794
sub-10129,12.7,f,TD,06,4.249264713883875,61.48575757612957,0.4175415944490836,64,62.998046875,16.707431801172877,5.833520416253786,15.545633371247515,12.58291714707889,4.537946574539634,0.30263002565593433,0.10566545799764195,0.28158579259609,0.2279206394114778,0.0821980843388378,0.3752513826193033,0.46360635996141547,1.2354554345019415,-0.9801591239467257,-0.7687194489706597,0.8188422055350115,0.059752300268951675
sub-10170,8.3,f,TD,01,4.7033861695728705,64.6220455105543,0.3807717892620346,64,62.998046875,70.73549179137258,15.993017654624754,9.594549891344316,17.264663298566745,7.977012674795418,0.581875094044183,0.1315596798179055,0.0789254372727568,0.142020325667969,0.0656194631971775,1.6668856627710198,0.9263440229356524,0.5557333916926297,0.5109570127967484,-0.07650959828122252,0.7541789294765967,0.07320385239031847
sub-10170,8.3,f,TD,02,11.16076593642568,99.35333206893806,0.4004486702216744,64,62.998046875,134.82351843567525,19.02733768900626,12.56383775637949,11.844865158512546,5.68370837788565,0.7329625070195834,0.1034413379524439,0.06830278668403665,0.0643941217572838,0.03089924658664699,1.5144526742510114,1.6063785812986044,1.0606990951981567,0.41505410256580716,0.47398231707148314,0.6809085536875932,0.07768357069032424
sub-10170,8.3,f,TD,03,11.82844872713771,102.25031657439298,0.3933243167762455,64,62.998046875,47.673318580414445,13.29625795011064,10.930038984719962,11.024448281151264,5.412752660808832,0.5396766658838027,0.15051773975295876,0.12373141146664378,0.12480015381233422,0.06127402908424919,1.2164876967682734,1.2060701461897492,0.9914363699638642,0.19596776955968875,0.18736726095003167,0.7614242192625018,0.0476880806319727
sub-10170,8.3,f,TD,04,10.047157275934582,94.31263790337385,0.3937617241524005,64,62.998046875,60.92407810849322,18.03944316392109,14.758462430352356,15.718831085347693,18.78819803862122,0.47511929449861723,0.1406814477180452,0.11509456483373255,0.12258404505216791,0.14652064789742936,1.2223118261167791,1.1476326112273962,0.9389033033193236,0.20074400505235745,0.1377012216152379,0.7711539067479218,0.07158505506340872
sub-10170,8.3,f,TD,05,1.6114013113594654,37.68190946202188,0.7076938583239744,64,61.998046875,56.649951944049086,15.738810384537281,12.67394923685806,7.877431070596982,6.818026046649319,0.5678728137466098,0.15776964024468906,0.12704673115212287,0.07896527346701117,0.06834554138955702,1.2418236881338318,1.997962310743842,1.6088937019281302,0.21658101541006647,0.6921278165569368,0.751722888178866,0.07092750143307043
sub-10170,8.3,f,TD,06,8.933735666852064,88.97633922114379,0.4148217344098869,64,62.998046875,102.94326878007601,25.571532123168613,19.564957167399672,10.050823284268207,8.0895505207247,0.6193188972867355,0.15384136587197875,0.11770509953654525,0.06046694326886941,0.04866769403586505,1.3070068032541444,2.544222637282983,1.9466024438039093,0.2677396398727576,0.9338251563039913,0.7198266469948162,0.07259313581196791
sub-10177,8.1,m,TD,01,5.367398879439478,69.06015089187763,0.34788947142956805,64,62.998046875,70.0711345303327,20.562584125845476,23.234945901445247,12.181443920488144,3.1565737994633634,0.5423181935729781,0.15914489686896133,0.1798277418154689,0.09427874553979053,0.024430422202793397,0.8849852378853859,1.6880251848682146,1.9074049064384029,-0.12218431446877387,0.5235593160081374,0.7487271279525547,0.06249130483497827
sub-10177,8.1,m,TD,02,6.033301093937152,73.22045560549238,0.3748107230657207,64,62.998046875,66.67108988045466,19.095539836858826,15.699814092660096,10.577417093163413,2.753513642519573,0.5807719047959413,0.1663412592181199,0.13676109017994934,0.09213988677900059,0.02398585902698007,1.2162908251114304,1.8053121729688804,1.484276733570996,0.19580592033623487,0.5907335258441702,0.7356818020659813,0.06428916491654799
sub-10177,8.1,m,TD,03,11.820458408001276,102.25260377453266,0.39323113185307046,64,62.998046875,82.64568221256192,20.968769643917913,25.588745632928163,11.84029588474715,5.354628980226247,0.5645269275551468,0.14323113784997407,0.17478875563025398,0.08087737529915605,0.0365758036654625,0.8194528151053257,1.7709666927266938,2.161157616499248,-0.199118460118674,0.5715255515808029,0.7291745911695722,0.06296530306672181
sub-10177,8.1,m,TD,04,13.378372051354464,108.69966915370075,0.39823312567332536,64,62.998046875,70.32673230605471,16.840283744999613,11.964940172915059,10.684939584257936,2.153628069416439,0.6280825512873719,0.15039925832089301,0.1068579458107179,0.0954263605655168,0.019233884015491486,1.407469114063723,1.5760766462178912,1.11979483632662,0.34179313696415864,0.4549386236401687,0.7140178118994158,0.05550245101249842
sub-10177,8.1,m,TD,05,10.038316184850725,94.31505550307394,0.39399053381704674,64,62.998046875,77.87203924661502,18.180044579074853,15.401065453772798,13.311928395168783,6.3371079429667505,0.593979718032721,0.13867079708421245,0.11747375058029051,0.1015385695704358,0.048337164732332696,1.1804407061084277,1.3656957909773206,1.1569372217597758,0.16588784850433036,0.3116640357449376,0.7378308651107662,0.07484001343771729
sub-10177,8.1,m,TD,06,7.143642910435399,79.6631524193746,0.39772980511094985,64,62.998046875,75.69411928117266,20.16487712240218,21.74291591646809,9.68198187873687,2.662625376146634,0.5825020903120631,0.15517827786665014,0.16732203361499864,0.07450743513876275,0.020490163067517622,0.9274228534880353,2.0827220475061297,2.2457092141658155,-0.07534566479218888,0.733675714827944,0.7048099928412577,0.06912526508754183
sub-10182,10.6,f,TD,01,8.715333856987083,87.8681937824945,0.4187519101191563,64,62.998046875,503.3621082193933,66.52694288323792,39.54175447945894,16.295260955090917,4.193446551616455,0.7990895626508957,0.10561181468569578,0.06277270930307695,0.02586879849964864,0.006657114860681117,1.6824479277416864,4.082594508095293,2.4265800092696885,0.5202498327215268,1.4067326951586157,0.7432275556776793,0.06399631567517637
sub-10182,10.6,f,TD,02,7.823948055391178,83.28220016321569,0.3843961699561253,64,62.998046875,76.06401801668221,16.649194828207204,31.06137397317107,9.840816241338953,3.2274735188917822,0.5558493062893453,0.12166650719799556,0.22698568423764362,0.07191325180678079,0.023585250468227632,0.5360096060975034,1.6918510029956828,3.1563818703052693,-0.6236031962481686,0.525823197611386,0.786736641987705,0.05488804319831518
sub-10182,10.6,f,TD,03,1.6129276874307372,37.67983204108839,0.7079404819652296,64,61.998046875,1770.770521606012,126.76071276876152,107.07105188759407,57.685634302531994,11.49321711189891,0.8538849589449723,0.06112540540838755,0.05163083506851781,0.027816645283578786,0.005542155294543014,1.1838934103480836,2.197439870453074,1.8561129331794926,0.16880850736547584,0.7872929874966139,0.70973553627828,0.04510415643009381
sub-10182,10.6,f,TD,04,14.27836977382488,112.20710540817363,0.3978287489983647,64,62.998046875,2767.2393217537406,574.2258544152442,262.1522979498038,238.57081177742413,92.98484128488428,0.7032065000240563,0.14592137012954806,0.06661772925289126,0.06062523911071753,0.023629161482786546,2.1904284605019675,2.406940941924483,1.0988448083681714,0.7840971687574324,0.8783566225317002,0.7627867623770967,0.036486880850256184
sub-10182,10.6,f,TD,05,8.266007211615056,85.60706034703163,0.4104391830894445,64,62.998046875,83.35755172449109,19.99509106909612,45.60106378465176,11.497341457177564,3.326865087694222,0.5089669915492896,0.12208661526945838,0.27843231675795915,0.07020080570043057,0.020313270722856387,0.4384786101377213,1.7391056135513692,3.966226797254938,-0.8244442479771249,0.5533709658750249,0.7729971479025348,0.048661290232833006
sub-10182,10.6,f,TD,06,13.83202747549795,110.46714483693908,0.39815860185220453,64,62.998046875,73.2381150673176,15.704191649764606,33.09156749876508,11.868184895913922,3.7704196750684567,0.5319735339458661,0.11406921548990678,0.24036443441977542,0.08620593600475797,0.027386880139686452,0.4745677777382466,1.3232176434300458,2.7882585070068577,-0.7453508307992981,0.28006637910871,0.7805342300155174,0.052724469428834506
sub-10212,9.5,m,TD,01,1.9496105789742202,41.53346867181816,0.38020530125375135,64,152.998046875,1155.8033975837718,169.20419230860958,58.46393624380309,45.433480141752185,11.312956957475885,0.8025197762339309,0.11748512838188505,0.04059381130927246,0.03154625292944341,0.007855031145467461,2.8941635336184115,3.724218170844271,1.2868029493095108,1.062696134428414,1.3148569427804933,0.6920508794368294,0.06878796513011448
sub-10212,9.5,m,TD,02,4.973815547312935,66.48640581183578,0.38740579783460527,64,152.998046875,1311.8242512568522,422.9901356976391,158.73369464268157,120.70789300860865,28.905437988702047,0.6420561014761177,0.20702727307310984,0.07769023713163976,0.05907898038037492,0.014147407938757428,2.6647784936261387,3.5042458712080147,1.3150233235481932,0.9801209373251926,1.253975339336186,0.6889018948763261,0.06541164764585565
sub-10212,9.5,m,TD,03,4.606268051447512,63.98963914294673,0.4006578796261523,64,152.998046875,15976.844925831996,2192.4011803323433,883.8126617476347,649.228481894287,108.86167577637953,0.8064572623145894,0.11066501940739236,0.04461188319100185,0.03277086474555354,0.005494970341462815,2.480617528150284,3.3769331467643857,1.3613276163868968,0.9085075324671232,1.2169679445727064,0.591425121145284,0.020176924093549015
sub-10213,8.2,f,TD,01,10.947093866648,98.36806225239263,0.39587157168365333,64,62.998046875,88.41788855558006,23.324757485286646,25.97427165415103,13.333004767450404,5.67859808725535,0.564146769493228,0.14882267377676492,0.16572779200011845,0.08507069881528236,0.036232065914599945,0.897994669334959,1.7493999208810873,1.9481183804538602,-0.10759114685012063,0.5592728267773458,0.7451339933899469,0.07175488394522281
sub-10213,8.2,f,TD,02,6.708152119181838,77.15310202578414,0.4242423498357253,64,62.998046875,3602.655479696192,70.45763332763224,26.257691457631406,22.565569587387703,12.450123409145103,0.9647248569823285,0.018867257948585573,0.007031326691911639,0.006042644381514157,0.003333913995659868,2.683314084991737,3.122351202116748,1.1636174906174819,0.9870526294416433,1.1385863084367513,0.44741131406517076,0.10449529456516324
sub-10213,8.2,f,TD,03,4.036030717637024,59.85366081121108,0.4424665231858643,64,62.998046875,125.7843778505612,24.570402143174206,27.41620585889857,11.38480329846913,4.114285354403432,0.6508218003867784,0.12712988395145486,0.14185437620927344,0.05890618776651169,0.021287751685976554,0.8961999435526712,2.158175376334867,2.408140495724042,-0.10959173961524747,0.7692631315296867,0.7118731630946837,0.09243983005967706
sub-10213,8.2,f,TD,04,11.597599434312468,101.29405755154903,0.3991187818138511,64,62.998046875,172.33134487138642,31.788604790096176,23.91485190902133,15.376203009615022,9.127393866456451,0.6823966015918269,0.12587632211828154,0.0946978837916422,0.0608865942929776,0.036142598205267856,1.3292411306173855,2.0673897691267547,1.5553158275853525,0.2846082009086766,0.7262868304734744,0.7007784979866054,0.09841020571661117
sub-10213,8.2,f,TD,05,8.702982030395123,87.868371320055,0.41866152929855327,64,62.998046875,117.34124714388145,28.29313381447927,23.399945619290026,15.723761252968282,8.100443333568478,0.6084317164273327,0.14670408222902076,0.12133217793393168,0.08153002699985301,0.04200199640985668,1.209111092598193,1.7993871414917586,1.488190086508161,0.1898854554163691,0.587446129977695,0.7361266645590604,0.08006765955231622
sub-10213,8.2,f,TD,06,5.5862826357099165,70.47561264087855,0.3464522987820288,64,62.998046875,1050.273588904167,47.63673977999696,32.49785058342781,29.26489673858911,25.0339052471534,0.8865260402138025,0.040209723192143845,0.027431129467176272,0.024702223589185692,0.021130883537690746,1.4658427842082489,1.6277774770748072,1.1104720742299623,0.3824303563823735,0.48721557339466054,0.604544424974794,0.10418165954784482
sub-10214,12.6,f,TD,01,11.375719387983263,100.32928355366023,0.40192259016055304,64,62.998046875,30.88896661429556,13.334285586925654,26.05989373335614,5.999518951412807,1.0828381595690728,0.3992602051085374,0.1723544094203478,0.33684126267503967,0.0775477275431107,0.013996395252951353,0.5116784328961989,2.2225591243083556,4.34366387445364,-0.6700589120049391,0.7986592906655876,0.7637893985510062,0.03462644171328367
sub-10214,12.6,f,TD,02,12.043675913124865,103.19744815189142,0.3873566851185567,64,62.998046875,29.75629583723473,11.38464909273313,39.102907681917124,8.521496281192531,1.7011244078268797,0.32892070124432415,0.12584384775192944,0.4322364546239671,0.09419507548225878,0.018803920897509496,0.2911458448395026,1.335991792645432,4.5887372817629535,-1.233930952346346,0.28967393186620505,0.7543166302736781,0.041933866140500715
sub-10214,12.6,f,TD,03,11.157692998058137,99.35330627366831,0.40005701611043515,64,62.998046875,71.58562096502209,17.53438796214313,36.0125212544736,8.667491124003188,3.29953223024652,0.5221433558226914,0.12789529586289303,0.26267424164183256,0.06322041830525903,0.02406668836731681,0.4868969833642086,2.0230061630617087,4.1548956600300055,-0.7197027114088209,0.7045846046771733,0.7353964021235767,0.04464917264419644
sub-10214,12.6,f,TD,04,8.262120052391635,85.60614957550314,0.4103144541054347,64,62.998046875,23.611687180595798,11.509698933305154,38.97755140153935,7.758668450405915,0.6407023628893967,0.2862081375839696,0.13951436297871314,0.4724648564455753,0.09404639449683529,0.007766248494894544,0.29529045615857497,1.4834631750118812,5.023742366448861,-1.2197958098923585,0.39437933739514874,0.7628410429289956,0.038596067357583475
sub-10214,12.6,f,TD,05,4.476880492362427,63.0750005109744,0.3960402827528505,64,62.998046875,45.31164987125515,16.92238246903515,43.54978346667701,8.140673566828662,1.9553113486282967,0.3910228494420111,0.14603392794547926,0.3758185912918055,0.0702510145519543,0.01687361676874114,0.3885755822869535,2.0787447537495933,5.349653577085664,-0.9452675790954114,0.7317642277694241,0.7649578264567458,0.04262261948735108
sub-10214,12.6,f,TD,06,3.1910555592431495,53.23579681339468,0.3705765871305938,64,61.998046875,42.5629957165311,16.050747167975082,41.49729911182481,7.109340674572402,0.7458278012075314,0.3942251518360486,0.1486645414133624,0.3843545024907929,0.06584783001538035,0.0069079742444066025,0.3867901649387339,2.2576984143382903,5.837010914421381,-0.949872942461635,0.8143458936266145,0.7445384109959023,0.03957715757066166
sub-10258,12.7,m,TD,01,11.829854249152275,102.25187351599622,0.3931269824144456,64,62.998046875,160.05886931829605,20.02926055917491,4.952844191751171,21.05388929231306,16.274517894614462,0.7197882568820112,0.0900720254111914,0.02227304930100028,0.09467980336762626,0.07318686503816638,4.043991650803202,0.951333042607325,0.23524604518364495,1.39723223656742,-0.04989107521192896,0.701535348624609,0.08316042457293744
sub-10258,12.7,m,TD,02,2.9645963738669154,51.30313316870092,0.35186739160299324,64,61.998046875,341.89306434198716,21.05092919240648,6.066257577160714,21.984379346083642,23.436810682442772,0.8249689343102324,0.050794720435535345,0.014637541882615658,0.05304708370003401,0.056551719671579896,3.470167384856712,0.9575402999109726,0.2759349027627245,1.2442028305062822,-0.04338747013312531,0.6171289692674509,0.09499188543923173
sub-10258,12.7,m,TD,03,6.92331344828233,78.41940563636929,0.41519504864138856,64,62.998046875,328.2462898138011,25.003030016726903,9.419241000507961,23.805105744319697,21.088599334345435,0.8053893043339937,0.06134775495204082,0.02311117046001224,0.058408512601590704,0.05174325765236015,2.6544633495815515,1.050322157157063,0.3956815441895341,0.9762425060454094,0.049096933451023894,0.6752614880109062,0.08808537604770468
sub-10258,12.7,m,TD,04,4.697440887020048,64.62443730326964,0.3800979624850406,64,62.998046875,228.41460583340478,45.05776943921227,8.90251199780784,17.730827413996078,11.7987803148674,0.7323222636914072,0.14446014777476976,0.028542429303008682,0.056846976232376764,0.03782818299843445,5.0612422033581375,2.5412107617517474,0.5020923045463753,1.6216119479053048,0.9326406453106884,0.6848659629726771,0.08127349823449215
sub-10258,12.7,m,TD,05,1.605401281476838,37.67983341945482,0.7079404819184086,64,61.998046875,118.07911921071901,13.656958662879312,4.888389133351264,13.71452447256889,10.344737506742224,0.7348542379223391,0.08499279142349857,0.030422427735475422,0.0853510467991533,0.06437949611952737,2.7937544025906766,0.9958025661184452,0.3564388355665135,1.0273863552499567,-0.0042062678357019535,0.6808435867270191,0.08834638374675871
sub-10258,12.7,m,TD,06,1.8322242432412017,40.275660620324665,0.793177448812705,64,61.998046875,1166.7629655459461,135.43788086693223,45.31379850531792,59.340548707564515,34.03093673015583,0.809753762608389,0.09399624162769706,0.03144856317974608,0.041183371438870485,0.023618061145296573,2.988888270998393,2.282383358711087,0.7636228429337175,1.0949015025423978,0.8252202297545334,0.6617701674470791,0.09688976408517427
sub-10260,8.3,f,TD,01,5.6124166242951405,70.63793772363401,0.39857906097048484,64,152.998046875,127.41556039302233,34.022392458865355,17.19037339493769,10.087327169280321,3.106326675886757,0.6642385837739593,0.17736441070282452,0.08961628582237333,0.0525869202499248,0.01619379945091294,1.9791537785259783,3.3727856634285516,1.7041554325002062,0.6826693687688131,1.215739009272035,0.720584168543926,0.05559746104291609
sub-10260,8.3,f,TD,02,3.503314082990779,55.819073160350285,0.4180894247979207,64,152.998046875,106.31552553905055,28.127545817319277,15.784047194632317,9.128014093937951,2.224772963343658,0.657974920450748,0.17407824142135825,0.09768570624677363,0.05649226034372634,0.013768871537387418,1.7820236768477753,3.0814529346526878,1.7291874258950812,0.5777496156314159,1.1254012177850374,0.7128554025988808,0.05677240283861211
sub-10260,8.3,f,TD,03,3.2285790006766155,53.57899746651432,0.3843960654016732,64,152.998046875,170.75443295417742,38.89232060137087,23.855173694291025,12.043312625926205,1.8219506768571883,0.6902873116386546,0.15722505686580576,0.09643628826037134,0.04868597407368852,0.007365369161475743,1.6303516000253178,3.2293706731188156,1.9807817363251776,0.4887956970946071,1.172287280207483,0.6999088730326857,0.0701104830025084
sub-10310,11.8,m,TD,01,11.827885936937392,102.25107347414689,0.39334922761111835,64,62.998046875,45.32939998077521,7.983770747686387,16.781502988422083,5.483743082912862,0.9673390802147049,0.5921869796652135,0.10430063242436571,0.21923492420308177,0.07164006704053968,0.012637396666786305,0.4757482540863048,1.4558980293154253,3.06022779234672,-0.7428664426258239,0.3756229125112335,0.7251966969415927,0.063884141645062
sub-10310,11.8,m,TD,02,13.608486698984477,109.5871768680381,0.39850535477949034,64,62.998046875,20.081526466909885,8.391211901615007,26.197590399409656,6.317080173155317,2.5951781393798963,0.31583374299467404,0.13197342679678956,0.412024606143404,0.09935236144387072,0.040815862621245855,0.32030472168172297,1.3283370911251795,4.1471043078942085,-1.1384824810402707,0.28392785252264274,0.7686357066118872,0.06173539090950259
sub-10310,11.8,m,TD,03,9.15519657961142,90.06947493315869,0.4098568244628717,64,62.998046875,18.516881570347284,6.831737617962648,22.149908094628312,5.410917999773122,1.2116741384858152,0.3421378154845516,0.12623053054011277,0.4092655202167276,0.09997793943733121,0.02238819432125837,0.30843187198682503,1.2625838384998327,4.093558264152766,-1.1762542963718914,0.2331602866952356,0.7714812249721401,0.039726527210112744
sub-10310,11.8,m,TD,04,5.815189537503614,71.86072777991603,0.3556476851366431,64,62.998046875,21.22029050786431,5.946342795845929,12.160785928987316,4.644229698674953,1.146838485106791,0.47032362392789867,0.13179393052245642,0.2695300003462745,0.1029340734720324,0.025418371731315812,0.4889768498984357,1.280372242902026,2.618472107969659,-0.7154401323487418,0.24715085042048376,0.7710766578081897,0.057264292657766024
sub-10310,11.8,m,TD,05,10.494735782180337,96.36379967325183,0.38932202235031355,64,62.998046875,13.499208879051904,6.8108413291628604,11.462738977822205,4.230190548975569,0.7344474342038193,0.3674511232611036,0.18539244182210257,0.3120180116322066,0.11514661953573292,0.01999180374882702,0.5941722429813412,1.6100554455663092,2.7097453046401045,-0.5205860303038522,0.4762686166434795,0.7892908877689805,0.027741746762416707
sub-10310,11.8,m,TD,06,5.597026625234279,70.47521211528111,0.3463882313573441,64,62.998046875,26.426531856381608,7.767985484328513,18.24825156302401,5.351418027344964,0.8409104219937074,0.450694772403175,0.132480132804304,0.3112172126728359,0.09126646443718114,0.014341417682486797,0.42568382277610467,1.4515751609449663,3.4099843200016706,-0.8540584083355507,0.37264928470937814,0.7577161155628305,0.05027598823090429
sub-10314,9.0,m,TD,01,4.69643789699904,64.62237047826837,0.40201316722977304,64,152.998046875,185.65824475526136,17.325870315580453,28.417305073916168,19.580445284011514,9.559548660789774,0.7125863095662861,0.06649948675577826,0.10907020357288691,0.07515290938461244,0.03669109072043229,0.6096943489368036,0.8848557866928121,1.4513104611118817,-0.4947975147076157,-0.12233060014189244,0.7332341610450079,0.0873351791298688
sub-10314,9.0,m,TD,02,5.705172248015741,71.21098319271759,0.39788145335634073,64,152.998046875,194.1640623471129,17.666394307159145,28.40012469905654,23.98163272292601,12.513603163583838,0.7016478053394999,0.06384078826966696,0.10262911130710306,0.08666207209044403,0.04522022299328236,0.6220534062565368,0.7366635337663918,1.1842448355030202,-0.4747293277800713,-0.3056240259532379,0.732922701641114,0.07837656512948517
sub-10314,9.0,m,TD,03,2.2217272708377718,44.393125934240054,0.3481629335300691,64,152.998046875,76.21660562018667,13.582844166235631,23.018928977959774,15.947015147070859,6.027250806188051,0.5654359388811017,0.10076843728890703,0.17077288620739556,0.11830775470335196,0.04471498291923632,0.5900728126508571,0.8517483705237259,1.4434631663459878,-0.5275093384242039,-0.16046413553500893,0.768268666602417,0.07352734655540685
sub-10354,12.5,f,TD,02,10.494451175912074,96.36304884504789,0.3891321604034951,64,62.998046875,21.36897788030218,5.968773353580874,5.0383484750124214,5.65802648869873,1.3460499483882045,0.5426328668791826,0.15156796992107055,0.1279412376505154,0.1436770233765402,0.034180902172665756,1.184668623693198,1.0549214227790857,0.8904780642287667,0.169463093027023,0.053466283376248695,0.7687647413218857,0.0543900585525245
sub-10354,12.5,f,TD,03,10.937619971429118,98.36569269176829,0.39606646092921033,64,62.998046875,20.22872356165657,5.497570612421238,6.142528419585394,5.412969072384731,0.7882522945256352,0.5313554032825778,0.14440673139528115,0.1613480779256943,0.1421844712864113,0.02070531611000899,0.8950012497933897,1.0156294150038843,1.1347798846517545,-0.11093016429087964,0.015508533607446204,0.766437508838848,0.04498491432360345
sub-10354,12.5,f,TD,04,12.495885768094755,105.06706834085026,0.3843939783337711,64,62.998046875,18.522021032406784,5.885202810960989,5.4164376493483335,5.490684374794418,0.7524360433398819,0.513547925572868,0.16317515728206147,0.15017801318499918,0.15223660343099354,0.020862300529049877,1.0865449197348311,1.0718523246348997,0.9864776919635176,0.0830028633802205,0.06938829628900152,0.7705393551733561,0.039800046400004625
sub-10354,12.5,f,TD,05,10.714108742351165,97.36900798478801,0.3915110374255723,64,62.998046875,15.518612109093826,4.858882338077831,4.379117918612047,4.48437295928928,0.7916921670572573,0.5167242285726874,0.16178651867955798,0.14581177185282282,0.14931645573273364,0.026361025162164976,1.109557319163658,1.0835143245638568,0.9765284819898452,0.10396112421369472,0.0802097625474752,0.7772722519177169,0.03749908404810025
sub-10354,12.5,f,TD,06,8.710097746693666,87.86919488208564,0.41889993299337114,64,62.998046875,22.882881177463528,5.0683027773707785,4.982821349876305,5.125889258680944,0.8355957989059265,0.5883170764609764,0.1303056660338058,0.12810794525182717,0.1317862099419496,0.02148310231141531,1.017155226224512,0.9887655627336019,0.9720891533964924,0.01700973690881533,-0.011298020217521266,0.7508215395977031,0.05397359326328485
sub-10400,12.6,f,TD,01,3.416057819069202,55.09851921479204,0.41448958597215735,64,61.998046875,73.7566308040724,10.619127878153714,8.912891463749974,7.474887298183533,4.371933744202456,0.7015389760505126,0.10100423537483602,0.08477530335866795,0.07109767249524528,0.04158381272072868,1.1914346675646237,1.4206405333673513,1.1923780397217087,0.17515818396330146,0.3511078497435009,0.7618027710875154,0.10209798992910092
sub-10400,12.6,f,TD,02,11.3772538509095,100.33005184787395,0.4016499150283055,64,62.998046875,54.012851757400796,14.986261174621697,9.286931685538459,21.34441192966988,33.64964046743142,0.4052581965892356,0.11244185373734335,0.06967980886536064,0.16014703176065068,0.25247310904740217,1.613693486941072,0.7021163770639793,0.4350989718591726,0.47852564285439053,-0.3536561094027099,0.8085288815923004,0.10123548490727151
sub-10400,12.6,f,TD,03,8.927384440424424,88.97638272117872,0.41479900030771194,64,62.998046875,123.93005091019911,24.3479641290442,12.478120802427771,13.950447370154418,11.329848258082938,0.6661601167631741,0.13087739824219524,0.06707353341405095,0.07498771751279716,0.06090123406777715,1.951252477400688,1.7453178011432438,0.8944602614768157,0.6684714624947541,0.5569366600714091,0.7596652981978429,0.09201731056981194
sub-10400,12.6,f,TD,04,0.4727786358970952,20.161723379549905,0.28879925856135136,64,61.998046875,62.15450674727577,19.182116571771434,8.238314996492624,6.941737184477441,2.6858228660046524,0.626541748151817,0.1933632407219832,0.08304543869546602,0.06997542701863042,0.027074145412093298,2.3284029051979305,2.7633020470239336,1.1867800202683128,0.8451825841375871,1.0164263584695516,0.7381207329632682,0.050775038491538825
sub-10400,12.6,f,TD,05,6.254491002451607,74.55569098100027,0.399471723534242,64,62.998046875,29.22267929767009,11.068313115036906,9.421395866299738,4.781843186083874,0.9200492451089061,0.5273492486620124,0.19973755813814034,0.17001747104813492,0.08629261491440138,0.016603107237292816,1.174806076732961,2.314654137393215,1.9702435859285234,0.16110309289710403,0.8392602756828166,0.7528074864510603,0.04997500747777665
sub-10400,12.6,f,TD,06,3.805509304279407,58.17595251340628,0.45988893717823404,64,62.998046875,20.232255143841826,9.971869328481501,10.66858833736047,4.433013236322786,0.8117312157504317,0.43871141960419874,0.21622764828256208,0.23133513794584645,0.0961244071016633,0.017601387065707623,0.9346943581617022,2.2494562494812183,2.4066222608908174,-0.06753569280005173,0.8106885201130426,0.7749148846393077,0.035450556316651796
sub-10434,8.7,m,TD,01,10.486022127999105,96.36231356107511,0.3892805672708085,64,62.998046875,57.32052455399497,17.4330089925445,20.537798923638025,8.79811618934389,3.8968091859850964,0.5308131395385665,0.16143729156246303,0.19018900491042856,0.08147440577051089,0.03608615821802195,0.8488255755819624,1.9814479165047907,2.3343404976295585,-0.16390156067776432,0.6838278484201861,0.7365018156801147,0.06384980075954487
sub-10434,8.7,m,TD,02,5.36475048502825,69.06011778558592,0.34788947145551397,64,62.998046875,56.576903665493596,21.631041303934847,27.126091837762722,10.982166107803474,7.784653024485609,0.45589454832675586,0.1743021121021389,0.21858102131858764,0.08849387882674245,0.06272843942576718,0.7974256458802181,1.9696516235137576,2.4700128892136837,-0.2263666826756475,0.6778566862557949,0.7649189124027587,0.08279059862674135
sub-10434,8.7,m,TD,03,13.602441204095438,109.58651023120602,0.39860493802373836,64,62.998046875,68.778270641678,24.632475818348723,16.771301216288066,12.815069881769384,7.674824062061275,0.5263430679067377,0.18850623563820218,0.12834661372860737,0.09807055533789981,0.05873352738854539,1.4687277689833942,1.9221491607617969,1.308717109701093,0.3843965627845159,0.6534439145929553,0.7437375149152095,0.07129837418400319
sub-10434,8.7,m,TD,04,2.9615662958777724,51.30614644170641,0.3516521150398068,64,61.998046875,45.303784288480394,26.941171999018913,33.915402942146365,11.649972033147598,7.050957933826906,0.3628329050578659,0.2157688117138867,0.27162464171532946,0.09330331368597508,0.05647032782693476,0.7943639073071005,2.3125525041915154,2.9112003741849466,-0.23021360118673675,0.8383518946619866,0.7780175327139156,0.07234672735207187
sub-10434,8.7,m,TD,05,2.509099117554186,47.207498258985616,0.46005207628437483,64,61.998046875,64.87563918049487,21.693746874801192,17.38671738801261,15.752190303333355,10.599063083033876,0.49786628137422045,0.16648136684375245,0.13342851709238926,0.12088488851725267,0.08133894617237748,1.247719531563609,1.3771892325481336,1.1037650671559158,0.22131751036670824,0.3200446340870129,0.7478863190598157,0.07932838999377113
sub-10434,8.7,m,TD,06,8.703824330311948,87.86826817164481,0.41854444316775175,64,62.998046875,42.77022560677855,17.545333886812216,26.06871249393406,10.937005263290136,7.715543492917395,0.40719269018174553,0.16703984148205472,0.24818641986066928,0.10412544082968785,0.07345560764583324,0.6730418270903933,1.6042173761862595,2.3835329568168766,-0.3959478010599884,0.4726360215753254,0.7762729024807486,0.0683668198514437
sub-10520,11.0,m,TD,01,1.1260180387344154,31.514641672927972,0.3792370623409346,64,151.998046875,51.258403196796344,25.284908959644707,49.03574660156133,11.373448481915807,3.323782945333007,0.36541031366814225,0.18025076744083307,0.34956546496063995,0.08107890839496655,0.023694545535411157,0.5156423774903655,2.2231523710549532,4.311422932061953,-0.6623418206615485,0.7989261756178203,0.7704065150952877,0.05206839816622597
sub-10520,11.0,m,TD,02,2.4939272970400865,47.0785449465642,0.37539662435749904,64,152.998046875,50.070123918910575,31.241851545119694,76.02704575649331,11.784033823528324,3.3041507500606415,0.29038412870122554,0.18118864364376455,0.44092256443146965,0.06834207959966035,0.019162583623874054,0.41093075805133444,2.651201788197409,6.45169955339819,-0.8893305505734176,0.9750130421760134,0.7478221586961307,0.057658434565582777
sub-10520,11.0,m,TD,03,0.4799572624868374,20.352683445452193,0.4602244315867205,64,151.998046875,58.343589024900865,30.597336685862523,80.09023985477768,13.472545752506301,4.7320443082816315,0.3116049540309933,0.1634160985091235,0.4277507764842486,0.07195498374463112,0.025273187230998032,0.38203577291493024,2.2710879775760437,5.94469978622062,-0.9622410283859142,0.8202590019486325,0.758282535894478,0.06089369423687991
sub-10593,9.4,f,TD,01,2.3137923299241816,45.30681689661773,0.346483648131166,64,152.998046875,64.53610147031233,19.226058331188316,6.57357681634573,4.547877748336543,0.9577601389210061,0.6733636887362761,0.20060290694353777,0.06858808995895184,0.047452134026879,0.009993180334344973,2.9247484084126385,4.227479144138455,1.4454163414460015,1.0732084627665353,1.4416058683990498,0.6698588662663354,0.0559787633329467
sub-10593,9.4,f,TD,02,6.701877010260239,77.15401742774102,0.42432577179258285,64,62.998046875,46.16684265596699,16.63065114880662,4.752602154398061,5.453166679198503,2.153723113708426,0.6142721424227627,0.22127884696794736,0.06323566740789038,0.07255701681792918,0.028656326383457078,3.499272737023255,3.0497236059631896,0.8715306965632157,1.252555157482288,1.1150509655173741,0.6798440048294099,0.0375342161271847
sub-10741,11.7,f,TD,01,12.043913786367279,103.19834383396973,0.3874057977917645,64,62.998046875,31.869439540187614,9.187401516090457,4.872857871415066,2.532853356610096,0.6510388334329751,0.6488924718167894,0.18706434017553353,0.099216077678654,0.051571332882953534,0.013255777446049033,1.8854236586671822,3.627293104873235,1.9238610315501432,0.6341525482555839,1.2884866689666274,0.7341361010718433,0.0497404264423891
sub-10741,11.7,f,TD,02,4.028582644172557,59.85479085714874,0.44266210753434554,64,62.998046875,34.57072043688484,8.440474444982746,4.693736767331985,2.380534975483281,0.5217867644115616,0.6831178955926891,0.16678388728366467,0.09274830094500577,0.04703940277454825,0.010310513404072498,1.7982419686860036,3.5456208507357334,1.9717151042391723,0.5868095035722419,1.2657132788490844,0.7257629057528834,0.06369890244651923
sub-10741,11.7,f,TD,03,3.3611099217836595,54.66101703802253,0.4142354773011204,64,62.998046875,31.592945471735483,8.03814328465516,5.340079715041017,2.3655818959735897,0.5131419717314435,0.6602511296748473,0.1679866535056036,0.11160066311524854,0.04943755942453224,0.010723994279747441,1.5052478078207703,3.3979560370889406,2.2574064014135398,0.40895754100590875,1.2231740852876942,0.731417719490639,0.05101265487930806
sub-10741,11.7,f,TD,04,13.377682190087736,108.69891143390265,0.39836537919324216,64,62.998046875,22.148674692978073,6.346631757008608,5.626064191823948,2.3274514008050997,0.5010821070523009,0.5994244153723052,0.1717631453467642,0.15226194279246438,0.06298937586894789,0.013561120619491222,1.1280766696957871,2.72685898180752,2.4172638749300597,0.12051412035466078,1.0031503906847457,0.7426362523827333,0.05129766262897448
sub-10741,11.7,f,TD,05,7.3707951283387345,80.88812717167424,0.38298917639112084,64,62.998046875,19.780969243295164,5.507151279440406,3.444362357959146,2.7811499130904003,0.8617343582230894,0.6109882600070393,0.17010312975241837,0.10638836439405103,0.08590327022493095,0.02661697562152929,1.598888475457009,1.980170595449458,1.2384669886890594,0.4693086849887147,0.6831830003130326,0.7407946298789447,0.058215233658558005
sub-10741,11.7,f,TD,06,13.16018116542457,107.80359701402708,0.39645272597849296,64,62.998046875,32.447891512533545,6.915761008184524,7.198223566395562,5.365021842816548,2.3077538801695354,0.5982870808528067,0.12751554176838148,0.1327236983395726,0.09892239857281357,0.042551280466407215,0.9607594074278747,1.2890461979093406,1.341695109038973,-0.040031257830749824,0.25390256343081113,0.7352798721591802,0.07486405645896493
sub-10747,9.2,m,TD,01,7.813059518891029,83.2822139503048,0.3841896606844755,64,62.998046875,164.35920347708264,25.14999040821599,12.377893488179724,17.45031642404723,8.217975565677417,0.7222822151558406,0.11052250436177902,0.05439508186015332,0.07668602022452987,0.03611417839769282,2.031847376310917,1.4412340611518577,0.7093220081168148,0.7089454168121616,0.3654997334953417,0.7248109959357592,0.08438461087761603
sub-10747,9.2,m,TD,02,1.1506810441862134,31.855432338928228,0.4597706667552423,64,61.998046875,345.6514512548939,45.091100715366814,17.529519768248974,24.592371773251497,24.974009973596637,0.7549637838927119,0.09848692343796057,0.03828756548254754,0.053714080995247666,0.05454764619153004,2.572295266013919,1.8335401372066698,0.7128031378947629,0.9447985999472938,0.6062485993213869,0.69449478076618,0.0922602616820738
sub-10747,9.2,m,TD,03,1.8360519391235832,40.275537156408994,0.7933855142833319,64,61.998046875,183.49042424064478,26.00834942317172,16.133073380465994,26.247352223678206,25.32613458624194,0.6619296306078717,0.09382340902881338,0.05819900056090261,0.09468559590373185,0.09136236389867677,1.6121137497992881,0.9908942129297191,0.6146552704813953,0.47754620598654324,-0.009147498150547821,0.7352029602383341,0.09040672850209973
sub-10747,9.2,m,TD,04,9.599904755615588,92.21860804866911,0.40142519455544196,64,62.998046875,166.40079810592067,23.184726982991236,21.42638761437573,11.884963139889098,5.20141982229754,0.7295135530076954,0.101643578332534,0.09393488693926619,0.0521045679241697,0.022803413796330357,1.082064200473751,1.9507613704896714,1.8028148141630553,0.07887051366754777,0.6682197427762957,0.7036730397003841,0.08189337985359235
sub-10747,9.2,m,TD,05,12.716815598535977,105.98673827889725,0.38802809987762915,64,62.998046875,153.55997285576214,28.405343412547467,20.48866757676805,14.294303293876391,7.073270339688716,0.6860821387609827,0.1269106681793053,0.09154018856616618,0.06386472980932724,0.03160227468421411,1.3863929074994945,1.9871792859407278,1.4333449595646863,0.32670534363838905,0.6867161889611478,0.7156479447040722,0.07272059345402355
sub-10747,9.2,m,TD,06,9.599962626876817,92.21779812558563,0.4021037256605964,64,62.998046875,115.39108978103916,24.411492260647805,22.871295048005283,31.217529623388742,30.732823028434094,0.5137072252348921,0.10867702156948549,0.1018202491971778,0.13897667967214392,0.13681882432629625,1.0673419327330913,0.7819802705450943,0.7326426954318948,0.06517138277570711,-0.24592576823703036,0.7771627973615078,0.08552032304905148
sub-10752,11.9,m,TD,01,2.059879158737316,42.7125752353948,0.7467764722491643,64,61.998046875,38.34451576293272,8.979896097658528,5.482689996035341,7.426229949050842,3.6825320980995593,0.5999217318044608,0.14049557573339375,0.08577979958605027,0.1161875862341569,0.05761530664192257,1.6378631847050371,1.2092133100194473,0.7382871300309458,0.4933924561214127,0.18996999115631907,0.7766670239109454,0.0631101080935379
sub-10752,11.9,m,TD,02,6.4804635926724075,75.86576756463216,0.41852597166925337,64,62.998046875,44.610233359595576,6.4678393872695885,4.584912327650921,13.15043785908204,12.355998553713404,0.5495940779443468,0.07968320173725234,0.05648570907170482,0.1620122161538082,0.15222479509287562,1.410678967242537,0.49183452722847826,0.34865092529859076,0.34407112553991626,-0.7096129458315931,0.7995004214987124,0.09788652505694236
sub-10752,11.9,m,TD,03,9.372791392590273,91.15065855785915,0.4052136407669448,64,62.998046875,17.276208301549357,6.496810694810569,4.597181776817912,5.6438437586589565,4.689240647912813,0.446375759094171,0.1678619958134632,0.118780143738887,0.14582337732952425,0.12115872402392869,1.413215968002495,1.1511322730792846,0.8145480231914574,0.3458679356201051,0.14074604327547424,0.8141078559869941,0.05330864640000506
sub-10752,11.9,m,TD,04,4.696904458064668,64.62566564106466,0.3800788815955063,64,62.998046875,44.32943994445784,6.945500111265127,5.960829081297036,9.817338536878223,8.488799595411052,0.5868191782135102,0.09194234514762924,0.07890757986883247,0.1299588386334882,0.11237205813652683,1.1651902808380252,0.707472813041343,0.6071736305012753,0.1528844048721591,-0.3460560769996169,0.7532298258737395,0.10628487880798293
sub-10752,11.9,m,TD,05,4.473984412710369,63.07504439118804,0.395677935084225,64,62.998046875,111.41524140624556,8.55806446956367,10.832592951608882,10.337964250717429,7.936910972691236,0.7473481548214898,0.057405554298006756,0.07266257517495588,0.06934471810022123,0.05323899760531977,0.7900291747131342,0.8278287931754972,1.0478458513586058,-0.23568540418622372,-0.18894891750411735,0.6981991861574084,0.1082267708561587
sub-10752,11.9,m,TD,06,13.380470292942393,108.69895481188367,0.3985366572221601,64,62.998046875,48.39986948347531,6.176592143528386,7.587341901133745,5.180155802163305,2.4944522530276383,0.6930264933893269,0.08844118878847405,0.10864138701208469,0.07417344817446883,0.03571748263563129,0.8140653504232661,1.1923564424351412,1.4646937642230184,-0.205714633126683,0.17593155283163406,0.7517737578667152,0.09754357709525582
sub-10764,12.9,f,TD,01,7.1508406492563354,79.6631509460413,0.3974369132716613,64,62.998046875,103.02504040736606,19.309662578534653,17.428039024936034,9.879965563248975,2.2638581878175272,0.6782132154106212,0.12711539150190707,0.11472867507420609,0.0650397533095091,0.014902964703749933,1.1079653052707357,1.9544261014795294,1.76397770957444,0.10252527490233462,0.6700965961114839,0.706979041294375,0.06709128573123287
sub-10764,12.9,f,TD,02,7.151742573073519,79.66410521838816,0.3980192954897077,64,62.998046875,141.58236066037688,20.68021339832878,12.759240203189947,10.150682909362077,3.155604925360088,0.7517856288263357,0.10980949294396397,0.06775005992809305,0.053898928499552495,0.01675588980204959,1.6208028902188774,2.0373223735767745,1.256983428318967,0.4829216377158718,0.7116363837200268,0.6914015123811275,0.07515255414649341
sub-10764,12.9,f,TD,03,9.599178866063466,92.21777167021439,0.40185888628798977,64,62.998046875,67.52338870606938,16.964928095615573,18.58167864241133,10.095045403676718,2.822243119998717,0.5821619956617906,0.14626541389079606,0.16020444661480548,0.08703579442796198,0.02433234940463717,0.9129922232587452,1.680520237128908,1.8406731123410156,-0.09102791621227438,0.5191034104366127,0.7358379690176317,0.05537658726117377
sub-10764,12.9,f,TD,04,6.254129998794621,74.55568772558698,0.3990143369679444,64,62.998046875,67.62286069551425,19.543947329328706,24.182759274739595,12.725489343930443,3.5351872756623948,0.5299171807738575,0.15315343603376483,0.18950484327932218,0.0997215345187358,0.027703005394311853,0.8081768960807866,1.5358110640082272,1.9003402243444507,-0.2129743136297867,0.42905862195679395,0.7715677217674681,0.0643163331974338
sub-10764,12.9,f,TD,05,1.829634651316529,40.27553569944401,0.793226517161309,64,61.998046875,38.600391385389955,13.322323803491845,27.086866937164046,11.913383171194948,3.107586142111654,0.41050903982293363,0.14168080054368604,0.2880645335216838,0.12669694039685261,0.033048685714833256,0.49183701586441875,1.118265366944834,2.2736502761578583,-0.7096078859395611,0.1117787051947443,0.7819717256918277,0.05254859049402153
sub-10764,12.9,f,TD,06,3.187526827854211,53.23582120932595,0.3700007848616932,64,61.998046875,82.26791075206218,17.855493465218235,20.462112374053177,10.520847661871247,2.6267077672515873,0.6151650411461234,0.13351591491509926,0.15300712131194477,0.07867050014570705,0.019641422481118016,0.8726124233321523,1.6971535031275933,1.944911002580929,-0.13626378124957766,0.5289524377461962,0.7461392065377543,0.06501255068686138
sub-10769,12.0,m,TD,01,4.696548915240996,64.62194085672029,0.4018938379027485,64,152.998046875,57.32079118059251,29.134826461114194,30.418801458942518,9.5670609663813,4.985600434503438,0.4361414022273975,0.22168054216782151,0.23145002797644318,0.07279368095123717,0.037934346677093014,0.9577900858598156,3.0453267271412896,3.1795346100365784,-0.043126642077451795,1.113608194959499,0.7520162761276366,0.058091191588535755
sub-10769,12.0,m,TD,02,3.2301770060989776,53.5793751295444,0.3839308777793029,64,152.998046875,189.7312872764759,93.57933416405872,42.36036022175469,12.970016524855147,3.1540718148903966,0.5551024690769991,0.27378784065990563,0.12393496553798264,0.03794676302609598,0.009227961699013415,2.2091250800081177,7.215051267260943,3.266022070255189,0.7925965457449415,1.9761692978500722,0.7306225371277699,0.0487577149619698
sub-10769,12.0,m,TD,03,2.8621972103490854,50.43488419138945,0.4149961809362777,64,152.998046875,151.53419048952125,45.02698083227755,25.77187954291123,11.431153493073886,4.702626856803447,0.6354518559990453,0.18881863193694753,0.10807322515943517,0.047936031333378065,0.01972025557118973,1.7471360890580003,3.9389708885945214,2.2545300925688827,0.5579779268346516,1.3709194934041113,0.7429618312567552,0.06151034022507605
sub-10777,9.0,m,TD,01,13.609128033844527,109.5872555188086,0.3985053547794954,64,62.998046875,334.2783830511781,34.865158754385185,25.982672468359954,39.18898702582994,63.3347438397038,0.6717138951105526,0.0700596053408884,0.052210741148738096,0.0787480987561405,0.12726765964367848,1.3418619195866175,0.8896672611467156,0.6630095452896957,0.2940581417406356,-0.11690775004054171,0.7228205036388532,0.11645729740067676
sub-10777,9.0,m,TD,02,6.031780968624085,73.22150927535843,0.3748729810673321,64,62.998046875,122.97065045154079,19.43058780258081,16.381725882364453,13.715098401772726,11.376086293052499,0.6687761777994964,0.1056732984276468,0.08909205555258987,0.07458959559538232,0.061868872624878966,1.186113596461615,1.416729740711734,1.1944300654996294,0.17068207715379902,0.348351216132496,0.7191727329592996,0.10091665189396452
sub-10777,9.0,m,TD,03,13.602504735838869,109.58798709960783,0.39844040153073923,64,62.998046875,2360.7164180682553,238.33729265916227,80.89514412993249,86.70426021306572,47.467130654019975,0.8388825678842085,0.08469335772743687,0.028746157614564803,0.03081043190844374,0.01686748486534574,2.9462496818887645,2.7488533097851606,0.9330007998585199,1.080533067296633,1.0111838464589336,0.6796807153264909,0.11750165519022052
sub-10777,9.0,m,TD,04,14.272359729435935,112.2059057381558,0.39774672839685116,64,62.998046875,3160.709885436867,983.7437243250373,158.11194246351522,119.851289711266,32.88991421062924,0.7094258731064482,0.2208026917490459,0.03548845256173585,0.02690079410265036,0.00738218848011949,6.22181796641979,8.208036197983086,1.3192343849150203,1.8280621416057758,2.105113698504349,0.6399498423197791,0.05971665838788978
sub-10777,9.0,m,TD,05,8.931177928280013,88.97707918118081,0.3589748915851431,64,125.998046875,5941338.3525214605,279843.2987869712,29673.372709667354,18550.190437235957,2580.889923009004,0.9472818105215404,0.044617971744487506,0.004731096691836257,0.0029576262014175147,0.0004114948407183712,9.430788388129551,15.085737245329803,1.5996263116578975,2.2439796974062447,2.7137497441599,0.4223089557755291,0.031112614705861758
sub-10787,12.9,f,TD,01,9.607219794360836,92.21696252279446,0.40195768350547784,64,62.998046875,31.986516488735532,9.55955216935508,29.57476787347726,10.831884748556973,3.0820908911413887,0.3761579013582344,0.11241927776710249,0.3477960039931787,0.1273817683837609,0.03624504849771173,0.3232333795568956,0.8825382093017305,2.730343662252729,-1.129380679335953,-0.12495319445266923,0.7602722153945982,0.0712073767823645
sub-10787,12.9,f,TD,02,7.380268567145741,80.88909973217632,0.3829580362959904,64,62.998046875,24.272524407127186,8.781328132560178,17.015543273798343,8.012688801934443,1.9707523642545333,0.40418614053724045,0.1462266992570582,0.28334287153756105,0.1334273150933113,0.03281697357481239,0.5160768593314168,1.0959277652763793,2.1235747068684714,-0.6614995724000685,0.09160127875939224,0.7914972226667645,0.04877160700560663
sub-10787,12.9,f,TD,03,6.9363522603982055,78.41645664452368,0.41500405705940707,64,62.998046875,29.515174888228152,10.1362198839961,15.727913057565717,8.644483041036708,1.3191814925985095,0.4516962394068932,0.15512333641053577,0.24069785148569334,0.13229399778384135,0.020188574913021295,0.6444732906963492,1.1725651882104127,1.8194162661782138,-0.4393218993601405,0.15919381741372665,0.7790023904030574,0.029551683897423894
sub-10787,12.9,f,TD,04,0.4859213815169917,20.165585413142235,0.2891824977449276,64,61.998046875,25.458536147952834,11.984533820494491,26.040750224498783,19.026208667731368,8.383418857337189,0.28009209450316397,0.13185256056822542,0.2864975515648455,0.2093243148478375,0.09223347851591662,0.4602222945642766,0.6298960570541701,1.3686778421947394,-0.7760456571733572,-0.46220046201152976,0.8159242978959048,0.06839958657480018
sub-10787,12.9,f,TD,05,3.59629140602119,56.44494026743342,0.45188912973814005,64,62.998046875,27.11067088817,14.464608532627425,29.4193684705376,12.39635298455539,2.1382008630620857,0.3169756099316275,0.16911894696241098,0.34396870159421605,0.14493708268657424,0.024999658825159615,0.49166957975704684,1.1668438734075826,2.373227715215015,-0.709948373964223,0.15430255978519625,0.8001814011061854,0.03630012517028572
sub-10787,12.9,f,TD,06,12.947227061814699,106.89820871448009,0.39265569047294024,64,62.998046875,37.27927920435073,12.71756760025341,25.36782503043875,12.907057238241705,5.773580521829114,0.3963970065582861,0.1352280901089621,0.26974045956840054,0.13724296611717654,0.06139147764716413,0.5013266838995126,0.9853189123987263,1.9654228351351586,-0.6904973267266565,-0.014789921279102976,0.7883371375624746,0.06789877263409805
sub-10788,8.6,m,TD,01,3.1860880775213087,53.23589082471675,0.37060362486007115,64,61.998046875,96.53672009441412,29.2973983811853,42.729651698186565,13.417033582042826,4.73845912181563,0.5170153234681164,0.1569061377474668,0.22884436795461602,0.07185671887980205,0.02537745194999338,0.6856456164941777,2.183597305770655,3.18473166493167,-0.37739437876869786,0.7809736570772641,0.7413606411357394,0.055891095669717034
sub-10788,8.6,m,TD,02,11.81918859436921,102.25190300795765,0.393490390346146,64,62.998046875,98.05973560589541,32.75465578663621,26.06448643599487,15.438005301865807,7.87376230308386,0.5441999243079306,0.18177778157040114,0.144649498165083,0.08567595318129441,0.04369684277528547,1.25667758185333,2.1216896319290304,1.6883325226506483,0.22847139857904974,0.7522127674440754,0.7629766717696057,0.06029967007375817
sub-10788,8.6,m,TD,03,1.3763705563995479,34.88787464673851,0.5734440837113163,64,61.998046875,142.42473696512272,33.314457129833556,28.891787354942615,12.126998326514329,5.024353179088295,0.6421825177287599,0.15021240279097267,0.1302709145941726,0.05467973108997568,0.022654433796114683,1.1530770568312794,2.7471313372735002,2.382435172912621,0.14243407065076688,1.010557217136431,0.7244695915184529,0.04855705910220696
sub-10788,8.6,m,TD,04,3.359484492544335,54.65963559113422,0.414193301701254,64,62.998046875,124.37409774208909,30.97017259150751,26.801820694179266,9.843739821668672,3.5261429415848884,0.6361326664542585,0.1584022624392254,0.13708251133907526,0.05034749657943431,0.01803506318800155,1.1555249527593607,3.1461795163796213,2.7227274572189173,0.1445547452714393,1.1461888647944316,0.7191065701308783,0.0613795495275866
sub-10788,8.6,m,TD,05,1.377396639270747,34.890095951314116,0.5757131009117367,64,61.998046875,135.7950818223575,29.88528884877231,53.36426104143999,12.47627643809192,3.50113736850117,0.5777972084379831,0.12715951298422104,0.22706066115439635,0.053085558040020527,0.014897059383374673,0.5600244108236474,2.3953692431441884,4.277258628103712,-0.579774905446445,0.8735373914823457,0.7105425484268066,0.055010162430042774
sub-10788,8.6,m,TD,06,10.262282981093191,95.34440885910415,0.3901435616666468,64,62.998046875,162.26144519796748,40.54148749024977,33.85976817345759,10.58493217759004,4.171670952087259,0.6453818088826943,0.16125049607027822,0.1346744964922109,0.042100713865447975,0.01659248468936471,1.1973350580122617,3.8301131089038645,3.1988649152746413,0.18009830220423415,1.3428943351073865,0.7081588595425896,0.05740693982758235
sub-10790,11.1,m,TD,01,10.27200927998017,95.34277688517959,0.3902196397943203,64,62.998046875,24.579851784413723,9.569551432867671,22.097736852322733,5.658554610612644,1.7170572483664954,0.386337450665515,0.150410837990934,0.34732444263220746,0.08893916781475124,0.0269881008965766,0.4330557240689273,1.6911653401591715,3.905191055481629,-0.8368888662599444,0.5254178416944913,0.7638194931013897,0.04210388693178837
sub-10790,11.1,m,TD,02,2.2889645056606582,45.01845428289751,0.6009685768078997,64,61.998046875,54.54111400473956,12.929260409098902,25.29546827301088,11.487491255779357,7.315492357106889,0.4888562138155999,0.11588595881042647,0.22672523420702687,0.10296327062648751,0.06556932254045017,0.5111295141704622,1.1255077476200963,2.202001090558613,-0.6711322685036056,0.11823426505502507,0.762531360846606,0.06679429130438326
sub-10790,11.1,m,TD,03,5.818040603462262,71.06293837856617,0.3662877151456842,64,183.998046875,4347.405597952152,696.0267629408947,274.9911353591341,250.35793685328176,64.28377137540072,0.7717655379692704,0.12356092778532637,0.048817317992412075,0.04444435272187736,0.011411863531113701,2.531088000461877,2.780126612677701,1.0983919216441185,0.9286492500071081,1.0224964707941142,0.6073543230994579,0.027783444105175182
sub-10790,11.1,m,TD,04,2.963742083995979,51.3061141949919,0.3507701863501805,64,61.998046875,85.73659898524821,13.723634702511957,26.324070967906476,8.005001216572476,2.8856713581843536,0.6273028225254598,0.10041073341007307,0.19260344140043964,0.058569618073369814,0.021113384590650517,0.5213340565463026,1.7143825879874546,3.2884530877278793,-0.6513642593087264,0.5390530087954977,0.7275838796605237,0.06570111507762955
sub-10790,11.1,m,TD,05,3.139363127381817,52.81165406839805,0.3703981236763939,64,62.998046875,47.364581454099145,12.451518752621945,18.194421429782434,6.108307175007822,2.124748962165498,0.5491954610045776,0.14437618514966383,0.21096552229695997,0.07082622651668471,0.024636605032102302,0.6843591482518582,2.03845654710447,2.978635636436564,-0.37927242861715704,0.7121929269374625,0.7414093465061817,0.06960081180695678
sub-10790,11.1,m,TD,06,0.4747349705948456,20.157876625577902,0.28778937420593803,64,61.998046875,61.34942285324318,14.309702786704595,20.488696650984714,5.973085610737964,1.5090698110672713,0.5920045937219361,0.13808458809448892,0.197710132755014,0.05763858820171996,0.01456209722683139,0.6984193787659086,2.3956969176830967,3.430169595116508,-0.35893552746775903,0.8736741771281736,0.7234815811041665,0.06435484933022767
sub-10809,11.6,f,TD,01,14.272188125638346,112.20717635590977,0.3977884237210912,64,62.998046875,36.82693978889043,9.352241583120275,4.525699449061165,5.183871560099668,1.7888596490389372,0.638496263846716,0.16214682359286267,0.07846544421240269,0.08987666752542323,0.031014800822577994,2.0664742960468327,1.8041036462212539,0.8730346415012794,0.7258439164926087,0.5900638735495997,0.7559046901433227,0.07478340380325192
sub-10809,11.6,f,TD,02,6.698479107308389,77.15300610226228,0.4243727006113714,64,62.998046875,297.0820978048469,12.395067084497216,4.563818895841901,5.062536364854549,1.3313082921035075,0.9271217465628441,0.03868202200353248,0.014242580677106088,0.015798957901882987,0.004154692854631052,2.7159419265711127,2.448390725752523,0.9014886149804716,0.9991388274985339,0.8954309621068326,0.5898075969942602,0.11076034967310527
sub-10809,11.6,f,TD,03,7.594005639303899,82.09543348117471,0.3781826713389788,64,62.998046875,1250.2871283949498,30.827861370856056,6.143172761808256,5.12719506366166,1.1276593250978226,0.9665825639509439,0.02383266420027768,0.004749216035299791,0.00396377539043593,0.0008717804230421021,5.018231224507642,6.012617227953461,1.1981546801965874,1.6130775258997245,1.7938601326145576,0.4730449157112401,0.07829677833318782
sub-10809,11.6,f,TD,04,13.383730271430009,108.69979648254005,0.3983218823745838,64,62.998046875,22.572583028638007,7.513566684584573,3.62313107902941,4.9754635849430295,1.1314965786412772,0.5669189879997633,0.18870607832915073,0.09099631185796903,0.12496065589068615,0.028417965922405666,2.0737772166375184,1.510123942484667,0.72819969781171,0.7293716867945826,0.41219172857416914,0.7611024770409899,0.04785436630370492
sub-10809,11.6,f,TD,05,4.922876278307687,66.13713382927752,0.368298358871477,64,62.998046875,1169.2833111030266,114.72979909334538,15.49008754544179,10.341770776076203,3.1389291250441924,0.8905541897369196,0.0873809643052805,0.011797621869734695,0.007876540447024308,0.0023906836410402207,7.406659178443383,11.093825378410118,1.497817722016599,2.002379484531627,2.4063886813262023,0.683357983293427,0.06959870422461867
sub-10809,11.6,f,TD,06,2.507427649326865,47.20916824468773,0.45966142033814383,64,61.998046875,408.23696788105775,38.5528190423238,8.311134899594158,13.721697112523463,18.939284141067464,0.8369595191959338,0.07904024237881463,0.017039327686667438,0.028131957469358704,0.03882895326922329,4.638694896433667,2.8096246933722764,0.605692927881944,1.5344330543533813,1.0330509133481238,0.7503568887822951,0.12683744175141987
sub-10825,8.5,m,TD,01,3.186915807473257,53.23583607522132,0.3699167305174209,64,61.998046875,151.18195960520433,39.19930203565732,20.2014496358761,10.820438198154362,2.711259859278854,0.6745749193653154,0.17490754901532513,0.09013900398413996,0.048280867929470124,0.012097659705745004,1.9404202541010063,3.622709294928546,1.8669714909808353,0.6629045754405373,1.2872221699215258,0.7197211957597336,0.047477530386639356
sub-10825,8.5,m,TD,02,0.6975593399184452,24.685168334545818,0.32410434667950816,64,61.998046875,74.8319212036401,44.826099499082524,36.141336235912334,12.686597748227843,3.659381592097505,0.4347019955415758,0.2603968278666689,0.20994664750804135,0.07369701684900268,0.021257512234705456,1.2403000045842028,3.533342854299974,2.8487808120942413,0.21535328953521268,1.2622444070595038,0.7483289039559763,0.030105662048893565
sub-10825,8.5,m,TD,03,2.281424985486002,45.0167843086364,0.6012566302890187,64,61.998046875,88.33027914057581,39.139688249033284,45.611648762651484,11.659568682732509,2.525367452098814,0.471682091979561,0.20900522688658982,0.24356537889759192,0.06226188574699429,0.013485416489257766,0.8581072886161804,3.3568727380966243,3.9119499188848326,-0.1530261423044212,1.2110098078651714,0.7396900606969249,0.03881930260414034
sub-10825,8.5,m,TD,04,6.475977262281531,75.86580429874721,0.4184052417119007,64,62.998046875,79.21566301693889,42.75194535404549,32.19573546879212,14.558147031316242,4.75007940860967,0.456649253184326,0.24644929013505082,0.18559661053900714,0.08392237994873088,0.02738246619287933,1.327876028658651,2.936633711836968,2.211527016421334,0.28358069478303805,1.077263929368104,0.7460522534809161,0.03514777543139773
sub-10825,8.5,m,TD,05,3.1859733978638825,53.23589884753378,0.37000078486147503,64,61.998046875,84.98564316048387,40.80283918710427,30.422661913215148,11.330327155861124,2.814340137426926,0.4988714055904031,0.23951539319307769,0.1785830588089751,0.06650977769703768,0.01652036471050065,1.341198850498312,3.6012057397648536,2.6850647377357473,0.29356387854003796,1.2812687170987824,0.7345795520661942,0.02842165148694284
sub-10825,8.5,m,TD,06,3.186142974135459,53.23583967869053,0.3704629258219514,64,61.998046875,85.16225932553846,35.275288777675314,37.22206693673626,11.017945732935368,2.926892352532578,0.4962706839740149,0.20556161646862384,0.2169061831369382,0.06420547679425768,0.017056039626159508,0.9476982790243568,3.2016212125846235,3.3783127852469725,-0.05371909845742709,1.1636573104452959,0.731705702849563,0.03558825334432573
sub-10842,8.2,f,TD,01,8.480724660545478,86.74529173701035,0.41800421187072617,64,62.998046875,120.5859912694314,19.806701337853667,20.433004243027934,10.566224211152658,1.2389638626083042,0.6985192210679247,0.11473440193836046,0.11836239066963367,0.061207032656988375,0.0071769536670869445,0.969348466934864,1.8745297224476651,1.9338037727288568,-0.03113111673743688,0.6283578132685801,0.7152633274161714,0.0738264736103149
sub-10842,8.2,f,TD,02,12.933859141226069,106.89890088625104,0.39272405126603643,64,62.998046875,141.72121957407657,22.558233888383285,23.603442347327675,11.732983259589659,1.5552857059287044,0.7044807824837549,0.11213452938734607,0.11733014706004687,0.05832338482850921,0.0077311562403381325,0.955717965050819,1.9226341152361193,2.0117170394864394,-0.04529242509358398,0.6536961808155686,0.7118367309616641,0.08458906507033934
sub-10842,8.2,f,TD,03,12.04382717363064,103.1989307055133,0.3872950766664367,64,62.998046875,122.00139388922713,25.306790166283967,34.070458631642346,12.11661809830574,1.4851468204448308,0.6257110413668676,0.12979145175157356,0.17473785725438454,0.06214274678713302,0.007616902840036185,0.7427780893674258,2.0886017831840813,2.8118785584571317,-0.2973579472899407,0.7364948388330145,0.714661455358377,0.07765464281877416
sub-10842,8.2,f,TD,04,6.254243923730232,74.55567410800263,0.39925512028569726,64,62.998046875,116.0813797979909,23.610880235506144,21.866971437810527,11.027883323220694,1.1629170831026903,0.6680941496444978,0.13588993325845677,0.1258530499333141,0.06346982043138485,0.006693046732340776,1.0797508151805202,2.1410165072918494,1.9828801953104356,0.07673028782997049,0.7612807196628022,0.7208380908105105,0.061849821056739834
sub-10842,8.2,f,TD,05,10.042102688885688,94.31261777078709,0.3937564109632574,64,62.998046875,133.08066829349082,30.463133068351322,31.41045509451207,18.82928162013725,12.87371588870814,0.5871449775612437,0.13440175655277473,0.13858129199489297,0.08307380986371685,0.05679816402736744,0.9698405507557505,1.6178595489150507,1.6681706571809958,-0.0306236016608327,0.481104009500822,0.7333033353376682,0.0956069441168284
sub-10842,8.2,f,TD,06,8.261671458141555,85.60793035327282,0.4104361259394964,64,62.998046875,85.86816470569099,20.107931379599762,25.106439602914296,11.60480815780633,1.3106957624292033,0.596314817473787,0.1396403133978567,0.1743526486276032,0.08059004267948398,0.009102177821262275,0.8009073248787089,1.7327241524515693,2.163451498853388,-0.22201003788492296,0.5496948246374076,0.7371374722562116,0.0736534223000646
sub-10846,8.3,m,TD,01,4.23122513999366,61.389347205759854,0.3900015855399143,64,152.998046875,129.38165290101816,36.37464979463945,53.23526355579487,22.753708501122183,3.123254500180006,0.5283719116369959,0.14854767129790367,0.21740345204117645,0.09292214303960468,0.012754821984315316,0.6832811066393084,1.5986251117194328,2.339630199321884,-0.38084892774696283,0.4691439546560748,0.7648943706194775,0.048498808225183654
sub-10846,8.3,m,TD,02,1.3053557767335313,34.03574435377455,0.36991673067716907,64,151.998046875,1908.4587763325858,501.39893301584704,121.44112828125671,95.91635455168507,25.406791057879413,0.7194612682814563,0.1890201228007478,0.04578154333658905,0.03615907398707321,0.009577991594133538,4.128740733160901,5.2274602736873215,1.2661149274164314,1.4179724532543212,1.6539255528058514,0.7279290831627725,0.06610527503859101
sub-10846,8.3,m,TD,03,5.972709789869365,72.9021640894344,0.397439380014232,64,152.998046875,95.08437835201009,34.64181520710527,32.4918033646244,18.69004277041768,2.405374629964408,0.5186984198760713,0.18897588774302065,0.1772472761168177,0.10195676535363182,0.013121650910453184,1.066170899114225,1.853490419076727,1.7384552707418202,0.0640736310125154,0.6170705744972489,0.7528521270129468,0.05608773680218793
sub-10862,12.6,f,TD,01,10.270128121666026,95.34440374422527,0.3901435616666475,64,62.998046875,44.68171067269384,14.702692335576874,24.082530833572488,6.993696081284739,1.6343907972785499,0.48516966849210713,0.1596469843924893,0.2614965569819998,0.0759400022561154,0.01774678787727752,0.6105127586956032,2.102277846319266,3.443462591692302,-0.49345608688538906,0.743021445603143,0.7602696360077408,0.058363841236569264
sub-10862,12.6,f,TD,02,13.16463225816213,107.8029214620091,0.3960699949954459,64,62.998046875,60.76679448325217,19.062695676441116,22.296606363256736,8.088059737695644,2.385414923704579,0.5396716332406191,0.16929634345792605,0.198016796411703,0.0718302889844371,0.02118493790530614,0.8549595111413127,2.3568935312871315,2.75673116746866,-0.15670116655690375,0.8573444516512866,0.7569800187562746,0.0433272999661132
sub-10862,12.6,f,TD,03,5.146022910795834,67.61459259675894,0.3568756710230303,64,62.998046875,32.451346130881745,13.618112165396544,15.617395492392854,6.908541368896036,1.9155789456836625,0.46023114194057274,0.1931346480259234,0.22148886313105987,0.097978243199131,0.02716710370329885,0.8719835629461378,1.9711993369116505,2.2605923100792267,-0.1369847050831551,0.6786421579689161,0.7797821886295255,0.042666611051780455
sub-10862,12.6,f,TD,04,6.924569038251765,78.41841661358032,0.41520394307774566,64,62.998046875,31.108527895932177,14.77322342152407,21.29214668506328,7.263273905565551,1.6918214218420196,0.40862917707467805,0.1940551526472946,0.2796851206581348,0.09540746025745997,0.022223089362419356,0.6938343812879604,2.033962041580439,2.931480619055966,-0.36552199063248886,0.7099856354957798,0.7834877013162975,0.024772377255324725
sub-10862,12.6,f,TD,05,0.2476690185983663,14.271983790744539,0.2724721985578658,64,61.998046875,40.148431184054346,15.97334166941199,18.458058900348583,8.965242485944355,4.694323563713241,0.45499439234017436,0.18102278649937936,0.2091816054939349,0.10160135618685559,0.053199859479644486,0.8653857784097475,1.7816965569479133,2.0588465877286577,-0.1445798848717954,0.577566032252659,0.7815744396519791,0.06572075015458474
sub-10862,12.6,f,TD,06,7.148597255287626,79.6632304401578,0.39763432274876753,64,62.998046875,33.80551152490203,12.584595608745724,15.006004838380377,7.348581317251423,3.5625818685908923,0.4675257289269035,0.17404328376735617,0.20753105141380518,0.10162990240203304,0.049270033489888274,0.8386373151471782,1.712520426112806,2.0420274595248005,-0.17597694827950267,0.5379662187403018,0.7919978228504443,0.058213203887003295
sub-10876,11.5,m,TD,01,5.702737651053089,71.21088284279911,0.39811354917129566,64,152.998046875,67.01282773108247,11.869315472773296,9.879548883436037,16.480000838541592,16.242512680722463,0.5516176147878238,0.09770254012454666,0.08132373121352336,0.13565550152185477,0.13370061235224315,1.201402575442699,0.7202254167981559,0.5994871590255171,0.18348968713297484,-0.3281910370845919,0.7427655926508336,0.10832830432787675
sub-10876,11.5,m,TD,02,4.143611879870683,60.72113011602085,0.39327408271570263,64,152.998046875,239.6196291440182,15.54567092915796,10.126380013029504,15.694697435396634,16.126655912186514,0.8064931597738754,0.05232241328996508,0.03408258431478779,0.05282399514423901,0.054277847477129486,1.535165667213158,0.9905046588599051,0.6452102727505015,0.42863830173880657,-0.009540709310959685,0.692669560315643,0.17048411434128474
sub-10876,11.5,m,TD,03,3.4109456831787943,55.08313076542953,0.4107233997880426,64,152.998046875,67.68860475824563,18.2961539433429,11.63092386227123,32.51503465553137,29.764128569451728,0.4233319993793595,0.11442616460260818,0.07274108058261587,0.20335261274444408,0.1861481426909661,1.5730611050331942,0.5626982759567762,0.3577091024349331,0.4530234694966509,-0.5750117164238957,0.7843233850064508,0.10357451828053992
sub-10883,10.7,f,TD,01,6.932445491912557,78.41651119549259,0.41500405705940296,64,62.998046875,29.11629868108165,13.681929665276726,8.5177791974498,16.813337540625856,5.840922687006636,0.39362164770103525,0.18496525803518896,0.11515139060694779,0.22729858965195104,0.07896311400486361,1.606278978136866,0.813754534589961,0.5066084694289811,0.47392031036215015,-0.2060965130140294,0.83046359159947,0.050728187258491236
sub-10883,10.7,f,TD,02,2.2925907599656172,45.01670496297801,0.598770482772408,64,61.998046875,17.012999184692042,13.216288963818053,7.493622905952216,18.828269347885854,7.639047689077325,0.2650403291987113,0.20589253780176667,0.11674086739930271,0.2933198698261151,0.11900639577408866,1.7636714750242553,0.701938596671996,0.3979984972327393,0.5673977015917232,-0.3539093479101085,0.8612802743524204,0.05054741376215984
sub-10883,10.7,f,TD,03,10.71614915870736,97.37127003730876,0.3928532975761725,64,62.998046875,46.07689960258128,22.188158103486362,11.612792944529858,19.070360209928634,8.228565183874055,0.42991496202024726,0.20702393673694994,0.10835176586874484,0.17793369901356398,0.07677563636048472,1.9106650923226924,1.163489197856543,0.6089446039138402,0.6474513973212611,0.15142341953713287,0.8457892708780106,0.054850256471826515
sub-10883,10.7,f,TD,04,9.602815608859295,92.21609582262218,0.401958615296983,64,62.998046875,59.01384413754556,27.674029167783267,17.211111984796077,15.513494356570277,4.154080263851379,0.4775874976228757,0.22396050507367918,0.13928616283609063,0.1255476754212533,0.0336181590460931,1.6079163968155166,1.7838681944703823,1.1094284491427757,0.47493917737502683,0.5787841494051141,0.7876286101076172,0.05736309923019175
sub-10883,10.7,f,TD,05,5.817997220455937,71.85966786595746,0.3555557774384749,64,62.998046875,42.53476882706449,22.209222102735122,14.758158740972664,17.58965694970024,5.826582485978294,0.41328638347680907,0.21579449790807947,0.14339671334835824,0.17090878610144875,0.05661361916529487,1.5048775726388397,1.2626296332125082,0.8390248191408493,0.408711547808203,0.23319655666849942,0.8151805819673079,0.049186364717059436
sub-10883,10.7,f,TD,06,12.7203792481006,105.98671670580002,0.3881324543576726,64,62.998046875,39.88613037161128,21.545572471547317,12.257154055903651,15.30654847647851,6.396114629868772,0.4181307769217743,0.22586465201859945,0.1284931203026059,0.16046026392713247,0.06705118682987743,1.7577956818751206,1.4076048891528272,0.8007784429480201,0.5640605705947033,0.34188959985574596,0.8018034436258801,0.04936346757923384
sub-10918,12.4,m,TD,01,6.924780576477743,78.41842537034582,0.4152056825805222,64,62.998046875,73.49822007447914,12.976387827549175,6.495862437746678,6.343359978353702,1.5023983359241864,0.7290316356375997,0.1287132835733921,0.06443270616714818,0.06292002848192865,0.014902346139921533,1.997638951241169,2.045664737903603,1.0240412746418863,0.6919659588128079,0.7157227918854291,0.6759893563256117,0.06391555616334577
sub-10918,12.4,m,TD,02,5.586921192289542,70.47522982078678,0.34690252702463087,64,62.998046875,58.25071993517732,11.356554148047085,7.573727855915791,6.777297496016833,1.2362792711655972,0.6837374023055486,0.13330137105548168,0.08889917610865097,0.07955080709277318,0.01451124343753382,1.4994668892380458,1.6756759098622875,1.1175144458932074,0.40510963776151815,0.5162166121574717,0.6881326816613499,0.04883761107183826
sub-10918,12.4,m,TD,03,4.473682911265833,63.07500422047881,0.39582670243883905,64,62.998046875,39.966552821368275,10.358801841188216,7.903198563408697,7.424325221066408,1.1070304037442988,0.5986609854531456,0.1551650087531189,0.11838240494117641,0.11120933729345574,0.01658226355908837,1.3107100572099368,1.3952516266116521,1.064500588010669,0.27056901877335315,0.3330747765067526,0.7254426760297595,0.05250127533107569
sub-10918,12.4,m,TD,04,4.476929898869397,63.07257296704614,0.39634661424244166,64,62.998046875,72.39564553115655,14.57543073830598,7.126102473908156,8.177428541426725,1.96959129672108,0.6944812902421883,0.13982006612011047,0.06835970318612511,0.07844492693789511,0.018894013513671457,2.045358004838002,1.7823978117895247,0.8714356154635361,0.7155728376634745,0.5779595430737091,0.6875556968129692,0.06755088492963922
sub-10918,12.4,m,TD,05,5.810070703953602,71.86183032942891,0.3561199599944757,64,62.998046875,190.65992948111796,22.944350466219902,8.216566616839465,10.33776228790153,2.6091385709915023,0.8121214756877683,0.09773212342014016,0.03499870279043278,0.04403399700927405,0.011113701092380522,2.7924498803665445,2.219469729253677,0.7948109453488466,1.026919303856255,0.79726830665593,0.6429272777464583,0.0843778146277886
sub-10918,12.4,m,TD,06,8.927264851259556,88.97717746388014,0.41477217035006436,64,62.998046875,57.37017566840411,12.784533547648838,6.892977504858525,6.1750644403879,0.8898075742540279,0.6820643258371563,0.15199315940254252,0.08194944498751602,0.07341429785535343,0.010578771917420057,1.8547185941976143,2.0703481997742,1.1162600117618224,0.6177329833105013,0.7277168055825323,0.6801178796537919,0.05114412301562685
sub-10950,,,,01,10.486657714515333,96.36310362889462,0.38930438929962646,64,62.998046875,74.93203842925591,14.571542220964634,10.86778423547322,16.170444264699963,5.608467335989711,0.6134414148265007,0.11929192990888449,0.08897060692846327,0.13238156089235223,0.04591448744379111,1.3408015751178373,0.9011219470805371,0.6720770349641471,0.2932676255047836,-0.10411468416092896,0.7548686198944081,0.09633402273575362
sub-10950,,,,02,5.363242795389634,69.06123877124013,0.3478236658730417,64,62.998046875,49.89277504393036,18.221944898821874,13.579220500493987,8.924736278509016,2.79159167044486,0.5341251652810362,0.19507432333149405,0.14537181761943987,0.0955434175720038,0.029885276196015432,1.3418991832526508,2.041734828926959,1.521526247581294,0.29408591147470853,0.713799852802327,0.7410575099805214,0.07477148378715306
sub-10950,,,,03,2.2808056654358846,45.016787017675824,0.5982161588040806,64,61.998046875,73.45899874065397,15.930245653256975,12.546524539083448,7.809440216733427,2.4522426660188597,0.6547296534086124,0.14198402366051827,0.11182539653117557,0.06960443477413557,0.021856491625549295,1.2696938983884891,2.039870363450752,1.6065843633962622,0.23877584652844208,0.7128862585089081,0.7205532008177309,0.08489915305085063
sub-10950,,,,04,5.362277422638031,69.06019508473743,0.34801461329449124,64,62.998046875,73.62613071861834,22.476205879805267,13.436378907503608,10.118549430665055,5.844357975972857,0.5866548097940681,0.1790909580146536,0.10706139566708553,0.0806248492715859,0.046567987252598926,1.672787440316353,2.221287352877592,1.327895762092369,0.5144913609240591,0.7980869164973613,0.7389235557619618,0.07395772147493473
sub-10959,8.0,f,TD,01,6.254342952460739,74.55673579119032,0.3988925936641225,64,62.998046875,119.6040102144367,14.770438200459818,12.779322801556543,6.530739050532966,2.5817356658766712,0.7653860851422893,0.0945209767617097,0.08177916302569203,0.04179238460325433,0.016521390467048508,1.1558075830637597,2.261679434160236,1.9567958086629844,0.14479930575892264,0.8161076497731895,0.7023571199229189,0.10056561733831754
sub-10959,8.0,f,TD,02,2.73376886645734,49.30151779978094,0.37880828238397696,64,61.998046875,36.81551738688348,13.346766987912119,15.671242425656994,7.412357630466707,2.6389035971938792,0.4851501643945278,0.17588198286812562,0.20651362193765418,0.09767909778861794,0.034775133011061526,0.8516725493353297,1.8006102313590016,2.1142048464097334,-0.16055315779317336,0.5881256248704401,0.7519182117998002,0.06511010968766788
sub-10959,8.0,f,TD,03,8.257577269652705,85.6070602081863,0.4105663929619419,64,62.998046875,57.14421244308891,22.142318895406493,24.26576287913126,10.741641166507879,3.5678616076020973,0.4848408381818143,0.18786680214080495,0.2058831911482933,0.09113759878666106,0.030271569742417997,0.912492181090591,2.0613534330716177,2.2590368178364524,-0.09157576223000213,0.7233627734127985,0.7589183712843077,0.0443989768693338
sub-10959,8.0,f,TD,04,6.4766330099218665,75.86577457905862,0.41852597167020256,64,62.998046875,78.03826885399062,27.5220077754429,15.546448392083883,12.92626425015605,6.13431316798642,0.5567508790973879,0.1963511268064145,0.11091351635861231,0.09222025411897002,0.04376422361860831,1.7703083740627923,2.129154041942823,1.2027023501314387,0.5711537540451194,0.7557247374239698,0.7688852388552734,0.049658787540312214
sub-10959,8.0,f,TD,05,12.046101441280024,103.19895727004682,0.38699945427682353,64,62.998046875,48.58635778354215,17.70907938713448,22.01199470037169,7.367586619526364,2.0536044908879774,0.4971558618272725,0.18120668077450955,0.22523590355454762,0.07538821682695546,0.0210133370167048,0.8045195189345854,2.403647259497104,2.9876804762675158,-0.21751005065057105,0.8769872752485788,0.7155916888276895,0.07518419719712373
sub-10959,8.0,f,TD,06,10.042178003825212,94.31262122091192,0.3937564109636422,64,62.998046875,70.58125872715729,23.875414084049947,24.538344341820967,9.768268749104756,3.1285513201435404,0.5351450113490086,0.18102268181929013,0.18604899938171654,0.07406272408384364,0.02372058336613348,0.9729839043524158,2.444180713827682,2.5120463996311884,-0.027387739222313263,0.893709980403849,0.7325962614301771,0.05077263301973755
sub-10970,9.0,f,TD,01,4.7122119045611175,64.62444912335826,0.38021964662758306,64,62.998046875,72.3135866958464,22.633888136342946,7.600785343658536,14.746810749174934,11.294350893613181,0.5623603067275453,0.1760167190755852,0.05910894719146272,0.1146813675698293,0.0878326594355699,2.977835462124161,1.5348327527433516,0.5154189250094822,1.0911966816018686,0.4284214192355595,0.7538611203497037,0.05882421148724782
sub-10970,9.0,f,TD,02,10.269491881802534,95.34525024878715,0.39000158553883957,64,62.998046875,246.29730298696097,26.155179868742863,6.863546785658956,15.67576743525986,14.4003242508873,0.796068438750707,0.08453731709947444,0.02218397403337062,0.05066634330570454,0.04654392681074013,3.810738192007231,1.6685103282350153,0.43784438714114793,1.3378229215543116,0.5119312093220352,0.6430727504097391,0.11290173421926208
sub-10970,9.0,f,TD,03,10.489565460989734,96.36381370510486,0.38949556334651697,64,62.998046875,65.68770063811344,27.296023269551085,7.656035571731195,7.253119825250638,2.816799840403594,0.5933329510606741,0.24655498489692174,0.06915416638232975,0.06551477595511462,0.025443121704950885,3.565294729080693,3.7633492796465804,1.055550681111983,1.2712467234029867,1.3253093267688199,0.715611917142529,0.053863199814414016
sub-10970,9.0,f,TD,04,5.146150076196431,67.61345345353446,0.3568519733627008,64,62.998046875,63.31233170284892,19.060063323884,6.5800131736515635,7.303575598051681,3.1137560680453045,0.6371389498243444,0.19180953225291658,0.06621747407704556,0.07349899081818152,0.03133505302750197,2.896660359314108,2.609689332026069,0.9009303847564694,1.0635584731548962,0.9592311843749672,0.7111476345269594,0.05918194197418586
sub-10970,9.0,f,TD,05,10.043695954170268,94.3150465678353,0.3935718801628382,64,62.998046875,80.51702293672756,28.152553361425298,5.853041876154316,10.16522831105166,4.705581561265219,0.622265165644382,0.2175732862667564,0.045234460238933134,0.07856062293510585,0.03636646491481492,4.809901237186748,2.76949543089111,0.575790498457403,1.5706765510974963,1.0186651486941047,0.6930398090214673,0.05518604787440427
sub-10970,9.0,f,TD,06,3.6428774491464284,56.896481748971865,0.4520700998338917,64,61.998046875,71.71751081478043,23.457310507321232,7.472404698575317,16.7170716324756,10.996382129707877,0.5501467998957854,0.17994160928274916,0.057321001325107514,0.1282370701067286,0.08435351938962177,3.139191659652808,1.4031949508280046,0.446992443584349,1.1439653335469926,0.3387517443026715,0.7307343275524085,0.08081611905925974
sub-10990,10.1,f,TD,01,12.049507970719402,103.19973618615096,0.3871651680326354,64,62.998046875,37.82820709070986,14.039160614333321,20.603105110208794,10.443146468440416,2.57640647544103,0.4424867901816955,0.1642198664659224,0.2410001041321174,0.12215631444378865,0.030136924776464305,0.6814099398724257,1.3443420195971445,1.9728829019558602,-0.3835911864350825,0.29590468859369756,0.7986832719452639,0.05658838772315281
sub-10990,10.1,f,TD,02,12.93761067486534,106.89894982600315,0.3926116909231119,64,62.998046875,41.75828990566328,11.204007473664246,15.335980290342393,8.527253310343985,1.6742790079110932,0.5319540252656165,0.1427265553303572,0.19536327913024515,0.10862769364225922,0.021328446631509207,0.7305700230143797,1.313905787233025,1.7984666025738067,-0.313930196102695,0.27300421827816473,0.7716757652960817,0.07088433726232181
sub-10990,10.1,f,TD,03,4.035330793031844,59.8535396313103,0.44230853311491386,64,62.998046875,41.43913445697281,15.224405166836085,25.068445394500266,12.706051705764697,2.4664189601810587,0.4276287830561071,0.15710738024721807,0.25869239156743074,0.13111937543062896,0.025452069698604977,0.6073134942055698,1.1982011028593265,1.9729532017506914,-0.4987101563261107,0.1808213510974135,0.792189973630295,0.06052042581812544
sub-10990,10.1,f,TD,04,14.29002723872543,112.2065737448952,0.3977661202379975,64,62.998046875,34.73837604040067,13.59419817934847,31.72962381873076,13.69647707611689,4.005528616357869,0.35532817447170856,0.13905087609325112,0.32455257249422087,0.14009705550110357,0.0409713214397058,0.4284386810575126,0.9925324668379316,2.3166266509551345,-0.8476076525669098,-0.007495554776473454,0.7934900626681463,0.044828180633200855
sub-10990,10.1,f,TD,05,7.822223463297417,83.28316274445358,0.3843352207378906,64,62.998046875,30.687270623488054,15.115320263775804,35.84979623417881,12.359132154698843,2.0818563385164253,0.31934845068349066,0.15729825461007094,0.37307250374821843,0.12861586010111473,0.021664930857094797,0.421629182075088,1.2230082237633373,2.9006726188736565,-0.8636290667046806,0.2013135809370624,0.7948007856075567,0.03200127375826212
sub-10990,10.1,f,TD,06,2.519314794324664,47.20747711341233,0.46023580509413037,64,61.998046875,45.590801978990015,15.08813730416977,31.78161588056497,12.933919088615209,2.395308455269004,0.42296032920540716,0.1399774350143907,0.2948481301495488,0.11999206941254992,0.022222036218094116,0.47474418421235665,1.1665557207211539,2.4572301452339813,-0.7449791795756491,0.1540555787806381,0.7819818306811364,0.062350155823626525
sub-11025,9.3,m,ASD,01,5.140919042924551,67.61378547471253,0.35688434701829885,64,62.998046875,12357.911058121661,209.7982503507693,35.10934351693187,66.46789288958915,103.8625414113345,0.9674913347238459,0.016424943366233045,0.0027486834514924385,0.00520372011949118,0.008131318338937463,5.975567451142622,3.156384853349651,0.5282150823594186,1.7876790642106593,1.1494273389425669,0.4377240724873052,0.08042643309086933
sub-11025,9.3,m,ASD,02,13.82517029277009,110.46818500689452,0.3984086529344697,64,62.998046875,6441.788294782993,149.83834591033244,24.582343793846025,34.40179422399626,54.51130757663142,0.9607264732668577,0.022346848272421005,0.003666203758484539,0.005130673801503046,0.008129800900733616,6.095364509052105,4.355538694717597,0.7145657471754309,1.807528565747496,1.4714482983419557,0.48406566243616483,0.08615811519284826
sub-11038,10.7,m,ASD,01,3.5924986189525154,56.446411357999985,0.45211379377992983,64,62.998046875,90.7585314609556,21.970511114470924,19.743692981609623,10.972090797449424,2.469229261378861,0.6219999237077425,0.15057158833492146,0.13531042570420382,0.07519557146937675,0.016922490783748585,1.1127863026909086,2.0023996811597837,1.7994467368240745,0.10686705268268483,0.6943463019064269,0.7233418554625286,0.05577634711134632
sub-11038,10.7,m,ASD,02,4.700715512030549,64.62366232826429,0.38075947007358846,64,62.998046875,77.90034654643662,21.814454921629657,16.346585792717732,10.745171190485456,4.310950958995529,0.5941261918168904,0.16637331672745814,0.12467126523559376,0.08195069627858681,0.03287852994146332,1.33449609589707,2.0301635529961315,1.5212959852320127,0.28855376434083835,0.7081163577867066,0.7489199193638612,0.04312358354162493
sub-11038,10.7,m,ASD,03,10.709801401033886,97.37070333199856,0.3914724954743425,64,62.998046875,150.88459451476058,22.954089954054133,22.988017195938514,12.10433629128605,3.09896785692567,0.7116190651235353,0.10825868662335555,0.10841869813566155,0.05708784586820896,0.014615704249233972,0.998524133612908,1.8963526294768396,1.8991555292862907,-0.0014769565506006154,0.639932372550611,0.7000362705895218,0.08033105111811359
sub-11038,10.7,m,ASD,04,7.14632844639803,79.6623810256091,0.3977217638929673,64,62.998046875,102.94820160149007,22.318406668839216,23.322897433693043,10.154766860122548,1.6828693256528708,0.6417131190444549,0.13911864542329297,0.14537999716852218,0.06329830937895847,0.010489928984765398,0.9569311331188354,2.197825610007917,2.2967437613244512,-0.044023851331808625,0.7874685125280955,0.7195645129376712,0.059594375158846205
sub-11038,10.7,m,ASD,05,9.372545492631112,91.15159098614605,0.40526649414020677,64,62.998046875,129.52781534476225,23.41687962455603,19.7859425336964,10.376644398843238,2.318691463290874,0.6985419194197234,0.12628694459347603,0.10670534539804176,0.05596111596733565,0.01250467462141776,1.1835109489818234,2.2566909614021493,1.9067765814447857,0.16848540128683834,0.8138995639598277,0.7007840927823692,0.05464908057480004
sub-11038,10.7,m,ASD,06,6.25506968386755,74.55577974413583,0.39904593336712174,64,62.998046875,77.84508255156705,19.76385094861892,19.80542016874406,9.33387949004953,1.579622867908861,0.6066109491867115,0.15401060658628682,0.15433453641268732,0.07273463283056594,0.012309274983740646,0.9979011189981347,2.1174315534806554,2.121885137884595,-0.0021010867394724462,0.7502038228094791,0.7271979123646276,0.06254646302192793
sub-11049,11.9,m,ASD,01,2.735929290928558,49.29838184361576,0.3788476442942388,64,61.998046875,101.26425929042463,13.125301552338763,5.438020496374666,14.921772289487699,8.283113690552199,0.7079809304026898,0.0917644909463071,0.03801948325648083,0.10432437172596314,0.057910723668552225,2.4136175215018993,0.8796074151047448,0.36443529567900956,0.8811266683251293,-0.12827959024973812,0.7329978059179345,0.07165359841620157
sub-11049,11.9,m,ASD,02,2.285334018110436,45.01675106614714,0.5987119609581715,64,61.998046875,57.439403193893156,11.0620802349415,4.9271262404620275,11.0867294093122,5.968101924190349,0.6348056899396162,0.12225530011175367,0.054453347329148825,0.12252771652405542,0.06595794609541486,2.245138381902295,0.9977766955914885,0.44441656854392847,0.8087671593402044,-0.0022257796191125757,0.7297983083415808,0.05694185533515803
sub-11049,11.9,m,ASD,03,11.378052398136589,100.32932604380073,0.4017684409818881,64,62.998046875,82.19382218486422,12.421472335947966,4.54515520685984,8.406076946449062,4.470027131134444,0.7336339738522718,0.11086981805544589,0.040568502443946025,0.0750297707394733,0.039897934908853995,2.732903887901991,1.4776776866399766,0.5406987392352252,1.0053647390762537,0.39047172475260333,0.6949087791516377,0.08338936386583608
sub-11049,11.9,m,ASD,04,6.7031325888045545,77.1540858452601,0.4244305978500169,64,62.998046875,33.414834320750565,7.9919369617621046,4.418926182756303,5.5865272301016144,1.7353842371163255,0.6287175470715267,0.15037246495724882,0.08314440238260869,0.10511342546375022,0.032652160124846646,1.8085699174941476,1.430573347731683,0.7909969826953006,0.5925364321517278,0.3580753063856956,0.7124049076287593,0.053968390572955535
sub-11049,11.9,m,ASD,05,6.478894057633778,75.86681173693881,0.41836283979087135,64,62.998046875,40.47049821948154,8.071918040022503,3.5959716718714523,5.822374229968999,1.6306783975221988,0.6791327385264762,0.1354543196862076,0.06034376142189673,0.09770487464919292,0.027364305716209784,2.2447112426276115,1.3863619412289296,0.6176125975141898,0.808576890484177,0.3266830075343102,0.7117186729818756,0.05031985772782586
sub-11049,11.9,m,ASD,06,4.925616966291628,66.13681886150235,0.3680653325990558,64,62.998046875,70.6109787912312,11.508582790613195,3.9181517277826274,5.838589092784619,1.707940513883592,0.7545178182868584,0.12297564666849654,0.04186764358704176,0.0623885914000157,0.018250300057577117,2.937247863324382,1.9711239492489092,0.6710785200869922,1.0774730420245235,0.6786039126717895,0.646761921062373,0.06482171532697426
sub-11053,9.3,m,ASD,01,15.491757483236007,116.83628350305789,0.39754649419300153,64,67.998046875,56.551026140194665,12.133892029197185,4.69011638408234,9.775594224109524,7.346636728456517,0.6248920983852219,0.13408020630620243,0.051826056377021104,0.10802087963041208,0.08118075930113143,2.587119601205524,1.241243422243341,0.47977813691515936,0.9505451337570979,0.21611363706285625,0.7210988218341037,0.07086148473705492
sub-11053,9.3,m,ASD,02,13.380008927899926,108.69894397640783,0.3981429780913438,64,62.998046875,58.06659034927191,11.285905339510034,4.645916746152151,4.563003597876613,0.7516627137756882,0.7321187282970067,0.14229564049038548,0.0585769310632397,0.05753154044688936,0.009477159702466221,2.4292095524214536,2.473350085623303,1.0181707391844055,0.8875659173658705,0.9055735416513907,0.6717649717369363,0.0767824694341476
sub-11053,9.3,m,ASD,03,5.594307189620994,70.47312661280887,0.34629040936811123,64,62.998046875,51.94391364250377,12.753218047093553,5.162570984679576,7.783504152933503,4.690900664866419,0.6308918044384195,0.15489592874156882,0.06270270173483472,0.09453559879400443,0.0569739662911604,2.4703230396129134,1.6384931255269375,0.6632707946501455,0.9043489273567028,0.4937769935587126,0.7107541190413027,0.0683932157439304
sub-11053,9.3,m,ASD,04,2.2907223044755254,45.01846022450116,0.5996521205938581,64,61.998046875,95.67151452398156,17.841548902007457,5.36838899294751,6.228118929068605,3.563322897614964,0.7435250064505128,0.13865817666267835,0.04172121117210515,0.048402726662694594,0.027692879052001497,3.3234456231548606,2.864676976339104,0.8619599359110943,1.2010020830462735,1.0524555955865016,0.6737662311620365,0.062019271592035935
sub-11053,9.3,m,ASD,05,4.703444026758473,64.6244390025988,0.38040727441488914,64,62.998046875,94.28267790572005,17.587399334521635,6.6579697787263115,9.456291901257542,7.230067084760484,0.6972827873255065,0.13007045516934765,0.04924009190618898,0.06993553557384094,0.05347113002510859,2.6415558975221893,1.8598621445030605,0.7040782844108482,0.9713680986787983,0.620502369119881,0.695442980482216,0.07580867293183015
sub-11055,9.9,m,ASD,01,14.047434270009187,111.34119813159644,0.3980034073056036,64,62.998046875,27.35823724877519,8.744857029870545,7.826296548245562,9.118613798054405,2.8495711612953665,0.48943512959123364,0.15644429846674845,0.1400113768470766,0.16313075602643123,0.050978439068492205,1.1173684738319534,0.9590116681699399,0.8582770058662385,0.11097634378421725,-0.041852037154937904,0.7826406782435066,0.049423977379187134
sub-11055,9.9,m,ASD,02,5.1411935836950855,67.61286219743008,0.3568847073862469,64,62.998046875,1113.2715298382655,91.54226849239117,33.38474537094246,47.91103640085993,28.666259205242362,0.8467386580700027,0.06962576110357559,0.025391967491980427,0.036440460014908374,0.02180315331953212,2.7420388406516145,1.910671848683829,0.6968069964427352,1.008701746120632,0.6474549334454898,0.5306599144461912,0.12464982600608396
sub-11057,9.7,f,ASD,01,3.3659551481761634,54.66000651423138,0.4145100991098494,64,62.998046875,364.3816629622155,41.64744547569715,34.91996629754728,20.156424241497163,2.7580612509465756,0.7855362960246071,0.08978382663909834,0.07528068443313474,0.04345334699624592,0.005945845906911699,1.19265422883931,2.0662119916067825,1.7324484680002843,0.17618126777768303,0.7257169751172824,0.6112378257146333,0.13728687063315945
sub-11057,9.7,f,ASD,02,10.932850490347834,98.36716705207573,0.39614711411295583,64,62.998046875,126.35577671339179,46.16026064022687,38.63401696389168,17.816926723859854,1.7734252654463556,0.547610098880451,0.20005278390143408,0.16743498714533633,0.07721632725292392,0.007685802819850357,1.1948087273287737,2.590809366601253,2.1683883849705734,0.17798611175965515,0.9519703236517669,0.7320619001258375,0.0609638622184582
sub-11057,9.7,f,ASD,03,10.264871076536059,95.34442417756361,0.38993119183110814,64,62.998046875,233.1403444384159,52.06744278657353,38.86855583487405,19.68754876808877,3.076313207206753,0.6721837349126867,0.15011939801297064,0.11206473549089804,0.05676259119410046,0.008869540389341252,1.3395774982680395,2.6446889554359436,1.9742709614451086,0.2923542644454359,0.9725534612065113,0.7036282984857838,0.06590319777657033
sub-11057,9.7,f,ASD,04,4.474871289525176,63.07622453889,0.3963712558194601,64,62.998046875,155.96817069653153,72.78730582220665,48.96669456024678,22.33845820044757,3.585277664720872,0.5136514839477704,0.23971113773515626,0.1612624884459667,0.07356746028707703,0.011807429584026188,1.4864655757527272,3.2583853894063757,2.192035552358018,0.39640120526842315,1.1812317933641157,0.7162386364415649,0.05029687552887012
sub-11057,9.7,f,ASD,05,3.360586524552902,54.656853074565916,0.41422473763793805,64,62.998046875,48.169057327097384,33.675493203775545,36.49501727919584,15.453955183753399,1.3973282211083746,0.35630412039137455,0.24909594770016621,0.26995182700029513,0.1143121375808494,0.010335967327307148,0.9227422183732324,2.1790857294044765,2.3615324908901223,-0.08040537018993954,0.7789053986509361,0.7672924518942837,0.02624747520525664
sub-11057,9.7,f,ASD,06,10.70826367712962,97.37051455584908,0.3915820265116983,64,62.998046875,70.6930519993033,50.00409979191074,49.54946419458678,18.131676247075927,1.5337765667591077,0.37224096628575337,0.2633013273351607,0.26090740050261374,0.0954740599777543,0.008076245898712682,1.009175388769847,2.757831052712078,2.7327569453251646,0.009133550616480647,1.014444520320097,0.7480034023927866,0.03499092405411245
sub-11062,12.9,f,ASD,01,0.4716207392226894,20.16174985525024,0.2882263504023201,64,61.998046875,109.1680618595849,15.95177257547004,14.93772423542057,11.90414795601483,4.317080394661449,0.698546897761682,0.10207253895124564,0.09558382503569537,0.07617251312811615,0.027624225123254378,1.0678850622803622,1.3400180033388043,1.2548335496680134,0.06568011515898668,0.2926830492000953,0.7179991228975389,0.07269603140244107
sub-11062,12.9,f,ASD,02,5.808614393612906,71.86187066982427,0.3562626228170878,64,62.998046875,127.12221201725973,16.526987207977047,14.881547800605539,8.016163411404582,1.7324789570633476,0.7554235398334358,0.09821159482134269,0.08843357379753254,0.04763603814024519,0.010295253407437874,1.1105691040621086,2.0617078719306132,1.8564426692489489,0.10487259029756361,0.723534703361776,0.7047754675485818,0.06060836038425677
sub-11062,12.9,f,ASD,03,4.4725494702970225,63.07620961868773,0.39559245827816814,64,62.998046875,79.51067508295664,15.142853170692753,12.834988501005753,7.213565620304856,0.9817783080581498,0.6873100068886941,0.13089858067742996,0.11094882574998431,0.06235585134965772,0.008486735334225077,1.1798104197370316,2.0992188839408787,1.7792849163076647,0.16535376433043625,0.7415653155070002,0.7130228635668125,0.055723980117612405
sub-11062,12.9,f,ASD,04,4.3846537955192275,62.44573346954846,0.3700007848614321,64,44.998046875,166.0061804394528,19.2363853939384,17.527391560142934,8.923484598148423,1.0046594349923996,0.780477960668025,0.09043985472794552,0.08240502121353069,0.04195375764190656,0.0047234057485874585,1.0975041738486975,2.155703322212008,1.9641869011325253,0.09303866901121456,0.7681170379252187,0.670889632547853,0.06444097546093411
sub-11062,12.9,f,ASD,05,12.93456341529999,106.89892176297086,0.3928958869431522,64,62.998046875,132.67422492666418,24.81872739606713,15.980242658294227,7.873305778452269,0.932431318524543,0.7278637383605494,0.1361579591954508,0.08766916986026524,0.04319372342538749,0.00511540915834159,1.553088268230014,3.152262606640794,2.0296738254504305,0.4402453797890293,1.1481204828148224,0.6882774263806806,0.05768739393009207
sub-11062,12.9,f,ASD,07,0.9255615380289542,28.49215904016675,0.3763890032683334,64,61.998046875,65.30467452365575,21.48149992105198,16.59990386192154,8.10741248583608,1.2274174670034173,0.5793483705199781,0.19057245237595313,0.14726552614099409,0.07192465542571577,0.010888995537350109,1.2940737548683656,2.649612309547371,2.047497138072113,0.2577951920343355,0.9744133310115286,0.741946153260219,0.042987725837360394
sub-11062,12.9,f,ASD,08,11.821942355989545,102.25183828614692,0.3934242937193721,64,62.998046875,48.489896399441655,18.01686942911331,19.500128629942974,7.988920667560105,0.9434629918773351,0.5107464198243226,0.18977255553525718,0.20539579630802898,0.08414768708938393,0.009937541242996785,0.923935927348038,2.2552319867526713,2.4408965167376064,-0.07911255244164205,0.8132528442719852,0.7408885395032618,0.04205324455460126
sub-11074,10.7,m,ASD,01,3.41407339638723,55.08222426279529,0.41031077405764593,64,152.998046875,240.05319583620462,39.97826168587373,15.67885386311399,17.165092126731047,8.58635093014885,0.7467550727856855,0.12436397528925242,0.04877362126740736,0.05339699634416124,0.026710334313490135,2.5498204163968827,2.3290443995703125,0.9134150721333174,0.9360229317480081,0.8454580545119781,0.7151799520053785,0.06790237265842546
sub-11074,10.7,m,ASD,02,1.854446942197606,40.53259482473204,0.39631345162550696,64,152.998046875,554.0490430720123,34.19781434196437,10.030605797569478,5.741017639246769,1.4148674559523555,0.9151280559975037,0.05648485409270493,0.016567646670971638,0.009482493250996225,0.0023369499878217884,3.4093468562235243,5.956751309763476,1.7471825428642584,1.2265207351853922,1.7845252502114992,0.6378436116729725,0.06629872280398365
sub-11074,10.7,m,ASD,03,5.6123204394828505,70.6379809963965,0.39852931016295556,64,152.998046875,67.64583627130608,16.583853580610263,8.831899168903592,8.079409996563202,3.089690437324346,0.6490011399253032,0.1591072041005396,0.08473415282109718,0.07751469398150686,0.02964280917154361,1.8777222501586979,2.052607008143244,1.0931366489210708,0.6300594732342368,0.7191106964998675,0.7249705994407448,0.07739350179386176
sub-11078,10.5,m,ASD,01,8.703363662155251,87.86659173335921,0.41873174039430827,64,62.998046875,547.1866225716874,44.86524529040725,17.90965273292014,173.78587227162896,305.9386540224453,0.5021507104122633,0.04117263446521281,0.0164356080212735,0.15948251587488407,0.28075853122636546,2.505087393902224,0.2581639387825622,0.10305586120905778,0.9183236217136047,-1.3541604742175095,0.7425695606232633,0.11958746358878618
sub-11078,10.5,m,ASD,02,7.590069000474813,82.09518621086279,0.3782366421617703,64,62.998046875,177.92008082644608,28.727362231001035,12.982379860278256,9.596499725829224,4.961468802422185,0.7597325194788752,0.12266806076279957,0.05543576708298656,0.040977796778287376,0.021185855897047013,2.2127963085485542,2.993525040560113,1.3528244913439111,0.7942570137005694,1.096451636325807,0.6994132190009741,0.07803117465662389
sub-11078,10.5,m,ASD,03,6.478533389205604,75.86590088643419,0.4185743591065072,64,62.998046875,1289.6850769394218,283.67817792681114,96.94393537024507,130.8191686127906,69.8806095440771,0.6892999859037874,0.15161791629798607,0.05181377568758701,0.06991912420568182,0.03734919790495719,2.9262086054521506,2.1684756212330254,0.7410529848052085,1.0737075937860339,0.7740244420041421,0.6539310740546103,0.0989179079940614
sub-11152,8.1,m,ASD,01,8.704135167581992,87.86644132010687,0.4187317403943974,64,62.998046875,65.3845474690097,18.767763442481616,15.006103164267731,12.409011061248142,6.1283209012384425,0.5555387485947217,0.15945999812417017,0.12749911249461235,0.10543296150411152,0.052069179282375866,1.2506753576884526,1.512430229117096,1.2092908202111923,0.22368369156301296,0.41371778034955603,0.75768863120834,0.061733277952252905
sub-11152,8.1,m,ASD,02,7.145482442660354,79.6631458678154,0.39772821815716985,64,62.998046875,122.3048310825869,25.88526680226864,16.176836653266314,6.642736087327882,2.015212484694479,0.7068626713345582,0.14960430162978608,0.09349427875624322,0.0383917964163525,0.011646951863054419,1.6001439191784426,3.896777843040486,2.4352671008748743,0.47009357468708823,1.360150017557015,0.6902793299564782,0.0541550336466142
sub-11152,8.1,m,ASD,03,9.151962981666223,90.07034882550008,0.4097311265337746,64,62.998046875,101.86117247929283,23.604564520846306,16.027556720465153,10.935962106283725,6.550013092155115,0.6407198446179976,0.14847573951837886,0.1008153882543437,0.06878860483282612,0.041200422776447226,1.4727487746591348,2.1584351053375666,1.4655826862507477,0.3871305694106204,0.7693834708580183,0.7110344755045889,0.05037103982829032
sub-11152,8.1,m,ASD,04,0.9277792381534482,28.49232025022021,0.37646605150434587,64,61.998046875,370.4617959592243,41.292455622663205,14.888636213188812,16.459247611100828,9.438335297851665,0.818626885199652,0.09124588472368754,0.03290012093288838,0.03637077493974123,0.020856334204028614,2.7734209521542548,2.5087693312792307,0.9045757476269066,1.0200815589908245,0.9197923266410418,0.7243941354486424,0.0666709796893501
sub-11152,8.1,m,ASD,05,9.151749515850867,90.07140022598905,0.4093738310637662,64,62.998046875,1546.5095193614236,131.5183974338667,42.34993161636028,41.20608712285409,20.287600636880416,0.8679130273803731,0.07380913537485054,0.023767107087503826,0.02312517276716337,0.011385557390108672,3.1055161700203664,3.191722549189088,1.0277591145719522,1.1331799399012303,1.1605607551296384,0.6552429279472872,0.06755135046416155
sub-11161,11.0,m,ASD,01,7.367369992051829,80.88814264666858,0.3833662282272049,64,62.998046875,47.053348935524824,11.41421772433776,7.385576141309728,39.43669366699915,66.58811007706777,0.2737602460426175,0.06640885554990854,0.04296988816634344,0.22944592054815455,0.3874150896929701,1.5454742468218687,0.28943140671777345,0.18727675812969669,0.43533081912024096,-1.2398369471146162,0.8028813291003112,0.08396162408920883
sub-11161,11.0,m,ASD,02,10.706940351722677,97.37050828686856,0.39177465229642583,64,62.998046875,47.921540084695856,11.633687631288735,7.949223050840174,17.592930968235898,19.294745927936198,0.45905319833501024,0.11144219292900127,0.07614772520493233,0.16852737234200252,0.18482951118904428,1.463499961805409,0.6612705780686994,0.4518418826966396,0.38083080105177436,-0.4135921763410932,0.7703639782659675,0.06065244412100452
sub-11161,11.0,m,ASD,03,0.9243319954972411,28.497572393398713,0.3775775770900116,64,61.998046875,79.48249071677392,13.451614589810909,8.199924947070532,10.972357074259662,7.368335965827112,0.6652661627962642,0.11258962748746845,0.06863313612294393,0.09183831334166632,0.061672760251648896,1.6404558183931832,1.2259548699309262,0.7473257470180406,0.49497414126318234,0.20372002601349729,0.6901642434651196,0.05724175032296834
sub-11161,11.0,m,ASD,04,2.0549261635521363,42.71257315355787,0.7466883068770853,64,61.998046875,95.91795427635985,15.115907911134874,10.146255291252038,16.76618794449776,22.99038258641476,0.5959980627326092,0.09392456187632953,0.06304501115769828,0.10417878081032315,0.14285358342303378,1.4898016536372896,0.9015709451172313,0.6051617293590688,0.3986429927321629,-0.10361654268833531,0.7289343153915737,0.06068875798481868
sub-11161,11.0,m,ASD,05,14.045841770794281,111.341081030811,0.39753379270718603,64,62.998046875,82.33246803646175,17.98769793986449,12.28588269540694,30.10217955808785,40.60057980751185,0.4491462735369125,0.09812784302323867,0.06702287155183899,0.16421567452425442,0.22148733736374995,1.464094879123964,0.5975546689286477,0.4081393067136085,0.3812372215840024,-0.5149095032470384,0.7624869791000455,0.07416252308271802
sub-11161,11.0,m,ASD,06,8.702813063203847,87.86905102686336,0.41889989690441337,64,62.998046875,261.69522903694354,29.77190682553819,14.286442517319536,20.52640579192323,31.78625987380432,0.730857022656589,0.0831463655695859,0.039898881156479375,0.05732572152015871,0.0887720090971841,2.083927247069622,1.4504198702556803,0.6960031221316055,0.7342542130464716,0.3718530802100353,0.6807278370946224,0.08341278619219332
sub-11181,8.5,m,ASD,01,2.5106370315001376,47.209286097835914,0.46271954682844424,64,61.998046875,247.57432834272524,38.673401919959076,11.341847806027344,13.714203774540849,10.159835004175486,0.7701472744277229,0.12030413363486171,0.035281901937320455,0.042661760323096834,0.03160492967699509,3.40979729064991,2.819952405239147,0.8270146770811156,1.2266528439712832,1.0367200072328497,0.6404040111503991,0.09918501880840118
sub-11181,8.5,m,ASD,02,12.939027000754546,106.89892683082742,0.392455451188088,64,62.998046875,57.8975652906498,27.973803542992005,8.142910401011221,7.372578940357143,2.7351760436982637,0.5560548804591673,0.26866362872082133,0.07820544865563184,0.07080709665036858,0.026268945514001364,3.435356913606057,3.79430369878591,1.1044860240744545,1.234120825256529,1.333500915432587,0.7118286497742508,0.02972895265344005
sub-11181,8.5,m,ASD,04,13.161223933746927,107.80362281878098,0.39651969673487136,64,62.998046875,134.61890762331157,37.15259515255244,9.3583976135541,6.560078635390853,2.5384876904496085,0.7076696245720875,0.19530512858605809,0.04919556875555364,0.03448526263532472,0.013344415450970874,3.9699739941311156,5.663437470415811,1.4265679016506325,1.3787595440809746,1.734031034795344,0.6540629794135644,0.050548444306927835
sub-11181,8.5,m,ASD,05,3.8090845336358803,58.17597691191742,0.45948293075121377,64,62.998046875,110.3388181869447,39.1770280596215,9.218086998521999,6.536336075672606,2.1516857672037104,0.6590462889348733,0.23400173554918416,0.055059009397415676,0.03904109274221733,0.012851873376303535,4.250017174485203,5.993729148265083,1.410283512322616,1.4469230239835278,1.7907137807305649,0.6821702866942045,0.058118195622518125
sub-11181,8.5,m,ASD,06,10.265859813084873,95.3451892820387,0.3900896930854243,64,62.998046875,98.76461843569075,36.321334507372256,10.352174849466136,6.949419154234794,2.3754853966533123,0.6381667310351781,0.2346899899633359,0.06689048859222868,0.044903611986705415,0.015349178422545537,3.5085704246235605,5.226528102745646,1.4896460581394493,1.2552086680821217,1.6537472149484813,0.6961344689330637,0.03963137831833042
sub-11204,11.3,m,ASD,01,8.257763230113525,85.60796476802898,0.41049467103037385,64,62.998046875,36.74587258919017,17.138507485457897,17.521806185719374,8.299563975323409,2.084639469887069,0.4492688287886192,0.2095418244998151,0.21422817825899435,0.10147358394059953,0.025487584511959798,0.9781244755135546,2.0649889001895425,2.111171892621563,-0.022118341469878722,0.7251248511877324,0.7782086277640687,0.030934923700382526
sub-11204,11.3,m,ASD,02,2.960507565228924,51.30611412557219,0.3520684975581343,64,61.998046875,40.60060423268662,16.439496413777643,14.824115132395576,7.48200834465501,1.6121307810862007,0.5014998671913315,0.20306114709407397,0.18310790961431583,0.092417988896532,0.019913087203734168,1.1089698283475158,2.197203699394358,1.9813016037309865,0.1034315018192202,0.7871855061707345,0.7660742964244764,0.03346923017867604
sub-11204,11.3,m,ASD,03,13.823584999049908,110.46783949175769,0.398337493292886,64,62.998046875,38.11081836663957,17.58124131932004,15.284452468436829,9.87107704246332,4.61283165941265,0.4459470007845388,0.20572378585506873,0.17884831732975068,0.11550466219987861,0.05397623383075155,1.1502696191194972,1.781086424884277,1.5484077778630179,0.13999636630403745,0.5772235291741823,0.7899543900000849,0.03499801713524377
sub-11204,11.3,m,ASD,04,3.3595157836231424,54.65823928132855,0.41421323948100097,64,62.998046875,37.588048526131175,17.77453378556673,14.339876760219324,8.646571283303475,2.146125651820948,0.4669603786200816,0.2208149492127403,0.1781458347501644,0.10741728710417024,0.026661550312830996,1.2395178900612558,2.055674232384725,1.6584466015920045,0.21472250567763443,0.7206038877551838,0.7759679647625204,0.026402448225026003
sub-11204,11.3,m,ASD,05,14.492766425462026,113.0667029555967,0.3979783964334845,64,62.998046875,43.530430518941436,17.948753902144453,15.478735572397387,11.062880237780712,4.9114707032055485,0.4684102742914365,0.19313801031291578,0.166559316981632,0.11904239643063814,0.0528500019833668,1.1595749419061459,1.6224304626245751,1.3991596437548641,0.14805350857542132,0.48392531051105436,0.7854969641531724,0.045889408045642434
sub-11204,11.3,m,ASD,06,3.640153014498654,56.89647267019285,0.45188912973811024,64,61.998046875,42.504287550040075,18.006839297594848,17.32281602476034,10.636001788728302,3.814883176644411,0.46057719937192687,0.19512242390753284,0.18771033582262056,0.11525190042534116,0.0413381404725676,1.0394868404684183,1.6930082991031679,1.6286962308634512,0.038727168753812914,0.5265070051491795,0.7778215023955413,0.033067820838606383
sub-11215,11.4,f,ASD,01,3.9639269627444476,59.363039618594534,0.4019979427968352,64,152.998046875,149.87051792355328,17.136029927633498,9.59528614279823,3.080014973054441,0.946512184699612,0.8297175314437577,0.0948689885595434,0.05312170293532997,0.017051668704822165,0.005240108356541406,1.7858800324045792,5.563619033525083,3.11533749892115,0.579911309092227,1.7162488018258344,0.6274708962279048,0.0643603653551846
sub-11215,11.4,f,ASD,02,1.488544847997535,36.262544518178224,0.4520394530586603,64,152.998046875,79.88112973814746,15.101282580477902,9.141954733048228,3.1582044926054142,1.093682553974167,0.7370722526147383,0.13934124874612333,0.0843538541640322,0.029141111389051875,0.01009153308604514,1.6518658231685408,4.781603792861133,2.894668396061815,0.5019054509579737,1.5647760117477387,0.6736319493154967,0.06184277861343667
sub-11215,11.4,f,ASD,03,3.050332270479042,52.03145498624989,0.3832212536500333,64,152.998046875,107.09887965064924,16.4389459057667,13.611635780640539,3.109669352357923,0.9707472994828282,0.7583301860465252,0.11639849966491463,0.0963792929263206,0.022018494929255464,0.00687352643297714,1.2077127371528822,5.2863967332399815,4.377197135224383,0.18872827086356198,1.6651368669488251,0.6624180740644737,0.05722287538818844
sub-11227,10.8,m,ASD,01,3.64008324338279,56.89650446110293,0.45207009983393037,64,61.998046875,53.42981237256093,8.2825839457261,13.209239554173774,13.469685236470708,1.859664852747991,0.5920136140700623,0.09177278073441532,0.14636116617919565,0.14924695938712265,0.020605479629193,0.6270295812076778,0.6149055304796169,0.9806643082057531,-0.46676156050237394,-0.48628663195079813,0.771066727953232,0.0670124132225273
sub-11227,10.8,m,ASD,02,2.960119109721839,51.30458475758681,0.35194975429655956,64,61.998046875,80.82548696219537,13.326765853958463,26.66005232026778,13.54300086849673,1.3399420797100354,0.5956397744435882,0.09821099885271538,0.1964700510635468,0.09980453302278011,0.009874642617362333,0.4998777081853869,0.9840334489646051,1.9685483726344228,-0.6933917941045503,-0.01609538965734401,0.7601070844649156,0.07105555136556506
sub-11227,10.8,m,ASD,03,4.694090473938439,64.62440423011728,0.3802196466275779,64,62.998046875,64.73842140270915,12.925204422248807,23.765398475049118,14.408424322135701,1.3732258561616255,0.5523253039098552,0.11027327058544605,0.20275797047348165,0.12292757793832647,0.011715877092881986,0.5438665139916847,0.8970588409442443,1.6494099523801935,-0.60905144092815,-0.10863382158946239,0.7718862759367575,0.06023044770489682
sub-11227,10.8,m,ASD,04,13.82307646500163,110.46782894627269,0.39817799895664846,64,62.998046875,45.835734386780246,11.703398675485671,23.673563261314516,13.463524055429035,1.115408363913075,0.47849415432521597,0.12217558913100997,0.24713603445294133,0.14055011102860732,0.01164411106221507,0.4943657423388373,0.8692671121841625,1.758348197979163,-0.7044796666251765,-0.14010482213983494,0.7779627611886378,0.06212655415038193
sub-11227,10.8,m,ASD,05,9.147599357664639,90.07115378853702,0.40972592343926,64,62.998046875,32.42323305196405,10.452500502399413,21.91475166482224,13.923442280639941,1.132826850224978,0.4060682655905986,0.13090701791803833,0.27446014359891224,0.17437706008185339,0.014187512810584838,0.4769618502762861,0.7507123807258854,1.5739463864688377,-0.7403187697485707,-0.2867326822973253,0.7889178371089862,0.05138934790930251
sub-11227,10.8,m,ASD,06,6.921193298612566,78.41937500720002,0.4149963397218232,64,62.998046875,62.86460134893068,12.536699147519768,29.57200036525555,13.869087400088555,1.5493894254489025,0.5221669000705452,0.1041325195819252,0.24563139554329144,0.11519962298519983,0.012869561819029944,0.4239381507058563,0.9039310796641757,2.132223953326922,-0.8581677053670593,-0.10100216080578471,0.7634334641605958,0.06915845281037691
sub-11229,11.2,m,ASD,01,4.030582482006199,59.85486505544048,0.44218140579594206,64,62.998046875,86.1783630011694,29.360293255099343,19.693332816544075,10.250817074229545,1.9864618128633273,0.5843818457456451,0.19909431748913065,0.13354194463010566,0.06951154783664142,0.013470344298470363,1.4908747812575793,2.8641905364703044,1.921147619154282,0.39936304919588705,1.0522857749827108,0.7504425664947117,0.05410591880663407
sub-11229,11.2,m,ASD,02,12.264331037930322,104.13622531442462,0.3840181678419097,64,62.998046875,76.77347479495877,32.62548793076436,17.528980335242945,10.401384156942006,3.7361488114001427,0.5442400008561097,0.23127904040805666,0.12426130637095743,0.07373444197488056,0.026485210389988557,1.8612313612542097,3.136648684299059,1.6852545844624163,0.6212382908648075,1.143154931958172,0.7665983451660547,0.04032242854112374
sub-11229,11.2,m,ASD,03,3.8024794403438107,58.175925388176466,0.4595917794624381,64,62.998046875,133.04752808276365,51.114483352108934,20.79589697719453,11.757454983214277,3.76405546304661,0.6034464748306259,0.2318333548627185,0.09432126175258616,0.05332676874828455,0.017072139805780408,2.457911933693474,4.347410508913622,1.7687413651068504,0.8993121820615996,1.4695803825407532,0.7404930893043413,0.05351008801512152
sub-11229,11.2,m,ASD,04,13.821585809730315,110.46784352692586,0.39769319105122397,64,62.998046875,204.127856543727,40.78850169369611,31.944350015985155,24.934711309165642,13.173196488524114,0.6480895115931494,0.12950020927506875,0.10142073968030721,0.07916570108407354,0.041823838367397705,1.2768612187533637,1.6358120688849207,1.281119705775041,0.24440489358262213,0.492139359262519,0.7622366058783773,0.08896769870487037
sub-11229,11.2,m,ASD,05,3.3568740100082346,54.659640069523995,0.41451009910981446,64,62.998046875,156.93482416609658,28.65543747455689,25.056570166296506,23.415456263406934,13.533798603747643,0.6338340248998345,0.11573461381994361,0.1011993788063251,0.09457118881780698,0.05466079365608591,1.14362968612121,1.2237830069251157,1.0700867787681418,0.1342071396121837,0.20194688644994627,0.7686604738872986,0.09891543728010142
sub-11229,11.2,m,ASD,06,14.490096902674875,113.066713935854,0.3979778405252229,64,62.998046875,200.9292671784774,26.367479589934394,18.626577149057972,9.716812803743679,2.7989361176102383,0.7774724811204796,0.10202590227669811,0.07207337862829442,0.0375980794893331,0.010830158485190792,1.415583731725316,2.713593451113194,1.9169430887749157,0.3475419772822555,0.9982737532551117,0.7328614888333984,0.06081158793001474
sub-11235,11.3,m,ASD,01,1.6039972918376195,37.679904138391926,0.7088602859569555,64,61.998046875,127.80726378877944,15.015031143627908,6.188251746038182,9.087079844612623,4.261667969509094,0.7871878489508318,0.092480268472189,0.038114551836275934,0.05596895375169649,0.026248376989000566,2.4263769089934564,1.6523494236190832,0.68099453860376,0.8863991607765666,0.5021981682405213,0.6551110832226661,0.08142389113886647
sub-11235,11.3,m,ASD,02,10.70830724055903,97.37081123098199,0.39157349387595464,64,62.998046875,1675.677403467227,201.7727603874811,36.90314464579691,27.675429936696336,14.665928964595306,0.8563816477776167,0.10311918550654897,0.018859940317003495,0.01414396962273385,0.0074952567760965495,5.467630531872752,7.29068205440713,1.33342624595919,1.6988453474260579,1.9865971019194084,0.5834278199096017,0.07806400297311632
sub-11235,11.3,m,ASD,03,9.597468955794335,92.21776208230982,0.4019917981446775,64,62.998046875,42.25712398062631,7.983421049946164,4.3411019475678545,4.436586254166947,1.3305025217704787,0.7002155629709327,0.13228812418670416,0.07193360214301514,0.07351581103945651,0.02204689965987489,1.8390309986654694,1.7994513332060538,0.978477978082723,0.6092388017420545,0.5874818035512188,0.7064764566031416,0.05559934438251256
sub-11235,11.3,m,ASD,04,3.811747558249042,58.17198164550644,0.45985761407813996,64,62.998046875,55.9410850859865,9.078941124332383,3.724060732641144,7.796040821478958,6.279617564185937,0.6754558935675807,0.1096229056043031,0.044965855882123255,0.09413263456129374,0.07582271038468699,2.4379143564318464,1.1645579252635168,0.4776861509473456,0.8911429018252036,0.15234155171024155,0.7276220932476888,0.09006852893314167
sub-11235,11.3,m,ASD,05,3.5892255694362776,56.44495789753488,0.45174535305202324,64,62.998046875,52.921976561828345,9.12992004336029,3.508584689805421,7.872707409104625,5.715613286790253,0.6686390094434999,0.11535133588517422,0.04432896773610372,0.09946717083615213,0.07221351609905761,2.602166072800145,1.1596925389098756,0.44566430676026003,0.9563442031113945,0.14815491732181696,0.7375148251103703,0.08575471670421264
sub-11235,11.3,m,ASD,06,3.590041479292804,56.44497882085561,0.45189267633127617,64,62.998046875,40.03025398296181,8.682823599032078,3.617130459783712,6.425795930870805,4.018683524358703,0.637681453768602,0.13831727317552808,0.057620843751012014,0.10236285017232565,0.06401757913251638,2.40047288743599,1.3512448407078586,0.5629077702897057,0.8756657543765494,0.3010262718015601,0.7421602491994145,0.08102914093037908
sub-11242,12.7,m,ASD,01,8.266794855698846,85.60796037243561,0.41043665853573197,64,62.998046875,39.28711470642392,16.056473776781637,20.74781944706816,17.855118974179483,3.082075095500473,0.40490240915191456,0.16548186252120933,0.21383199406581013,0.18401913050533103,0.03176460375572465,0.7738872905533105,0.8992644518359252,1.1620095882346506,-0.25632903543605506,-0.10617812554751618,0.8223227357464837,0.04381792533649722
sub-11242,12.7,m,ASD,02,6.038446218560579,73.2214664721522,0.37560521462740776,64,62.998046875,83.62389454053584,19.338947174819857,12.577904247631146,13.785311361757747,2.4575832280079606,0.6345544423403665,0.1467477077860692,0.09544359371826701,0.10460563468983412,0.018648621465455567,1.537533343717457,1.402866186139779,0.91241350431322,0.43017940743413224,0.33851741962215337,0.7617946898846523,0.07113207630047168
sub-11242,12.7,m,ASD,03,12.717947320035005,105.98743537938802,0.3880255982439586,64,62.998046875,37.70517784030299,16.777671050491954,14.923710296506464,19.39777489571958,4.426888963887288,0.4044265065720701,0.17995764189482177,0.16007202103309962,0.2080609291799121,0.047482901320085646,1.124229210909995,0.8649276084853085,0.769351658978105,0.11709765497897433,-0.14510946516472933,0.8352515581200436,0.04338177719644786
sub-11242,12.7,m,ASD,04,8.708641210613031,87.86815266451903,0.41882670587078,64,62.998046875,54.69325834482955,16.89015423167921,18.375189595064423,20.011680488372257,6.176818683062401,0.47089645555000037,0.14542036810543157,0.15820618321587127,0.17229599582750849,0.05318099730117973,0.9191825828134579,0.8440147863390262,0.9182232149738934,-0.0842705008282505,-0.1695852651805472,0.8209913082911103,0.04883339025432572
sub-11242,12.7,m,ASD,05,10.267029964142639,95.34438599154083,0.39047612017296646,64,62.998046875,30.80315494416802,19.90792448246633,21.192837188981613,21.49148086556901,5.508664637444235,0.3114447908845368,0.2012852056428969,0.21427671154256459,0.21729624046979093,0.055697051460200715,0.9393704252498924,0.926317018682478,0.9861040903390315,-0.0625453884801676,-0.07653875013639862,0.8439689220034976,0.03269636849701904
sub-11242,12.7,m,ASD,06,9.157145269595206,90.06948878254316,0.40986021906693854,64,62.998046875,104.69530763100826,25.88881954077263,25.351839651673146,22.774464523835842,5.503847356637059,0.568334378679061,0.14053644333608659,0.1376214690307423,0.1236302890528878,0.029877419901216933,1.0211811015088614,1.1367476725380812,1.1131695160225918,0.020959900053453873,0.12817126625057684,0.7886188716125342,0.07044084374047253
sub-11243,8.6,f,ASD,01,5.367070690384708,69.06009122912037,0.34797538727930244,64,62.998046875,77.33463921444505,12.430414576409506,13.91444966762999,10.309782278043276,3.2663220465449045,0.6595389395577257,0.10601125874854646,0.11866766912651314,0.08792570754583161,0.027856425021374632,0.8933457573479333,1.2056912785521505,1.3496356462601755,-0.11278158676294224,0.18705307760103024,0.7056784604665849,0.046152339468031656
sub-11243,8.6,f,ASD,02,4.030560972399207,59.85349218653532,0.4422862293728465,64,62.998046875,73.48044702989169,13.425276328886685,15.63078515918942,12.918902914722954,5.504282522600563,0.6074787776583717,0.11098966845806321,0.12922308785740388,0.106803369719982,0.04550509630617114,0.8588996772816007,1.0391963170174152,1.2099158312719167,-0.15210315394449755,0.038447642312442055,0.7294021084263832,0.03507005661035756
sub-11243,8.6,f,ASD,03,9.372414057575298,91.15070830074305,0.4055812204244511,64,62.998046875,77.8052117783311,14.088206633171358,15.303549412400287,31.693349662745966,49.800289502795366,0.41234279236105986,0.07466299917069757,0.08110392804691298,0.16796463887849394,0.2639256415428304,0.9205842549019987,0.4445161771502788,0.4828631108812207,-0.08274675082795788,-0.8107688306514814,0.7479458804261292,0.0799899351316716
sub-11243,8.6,f,ASD,04,6.7005756009036865,77.15411004940421,0.42432697454132173,64,62.998046875,3309.507062572168,63.02862660307612,33.5135894183006,39.65414010733083,41.76053799607933,0.9489724062142468,0.018072911257489166,0.009609730690963747,0.01137048026867295,0.01197447156862706,1.88068863100222,1.5894589173407008,0.8451472993132467,0.6316380028592259,0.46339365475645233,0.614335439827046,0.09807947963299854
sub-11243,8.6,f,ASD,05,8.259395298573706,85.60732161347654,0.41017913404272743,64,62.998046875,7641.6128749292,1310.9659588477866,338.6211538012055,220.90584205394424,31.628385853423797,0.8006942253829744,0.13736404736844277,0.035480991628178665,0.023146688399547505,0.0033140472208565822,3.871482759217731,5.934501082717625,1.532875503213329,1.3536375755782961,1.7807829609590315,0.6137450201857314,0.031414809584480285
sub-11243,8.6,f,ASD,06,3.359977587323103,54.65969600382679,0.4143380683196831,64,62.998046875,97.41430011753896,11.752967268098976,13.573711623243199,42.71133942445552,66.72963403882042,0.4195601728744198,0.05061964180660564,0.058461527602456015,0.18395632808530724,0.28740232963120704,0.86586245489205,0.2751720603116751,0.31780112274987304,-0.14402921110335654,-1.2903587031071284,0.7306117819033973,0.09050513609688172
sub-11244,12.0,f,ASD,01,3.0497084340025733,52.03311574538147,0.3833662282457874,64,152.998046875,7441073.218668805,895711.5271482157,121905.31267169517,61150.83204904876,4312.893433733518,0.8729398139978095,0.10507923130533826,0.014301162996486686,0.007173830223949561,0.0005059614764157964,7.347600424605517,14.647577099683128,1.993518462249468,1.9943737870780982,2.684274936098197,0.4820169851810634,0.00039474751424644565
sub-11244,12.0,f,ASD,02,3.505095256301741,55.81906431092947,0.4180958561036134,64,152.998046875,48.347259249619356,19.545036425892953,11.121793003852694,6.856598156335473,3.220808411098649,0.5426697477204574,0.21938161854562593,0.12483563075289335,0.07696130968889243,0.03615169329211959,1.7573638008835994,2.8505442466145627,1.622056995359218,0.5638148457587154,1.0475099397737673,0.754599835189484,0.07449314324907892
sub-11256,12.4,m,ASD,01,1.375747856804104,34.89012586426958,0.5739641971532121,64,61.998046875,37.583652968152265,11.996311827741051,15.976959159984812,8.523325192853376,1.8728966763197283,0.4948268114492731,0.15794358084091642,0.21035282984572581,0.11221819847311787,0.024658579390953624,0.750850753739531,1.4074685121480865,1.8744983675360964,-0.2865483770079212,0.3417927093059419,0.7546162677695891,0.04117539426154712
sub-11256,12.4,m,ASD,02,12.70955426430184,105.9867393126685,0.388028099877682,64,62.998046875,39.415466482264655,12.168244093845292,12.270602220564273,6.997782632039752,0.8492020603014077,0.5497176182662878,0.16970744630819679,0.17113500941100757,0.09759631801797886,0.011843607996514892,0.9916582638015573,1.7388714016537958,1.7534986246044366,-0.008376723183755751,0.553236283042535,0.7274445842425725,0.0623982049735339
sub-11256,12.4,m,ASD,03,11.150227059515535,99.35330607303821,0.4004032491448533,64,62.998046875,43.526243671987906,13.869094081600517,15.433411588553632,8.11170699942536,1.4983289271944347,0.5279825937522709,0.16823506115944312,0.1872105652483644,0.09839673125920007,0.018175048580709393,0.8986408482675206,1.7097627025459998,1.9026095974182802,-0.10687182570332222,0.5363545904441963,0.7611306891772613,0.03821070919550573
sub-11256,12.4,m,ASD,04,5.138726424161512,67.61459978248881,0.35682272360223216,64,62.998046875,36.99954510419158,13.358120120671675,16.320288929378684,8.134790001489401,1.5379867040377002,0.48459975022566554,0.17495733138699002,0.21375419391012018,0.10654501810113912,0.020143706376071907,0.8184977716065106,1.6420977208046292,2.0062335876388437,-0.20028460470785833,0.4959745225387778,0.750999636770847,0.02614044130801758
sub-11256,12.4,m,ASD,05,12.486366666033266,105.0661560251913,0.3842582043047873,64,62.998046875,38.08287602048863,12.373699002992886,18.561781053925664,8.832171784478332,2.541941821494861,0.4737119803692394,0.15391614477979848,0.2308895488225402,0.10986317274818226,0.03161915328022729,0.6666223983056456,1.4009803369922036,2.1016100577373344,-0.4055315128543615,0.3371722322758768,0.7563661573038847,0.049838447997268484
sub-11256,12.4,m,ASD,06,8.256015352973789,85.605308685716,0.4103298299888164,64,62.998046875,43.575037891158104,22.0582961924519,26.53646390917526,16.50272266805655,8.368811497219497,0.3723046985855455,0.18846586744811267,0.22672728872684242,0.14099910146075495,0.07150304377873587,0.8312447456431519,1.3366458757225343,1.6080052027135432,-0.18483100806280042,0.2901633982071501,0.7794891389921936,0.06851682173128243
sub-11265,12.1,f,ASD,01,11.158537019793636,99.35341925877708,0.40060354214338195,64,62.998046875,33.67949315138001,8.031990936385753,8.432790496577077,25.444716595275587,12.889761849158184,0.38065063078393285,0.09077875378480252,0.09530864990642805,0.28757996382475826,0.14568200170006693,0.9524713011244661,0.31566438974905964,0.3314161690502968,-0.048695302488129664,-1.1530756875342199,0.8561143947129736,0.06972192941202927
sub-11265,12.1,f,ASD,02,11.601743320484648,101.29538577021573,0.3990869585674989,64,62.998046875,132.11674714605257,48.86459828554849,33.984100599140596,58.78430575359991,20.09471471092902,0.44961454854613886,0.1662940904362233,0.11565336248959941,0.20005245106273198,0.06838554746530295,1.4378664559032865,0.8312524518086228,0.5781151986652298,0.36316038704708137,-0.18482173747219469,0.8358983241318729,0.060755748886499324
sub-11274,11.3,m,ASD,01,2.9599287811064796,51.30765382827888,0.35228342570339133,64,61.998046875,74.13117216679301,17.922636457603215,23.057920375720343,8.012523917049037,1.8641564659352319,0.5931043728988792,0.14339438789614933,0.18448046894528866,0.06410613557365835,0.014914634686016429,0.7772876376342559,2.2368278264312216,2.8777349826881458,-0.251944807112371,0.8050587132658051,0.7247022420624449,0.06426934825663165
sub-11274,11.3,m,ASD,02,6.253057890771239,74.55670358933382,0.3991935884760827,64,62.998046875,69.95620459027778,18.522487903452365,35.30704358820033,7.099600328747536,0.8572502059390159,0.5310067639240772,0.1405960546178918,0.26800023056285355,0.053889941825781586,0.006507009069388367,0.5246116927683542,2.6089479753457288,4.973102985140008,-0.6450969228759464,0.9589470654980812,0.7303709726812408,0.06413319832651944
sub-11274,11.3,m,ASD,03,1.602169802793361,37.68003622959085,0.7083929161874511,64,61.998046875,701768.3472722498,200032.5852469394,114373.62805750854,41011.46172594806,7783.260084877716,0.6589564214462372,0.18782944123842915,0.10739617559775776,0.038509525489792217,0.007308436227783634,1.7489397568673821,4.877480022136793,2.788821057434879,0.5590097511135611,1.5846286975839923,0.6705648677659508,0.002653283638206492
sub-11274,11.3,m,ASD,04,0.9258218002838926,28.49956077729522,0.37790090355120715,64,61.998046875,365625.361194948,23530.602751967836,8947.627109039075,6573.555236414166,1600.3527105504807,0.899939972290517,0.05791756326578829,0.0220234375051491,0.016179963824102715,0.003939063114442821,2.6298148621098365,3.5795854610942057,1.3611549286866491,0.9669134490768114,1.2752470007176377,0.36473274056405575,0.05801537827994932
sub-11274,11.3,m,ASD,05,11.823117783837679,102.25211423017198,0.39332749621570295,64,62.998046875,92.03035025510223,20.93412987664738,23.041824388913618,6.886365908353056,1.1190576472629417,0.6390476073334496,0.1453640627488268,0.15999963820105548,0.04781809093149332,0.007770600785167987,0.9085274465818234,3.0399386490996014,3.346006398085947,-0.09593018072512706,1.111837333997298,0.7093774674896656,0.0685873765474186
sub-11274,11.3,m,ASD,06,11.823388384228773,102.25268259834101,0.39277909563486274,64,62.998046875,20509.974946130802,11619.88904985307,1154.7644967742867,189.38327618813295,24.329260424214226,0.6122683785489009,0.3468795376960621,0.03447228911311811,0.005653512095482174,0.0007262825464366411,10.0625617451108,61.356468658351,6.097499842737645,2.3088217788859353,4.11670060420259,0.6802923683736505,0.039856472431575495
sub-11321,10.4,m,ASD,02,6.255695560264401,74.55568322732881,0.3994482104637135,64,62.998046875,33.51779976034907,9.933485086592595,13.64903835880222,4.672280050378114,1.0538534815445175,0.5334981710062525,0.1581099046866507,0.21724985089950102,0.07436803367548268,0.016774039732097148,0.7277791171409372,2.126046593843745,2.92128001995401,-0.31775768734432563,0.7542641958808975,0.7358860558257894,0.04382961139817929
sub-11321,10.4,m,ASD,03,8.258405452301924,85.6079193770768,0.410436658535967,64,62.998046875,33.88270724286735,12.487320758692453,10.5188804239436,4.370065310944686,0.8290190949383135,0.5457207697933277,0.2011229577448947,0.16941891570741807,0.07038503117361981,0.013352325580723535,1.1871340157329866,2.8574677653936904,2.4070304847840602,0.17154201214671302,1.0499358359211606,0.7368047801068074,0.045397951361997375
sub-11321,10.4,m,ASD,04,9.817071384249331,93.27131652734062,0.39808392255123,64,62.998046875,48.353294187805446,11.369045504682564,12.106094153092586,3.9522879451329382,0.6939267689337657,0.6322787367906778,0.14866423996463346,0.15830205670903005,0.05168102135245844,0.009073945183187345,0.9391175519461264,2.8765731805244976,3.0630597570699836,-0.0628146191681759,1.056599717819692,0.7113184576580622,0.05921445509792328
sub-11321,10.4,m,ASD,05,14.047979967340403,111.34183406171138,0.39790420851824543,64,62.998046875,47.666979055284656,14.185352123594303,19.60966452198607,4.92540335410308,0.9022329802983351,0.5460783594095787,0.16250901502097093,0.22465055774393938,0.056425983696587016,0.010336084128912444,0.7233857625503574,2.880038669680604,3.981331702640427,-0.323812640953909,1.0578037210302162,0.7285129656700278,0.04744277145577461
sub-11323,10.0,m,ASD,01,11.37636505593246,100.33016695623596,0.4017651177189941,64,62.998046875,46.644465955635155,15.507098625879813,15.018120011375512,23.965178401608092,3.6035308934939567,0.445342574238024,0.1480555319805934,0.1433869611122334,0.2288098710701663,0.034405061598973406,1.0325592427103318,0.6470679402427741,0.6266642275597311,0.03204042213474712,-0.4353039818909311,0.7984461371873962,0.04074741207364758
sub-11323,10.0,m,ASD,02,3.805280927054746,58.175969957705775,0.45953931190234837,64,62.998046875,256.5999900236239,37.941472322514095,21.141459968088498,30.079899242848228,8.32502251818585,0.7246789019085429,0.10715271071110144,0.05970682225282738,0.08495038659518266,0.023511178532342844,1.794647691303354,1.2613563634703253,0.7028434436366795,0.5848087304219501,0.23218762092013145,0.7832953454997382,0.07494145118943688
sub-11323,10.0,m,ASD,03,12.266743485823135,104.13788124080169,0.38406336356701104,64,62.998046875,389.3340867614082,30.18539606093996,19.029862754195808,44.95159814356688,49.64882818616601,0.7302527493716137,0.056617103957509025,0.035693277493403966,0.08431326526285919,0.0931236039146121,1.586211968569397,0.6715088519107342,0.42334118340837645,0.46134876407390074,-0.398228080811231,0.6888623419366668,0.11820758252359412
sub-11323,10.0,m,ASD,04,14.269548629858447,112.20715908986378,0.39778503482522015,64,62.998046875,243.76815181565985,24.48963916334193,16.63870729833792,28.40399341741723,10.488664894902065,0.7528607640329005,0.07563452532284089,0.05138747533606957,0.0877237326801953,0.03239350262799077,1.4718474653248326,0.8621900027734871,0.5857876057714666,0.38651839083739953,-0.14827961175659674,0.7239622653492302,0.07613903987991552
sub-11323,10.0,m,ASD,05,1.376812320175307,34.885636785017965,0.5735870886625043,64,61.998046875,60.68599911024798,16.715673913042785,19.092977813921156,26.53014092033105,3.407234887322467,0.4799891350370285,0.132210756693755,0.15101377649787437,0.2098371878104215,0.02694914396091279,0.8754880498972825,0.6300635176887547,0.71967117970673,-0.1329737768098824,-0.46193464295048575,0.791446862834451,0.05082523659516073
sub-11323,10.0,m,ASD,06,3.3610973231466743,54.65831339440198,0.41422501008182977,64,62.998046875,156.09851783543303,39.48473773249901,20.247820374099806,32.57517947464869,9.072379123374791,0.6062581391045421,0.15335151129347904,0.07863883700591018,0.12651604873095176,0.035235463865113,1.9500734895398593,1.2121111339762962,0.6215720281712291,0.6678670588090634,0.19236357814336053,0.7719897771755757,0.05526486405692236
sub-11325,14.5,f,ASD,01,6.481412188395341,75.86478390241594,0.41825592908582876,64,62.998046875,38.23370977187866,9.51058349161022,4.078070368369341,10.44754757775546,12.81140640204543,0.5092306713320249,0.126670439386818,0.054315380950853455,0.13914976335115567,0.17063374497913478,2.332128343192566,0.9103173180908886,0.39033757329345214,0.8467813026482861,-0.09396203905449112,0.7745580546187214,0.09226941036075362
sub-11325,14.5,f,ASD,02,0.6990960276434968,24.68511600894601,0.32371441261473655,64,61.998046875,19.028813571648833,5.59775402958653,2.781835094664097,3.883779911469508,1.6512003351714106,0.5776217216318731,0.1699204371132717,0.08444290920322513,0.11789256489667295,0.05012236715492677,2.0122522863852357,1.441315974948504,0.7162700147987573,0.6992546352244288,0.36555656775378825,0.7587699388870583,0.0666643257581205
sub-11325,14.5,f,ASD,03,6.365515746980128,75.21418717180273,0.3759369089615489,64,125.998046875,26.60046427822047,7.9693090234963435,3.2683592529368086,3.7818716032299573,1.7863124234897776,0.6128247308972243,0.18359791042292614,0.07529685793102428,0.08712721790479586,0.04115328284400625,2.4383210065824383,2.107239446386266,0.8642174023424166,0.8913096903910945,0.7453787716430417,0.7251191585346107,0.053258244269139964
sub-11325,14.5,f,ASD,04,7.590082255650904,82.09417954006894,0.37856438644652407,64,62.998046875,14.70069201282365,5.358427683914044,2.52848723534419,3.776172335651935,1.9960797638848098,0.5183626616914144,0.18894408741382324,0.08915725682998178,0.13315201360633414,0.0703839804584111,2.1192227546217013,1.419010364893085,0.6695900002950981,0.7510493962822232,0.3499597025158165,0.7616554987882651,0.0507605632685829
sub-11325,14.5,f,ASD,05,1.151427394040619,31.855432671835967,0.4595437726750574,64,61.998046875,16.85401630384673,7.12779923373517,2.8971087494334093,3.3087526434588463,0.8470391037718974,0.5430697766091428,0.2296718045001471,0.09335058024170181,0.10661456157058474,0.027293277078391277,2.4603146965493448,2.1542254746132614,0.8755894022963302,0.900289267189215,0.7674312504209959,0.7457118976428312,0.034773490818508286
sub-11325,14.5,f,ASD,06,6.700054739132074,77.15398338234215,0.4242604789134268,64,62.998046875,19.825954838441902,6.926801375196333,7.20900752904142,17.426702350277658,26.098928395989745,0.2558603882502419,0.08939262212751643,0.09303458422607865,0.224897255420857,0.33681514997529316,0.9608536746966648,0.39748205001536463,0.41367594305219463,-0.03993314518805155,-0.9226055031012742,0.8578034334753013,0.07174266650165605
sub-11335,10.7,m,ASD,01,1.157468736371647,31.858637682029226,0.4593597007358139,64,61.998046875,32.37190981580129,8.186635949146606,10.192337325678935,7.2007702020365,1.306752494351236,0.5462838459095785,0.1381514713468789,0.17199816954765654,0.12151474725657065,0.02205176593929845,0.8032147767048587,1.1369111524806261,1.415450992005682,-0.2191331329218724,0.1283150696577748,0.7731630426200348,0.05810183125683492
sub-11335,10.7,m,ASD,02,10.490260683285983,96.3630570370212,0.3892943399923793,64,62.998046875,299.0039111925718,20.07874525156712,10.397154820196054,8.082560637123,1.9786574699236341,0.8806120183653204,0.059134960180630844,0.03062120309714874,0.02380437101250132,0.005827447344395664,1.931176903566256,2.4842059531658145,1.2863689227942061,0.658129611661585,0.909953072536782,0.6974466080779056,0.0745303403105879
sub-11335,10.7,m,ASD,03,2.061162071932071,42.712728555091516,0.7451635157578609,64,61.998046875,435.11108325729214,25.261296068893465,12.989274910169588,8.084675404070538,1.7879940258094413,0.900414275120527,0.052275458989004105,0.026879868159243415,0.016730341799260355,0.003700055931963116,1.9447810785122346,3.124590018316824,1.60665385571671,0.6651494147007024,1.1393030804430844,0.6975719937663135,0.08585620428144149
sub-11335,10.7,m,ASD,04,14.497336360443905,113.06605481221423,0.39771899446836195,64,62.998046875,413.59560788680375,212.50924973467045,21.249436504637163,12.451471406290175,1.5169173431771947,0.6254066563820209,0.321339726033035,0.03213172185814017,0.01882813296551145,0.002293762761291201,10.000700474494257,17.066998975502525,1.706580355948998,2.302655137990268,2.837146714408646,0.747070230579624,0.0591866491302742
sub-11335,10.7,m,ASD,05,6.258309918169865,74.55859064821225,0.39901435002708596,64,62.998046875,1047.5903871979772,3117.36914485479,62.1524462301609,33.15961034065618,4.402204784580666,0.2456437321928865,0.7309748168015228,0.014573786704678059,0.007775415412055763,0.001032248888856418,50.156821395421844,94.01103067343848,1.874341875301093,3.915154525006974,4.543412122975085,0.5551278870352421,0.03341297220279507
sub-11386,12.4,f,ASD,01,10.488605389914445,96.36312586226434,0.3894431666781905,64,62.998046875,23.447994295554338,10.638252572523792,18.243167525185257,5.009221275417678,0.6936341281545129,0.4040509595375592,0.18331615512829205,0.31436246745219876,0.08631785889048127,0.011952558991451406,0.5831362650064345,2.123733807633529,3.641916881314145,-0.5393343892280227,0.7531757695529155,0.7612725726516255,0.03517633878176313
sub-11386,12.4,f,ASD,02,2.5148781229035375,47.20745472311223,0.45951590120013563,64,61.998046875,15.6564619643868,10.791998232486804,19.5517270222848,4.989506003208821,0.763203202666943,0.30252339571110604,0.20852935734948036,0.3777900054464732,0.09641017890537186,0.014747062587549162,0.5519716094739701,2.1629392219478554,3.918569696019384,-0.5942586661399986,0.7714680476154615,0.7851210063898507,0.025349277854629128
sub-11386,12.4,f,ASD,03,2.5162025071808882,47.207453302274025,0.4616968813379422,64,61.998046875,23.746264035793008,12.385389787075178,20.664791381099217,5.016585876030478,0.8494542102627477,0.3789550306821841,0.19765238690588594,0.32977931349797146,0.08005724402396315,0.013556024889979288,0.5993474387746646,2.4688882226158593,4.119293856770718,-0.5119138176764204,0.9037679370077452,0.7667450362878928,0.01962645366733051
sub-11386,12.4,f,ASD,04,8.487013089518214,86.74613729437057,0.41804234489164865,64,62.998046875,39.467177656523454,12.507740698689686,18.58918779223304,5.068814715861364,1.2840562426638271,0.5131139982548658,0.1626135239487785,0.2416786058378476,0.06589981700500014,0.0166940549534951,0.6728503062363497,2.4675868817117985,3.6673638383466614,-0.39623240166144597,0.903240702125889,0.7583717842510599,0.04190990771917294
sub-11386,12.4,f,ASD,05,8.263831876211869,85.60525830731191,0.41032778642550183,64,62.998046875,236.832332191606,36.51705494996113,22.804602119913646,18.745671253359106,11.594657035833071,0.7253796450985649,0.11184591273719015,0.06984685764515405,0.05741500003426449,0.03551258448482341,1.6013019985151054,1.948025997917549,1.2165263015495373,0.47081704740343644,0.6668165510848816,0.7451951738558034,0.07602436050828908
sub-11386,12.4,f,ASD,06,12.270224936993591,104.13698947856862,0.3838207194297797,64,62.998046875,28.256401186550757,13.041712899091149,25.91576550605554,5.322243561521307,1.0565846779779848,0.38395653617425646,0.1772147442788136,0.35215126973584765,0.07232025724245845,0.014357192568610351,0.5032347161824445,2.4504163983357543,4.869330989174595,-0.686698585151969,0.8962579686197915,0.756897917379876,0.05134838936378872
sub-11391,12.8,f,ASD,01,11.60327602398056,101.2954264358972,0.39905185756681033,64,62.998046875,2289.0133113037623,102.29169875840867,13.445879019570492,16.00932019943515,8.728658613253913,0.9421789667583803,0.04210420558422314,0.005534447676322819,0.006589583681982447,0.003592796299091007,7.607661693929819,6.389509203645724,0.8398781992032402,2.0291558571053283,1.8546574584984477,0.6234133827572182,0.08807780786053966
sub-11391,12.8,f,ASD,02,11.824605456811666,102.25180905249499,0.39314897244796465,64,62.998046875,49.3816808622879,58.89354721962071,11.01379716044667,8.66792178476252,2.819423872289555,0.37760400080433276,0.45033783102087255,0.08421855633934325,0.06628048878516277,0.021559123050281178,5.347251847992714,6.794425316936273,1.2706387337050886,1.6765827556602302,1.9161024696241933,0.7854903818085587,0.06969221634705221
sub-11391,12.8,f,ASD,03,12.711824814916335,105.98674653751667,0.38800480580153973,64,62.998046875,40.80435077790032,36.25626737391635,5.990046104190642,8.688425150321656,5.2863738771087725,0.42055301151924734,0.3736778588523878,0.06173684619976541,0.08954788625889183,0.05448439716969745,6.052752640508957,4.1729389097136815,0.6894282911521882,1.8005131504722032,1.4286205620854828,0.8114266939949302,0.10712761128531426
sub-11391,12.8,f,ASD,04,5.363562310436982,69.06119683773431,0.34786783542774,64,62.998046875,24.11194552279316,7.94267272969947,6.403105759252245,9.153195212934115,4.3357351532461825,0.4641674389147785,0.15290056356496695,0.1232631020405644,0.17620374829805413,0.08346514718161673,1.240440659319326,0.8677486434982881,0.6995486942312235,0.21546668690677123,-0.14185318748157008,0.8313787311806833,0.07582839522874235
sub-11391,12.8,f,ASD,05,14.269559534969659,112.20708097722523,0.39778721948492657,64,62.998046875,24.329340968409237,16.56917259408324,4.853609117226285,4.944205025526805,1.8624654018689533,0.4628976338711909,0.31525024861805795,0.09234628175982969,0.09406998778397457,0.0354358479669277,3.4137838861545347,3.35123088717674,0.9816763447644754,1.2278213201291928,1.2093277073595097,0.7908754518578811,0.06152428420222341
sub-11391,12.8,f,ASD,06,13.3790615077116,108.69890555717063,0.39837610442351523,64,62.998046875,27.547441303641026,10.745342207364317,3.1051692441970826,6.935113393353241,3.3604433423351225,0.5328994215123812,0.2078663707144435,0.06006884180970925,0.13415830075485943,0.06500706520858718,3.4604690959894286,1.5494111772795713,0.44774599463257436,1.2414041567555694,0.43787497313034146,0.7865071168244067,0.0882779467527872
sub-11405,9.0,m,ASD,01,5.146381933459663,67.61251571974938,0.35688470738613004,64,62.998046875,267.6046669046283,28.993048545970225,15.25813099750255,10.734517716956354,5.058884755872061,0.8167412798471196,0.088488066557317,0.04656849068860431,0.03276222287189447,0.015439940035061363,1.9001703780570443,2.70091766676856,1.4214081526363525,0.6419435548136787,0.9935915918463045,0.6465893749228917,0.07973629960404813
sub-11405,9.0,m,ASD,02,11.601120425456958,101.2958885744944,0.3989970283582762,64,62.998046875,5949.421564127086,137.50032441167048,51.101454548303096,35.331661341089834,37.97740355476264,0.9578333879669337,0.022137009482048112,0.008227132472032347,0.005688258012995886,0.006114212065989806,2.6907321059070264,3.891702772882552,1.4463360229503825,0.9898133149151446,1.3588467926723127,0.42183943062748713,0.0633980789114693
sub-11423,10.6,f,ASD,01,10.707412237936932,97.37130517068917,0.3915426648420278,64,62.998046875,42.00615374075158,12.253325922932572,15.046163574147657,6.294819329420083,2.7139561970650017,0.5363782864451354,0.15646321732666055,0.19212507494217768,0.08037880416841156,0.03465461711760225,0.8143820757063576,1.9465730915678998,2.3902454997912406,-0.20532564262943048,0.6660704376166856,0.7297535485297842,0.06378857825381316
sub-11423,10.6,f,ASD,02,2.9605240686616336,51.30501469472274,0.3519497542968626,64,61.998046875,25.388430116114886,10.544912066878343,30.552892767618214,5.789740103121441,1.691104389466372,0.34323959127804693,0.1425622337160931,0.41306068858754863,0.07827455331080654,0.02286293310749116,0.34513629027147724,1.8213100897553949,5.277075002233841,-1.0638158956949726,0.5995560716717102,0.7256118247189318,0.05845251784955768
sub-11423,10.6,f,ASD,03,3.802798892199961,58.174611781037655,0.4595179651053223,64,62.998046875,27.50419241605126,10.86877021615885,20.958306942930886,5.012205529287301,1.379037314707362,0.41848966820755273,0.16537362641958517,0.3188908362065048,0.07626314553105672,0.02098272363528548,0.5185900867734121,2.1684606013556955,4.181454016692492,-0.6566415214219018,0.7740175155120901,0.7393719386318652,0.042846083341130985
sub-11423,10.6,f,ASD,04,7.589341323639078,82.0941863945811,0.3781804936107551,64,62.998046875,27.394479879008667,12.66072436177655,37.8073414858448,7.188512528055544,1.9449733184821956,0.3148934426505226,0.1455322056975454,0.43458696680947584,0.08263034989141528,0.022357034951029454,0.3348747588220778,1.76124397256903,5.25941094743647,-1.093998671320373,0.5660203619788612,0.7192889634028887,0.06793742490442432
sub-11423,10.6,f,ASD,05,0.4714129629574871,20.161741381554375,0.2900707840944342,64,61.998046875,59.04452574686102,13.409692047921522,15.732203124302782,5.5091070344388395,1.6497815818423234,0.6192703766403841,0.140643437136751,0.1650023813543451,0.0577805773696218,0.01730322749888763,0.8523721656762526,2.4340953922462694,2.8556720764279753,-0.15973203335427932,0.8895751853530158,0.710038690067192,0.06970303068233089
sub-11423,10.6,f,ASD,06,10.929092938964956,98.36717692109772,0.3961308174541954,64,62.998046875,46.07164650630039,12.045847575472465,16.46395343749061,6.380700830082993,2.2069965909405362,0.5539511863369274,0.14483553466998955,0.1979574690747518,0.0767195675110532,0.026536242407266167,0.731649759652608,1.8878565060875763,2.5802735273005872,-0.31245334994417406,0.6354420617034272,0.7497830100365198,0.06275449733158461
sub-11453,10.1,m,ASD,01,3.8097595982867176,58.17491380086416,0.45976192925030324,64,62.998046875,183013.28144330153,18580.117791740173,5481.353668180026,3496.757450331716,651.5151209524885,0.8664456965909275,0.08796445250228055,0.025950549926393375,0.016554811874682503,0.0030844891057160086,3.3896951221374714,5.313527762692716,1.5675532964575631,1.2207399828752894,1.6702559767520746,0.5244865901168252,0.03163626849925532
sub-11453,10.1,m,ASD,02,13.384678677574284,108.69895240416582,0.39836537919323944,64,62.998046875,48.38214797804959,23.850508777295023,20.758107057647457,39.736564124352846,33.28969015935906,0.29142884586607243,0.14366303557748578,0.12503601917217821,0.23935235423398754,0.20051974515027013,1.1489732041104948,0.6002156780001384,0.5223931035578684,0.13886867754206153,-0.5104662250238504,0.8652004842179132,0.07763353828984165
sub-11453,10.1,m,ASD,03,0.25177397613531644,14.271989115022008,0.2715775775650037,64,61.998046875,107.69105254282633,31.275585950352053,22.941518090713803,50.859185303605194,52.89273619476024,0.40537160615258505,0.11772783542082647,0.08635666396066564,0.19144459216735316,0.19909930229856593,1.3632744714923781,0.6149446902000304,0.451079150280591,0.30988950551010197,-0.48622294985404585,0.8537080823066682,0.08755812010695188
sub-11453,10.1,m,ASD,04,12.271285971082241,104.13705264945793,0.38405240992464484,64,62.998046875,96.44177012078232,26.47507511578137,23.11063571448842,42.83027031733457,49.778579891014545,0.40413699645911,0.11094318701244522,0.09684458188829252,0.1794792524224871,0.2085959822176611,1.1455796994447274,0.6181393420966939,0.5395865013986236,0.13591079661050526,-0.481041374291174,0.847028042724796,0.0884725520181598
sub-11453,10.1,m,ASD,05,2.5119015762456254,47.20422861774005,0.46227381822654784,64,61.998046875,100.09143376921374,27.498785215293896,21.804706283722517,17.284522364499143,12.829417494261333,0.5575849064524203,0.15318900933299412,0.1214686877347089,0.09628784824789235,0.07146954823197897,1.261139905187387,1.5909485165625603,1.2615162758854226,0.23201599863775457,0.464330389663393,0.7807898797115684,0.0859040036977154
sub-11453,10.1,m,ASD,06,3.5839884779482842,56.4463466502523,0.4518072220363802,64,62.998046875,84.74202344314814,23.636726228104575,21.346805121185565,19.06820236081035,15.54018288076014,0.5156696384545416,0.14383350282487495,0.12989894307145397,0.11603325738349658,0.0945646582656268,1.1072723104894644,1.2395885978576764,1.1194975130459683,0.10189961307810608,0.21477954864595164,0.8015869692332735,0.09276936172009195
sub-11497,10.7,m,ASD,01,14.046247391548006,111.34110020718767,0.3978010305865268,64,62.998046875,93.91717125125345,38.37240965741632,32.46057899680409,12.62574721389615,2.361671002236039,0.5225238496743896,0.21349130247796191,0.18059984637626458,0.0702454508725705,0.013139550598807876,1.1821233891482064,3.0392189077870846,2.5709828057601816,0.16731230367796737,1.111600544175942,0.7324303095098215,0.0379617795725482
sub-11497,10.7,m,ASD,02,9.592467158074301,92.21779068081187,0.4018028525255251,64,62.998046875,78.22481160490089,39.696117360112396,33.44427809024661,15.391974387818777,3.5558639184440737,0.45930017538499757,0.23307737393720718,0.19636944439138176,0.09037460609753183,0.02087840018887594,1.1869330010052699,2.5790139952107354,2.1728387305992576,0.17137267006256385,0.9474071534881287,0.7529334858196782,0.04270393913934621
sub-11497,10.7,m,ASD,03,3.8031022437383246,58.1746392551191,0.45962208747207184,64,62.998046875,122.2402376999265,51.56990580663727,39.91550090669734,13.092091989736177,2.7092602548126017,0.5325745532329154,0.22467904236781347,0.17390329454885498,0.057039442768706,0.011803667081705809,1.2919769171175093,3.9390118742720914,3.048825270857163,0.25617353919271074,1.3709298985239986,0.7472177573377169,0.0409431414370426
sub-11497,10.7,m,ASD,04,1.8278713866053995,40.2755666067394,0.7930932396410675,64,61.998046875,130.50350984773573,42.6278524187094,36.54740763653461,16.518351478875026,5.587057771089361,0.5630389025025806,0.18391182942033757,0.15767861193156948,0.0712660870092226,0.024104569136285548,1.1663714385064978,2.5806359958633096,2.2125335983601095,0.15389759509532638,0.9480358785794845,0.742793061496557,0.05769541544464352
sub-11497,10.7,m,ASD,05,1.3757087335012406,34.89009901225624,0.5753752298794611,64,61.998046875,82.79556702072485,43.55696272823678,42.78334094721576,18.01005086819328,5.5856258847127185,0.42959011182431195,0.22599809582156558,0.2219841095735415,0.09344630449226873,0.02898137828830707,1.018082313440048,2.41848082756714,2.375525825014247,0.017920772855640504,0.8831395858429028,0.7646952179875476,0.04893546260833853
sub-11497,10.7,m,ASD,06,4.69353775264907,64.62209629149731,0.38077178926209465,64,62.998046875,138.94289493342288,80.977406317191,40.511376731312524,28.76260346405757,17.77916479533843,0.45262186887720124,0.2637928697374417,0.13197029654305995,0.09369736638864262,0.05791759845365113,1.9988806318349333,2.815371230854657,1.4084739158586632,0.692587339795824,1.0350941288664774,0.7225902048559584,0.08166822526191098
sub-11510,11.8,m,ASD,01,9.166742393237934,90.06953712791682,0.4098568244628891,64,62.998046875,66.7039485546932,14.437244795599854,13.064592839896527,30.812304413739785,31.97262794105538,0.42489103287707525,0.0919624098125448,0.08321888682962404,0.19626831891281848,0.20365935156793116,1.1050665698138278,0.4685545294418664,0.4240057044896115,0.09990557733058757,-0.7581027925250864,0.8456134128468207,0.08307464698546715
sub-11510,11.8,m,ASD,02,5.822137816073659,71.86187251967662,0.35626262281699,64,62.998046875,84.4427517566236,15.881928807996978,12.52649416836939,18.39556644778946,15.449245131429901,0.5756309622330475,0.108264235493095,0.08539084458459202,0.12539924854275508,0.10531470914650358,1.2678670180599387,0.8633563338792756,0.6809518045514701,0.237335975168242,-0.14692777175247387,0.7927922830671444,0.0754599253328566
sub-11510,11.8,m,ASD,03,6.044020150087096,73.21941708474178,0.3748431603218491,64,62.998046875,94.96841864135105,16.996780464002384,12.125152868580662,14.419851539597914,6.463950605450794,0.6550713761254862,0.11724007335854301,0.08363665194162301,0.09946498137704733,0.04458691719729347,1.401778653697962,1.178707035736593,0.8408653053939777,0.337741897188178,0.16441810529735706,0.7523706691737722,0.07617308393974863
sub-11510,11.8,m,ASD,04,3.8167316275471834,58.1759719759718,0.4595427018565463,64,62.998046875,68.51095892297457,12.456541069763528,12.365520208831635,17.897398771769016,9.825966563490873,0.5659425450310555,0.1028986700249175,0.10214678188181578,0.14784349204217606,0.08116851102002699,1.0073608598258468,0.6959972914841414,0.6909115881317938,0.007333900910272607,-0.36240951020098316,0.7888567704068826,0.07942185402389743
sub-11510,11.8,m,ASD,05,7.155667693960593,79.66414356742845,0.39771904404346325,64,62.998046875,55.04318955787258,11.996472448332872,11.590850068484867,13.66927369903591,3.417020047306944,0.5750629587534419,0.12533297935958282,0.1210952451772866,0.14280954720317288,0.035699269506505406,1.0349950501861673,0.877623252885638,0.8479492271269334,0.03439664427715617,-0.13053787437656045,0.7568818259305432,0.0804543087272278
sub-11510,11.8,m,ASD,06,8.71254325164139,87.86820387391387,0.41875191011814134,64,62.998046875,80.65018452434428,15.987924801527733,11.096735025594812,15.158166952690626,8.493297132713714,0.6138400985905977,0.12168638415782518,0.08445883865385043,0.11537097839972989,0.06464370019798929,1.4407773786298281,1.0547399861359072,0.7320631221590004,0.36518281419410975,0.05329427791322047,0.7885612094428605,0.08697983704904586
sub-11535,9.3,m,ASD,01,4.923536237127973,66.13681898832029,0.36838332586166656,64,62.998046875,72.0804048033682,19.29646272296149,11.938312627925276,26.908295124336473,11.589209269863398,0.5082789669547446,0.13607007570869376,0.08418367275069874,0.1897453335011242,0.08172195108473174,1.616347579793054,0.7171194843001635,0.44366663041121296,0.4801690234767718,-0.33251280749605977,0.7835525690179572,0.07540441713467518
sub-11535,9.3,m,ASD,02,5.144751110104535,67.61459583460696,0.35687567102237355,64,62.998046875,76.15927869570588,21.408227549815567,11.199632033571575,24.33691227171582,9.901175488771544,0.532562905600571,0.14970241397954323,0.07831624300549485,0.1701819782794496,0.06923645913493448,1.9115116894591893,0.8796607930700877,0.46019116593468784,0.647894389468762,-0.12821890823992832,0.7769829430208876,0.07083761714522564
sub-11535,9.3,m,ASD,03,6.7041558443491605,77.15396540602985,0.42461967738189865,64,62.998046875,60.81370193932568,19.451172983290107,12.230525282395437,26.088241524672394,13.91677124236583,0.4589699048874186,0.1468008479897578,0.09230556349266124,0.19689177519903603,0.10503190843111881,1.5903791974729367,0.7455915710107879,0.4688137094571212,0.46397247677490583,-0.2935773206494076,0.7961295029986569,0.07433779546988134
sub-11535,9.3,m,ASD,04,12.938731642937885,106.8989230102103,0.3926790953405998,64,62.998046875,100.72767977086839,22.562849658256393,11.985099045189003,34.758034477897674,19.45226808320019,0.5315839504308296,0.11907401005956304,0.06325060113802924,0.18343332556653935,0.10265811280503351,1.8825751521270553,0.6491405511610059,0.34481521251755115,0.632640601343751,-0.4321060199915309,0.7686540408881299,0.09512082932196204
sub-11535,9.3,m,ASD,05,10.273046254337705,95.34612474026176,0.39028177961851357,64,62.998046875,94.3871048385366,21.823291082582305,18.08504139196125,17.178741946178768,2.3433826123598376,0.6136302232986542,0.14187775971118696,0.11757462003627069,0.11168257861554588,0.01523481833833569,1.2067039610029031,1.2703660809943886,1.052757032419538,0.1878926436004904,0.23930511168519014,0.73420272775315,0.07727115566136798
sub-11535,9.3,m,ASD,06,12.937120346747102,106.89892705773163,0.39267909534061546,64,62.998046875,85.01207012317772,22.03680778823035,18.84782532970126,18.831311341787874,4.939773621260055,0.5680051208294385,0.14723814691622533,0.12593107411991275,0.12582073649742542,0.033004921636991306,1.1691963079423588,1.1702216265379304,1.0008769430663993,0.1563165964860371,0.15719315526256886,0.7446097830315475,0.07781925055398582
sub-11547,13.0,m,ASD,01,10.708074751458696,97.37126581112555,0.3915185764918924,64,62.998046875,14.199672752978463,4.743031750943237,2.3132894090999274,2.85350196687781,0.5145602300698007,0.5766585606190623,0.19261780958267033,0.09394428760106995,0.1158826943105621,0.020896647886594774,2.0503408403130337,1.6621792471134036,0.8106843576597311,0.718006042897606,0.508129540866786,0.720926025146003,0.02911922220536874
sub-11547,13.0,m,ASD,02,3.186978692338759,53.235780911283825,0.3700007848613107,64,61.998046875,12.717226495552085,4.281112412195765,2.022571038243247,3.112952975725162,0.6654654644680582,0.557789522574611,0.18777361945406243,0.08871186922632218,0.13653704718825743,0.029187941556703064,2.1166685032294894,1.3752576558587766,0.6497274626422648,0.7498433919038232,0.3186410996433001,0.7401908418677998,0.03034433425229551
sub-11547,13.0,m,ASD,03,4.695203065431191,64.62320519116894,0.38081626603968194,64,62.998046875,16.940408797264347,5.0923186798859525,2.0360772502825024,3.093599026923568,0.48476135310664575,0.6127358349913018,0.18418954204137045,0.07364506423600063,0.11189570485432436,0.01753385387696668,2.5010439457426776,1.6460823253323709,0.6581580975950276,0.9167082230098691,0.4983981163946082,0.7073456767778814,0.02760797784770649
sub-11547,13.0,m,ASD,04,13.37878556226122,108.69820727288487,0.39836516895383206,64,62.998046875,17.90605578302675,5.993263188805346,2.1776747679406383,3.065846570631741,0.6469837995031275,0.6010796074848556,0.2011849135695932,0.07310129660068407,0.10291590038666888,0.02171828195816469,2.7521387844660765,1.9548477233707209,0.7103012880032028,1.0123783492016114,0.6703122995448791,0.7290687346555896,0.042705738033620703
sub-11547,13.0,m,ASD,05,3.0543463686159558,55.36402930211419,0.37877702669632296,64,61.998046875,20.08310434802711,5.530187398649615,1.6623240982164018,2.6818901448665153,0.5213833593789917,0.6589185097256184,0.1814432059941752,0.05454017957066164,0.08799172811532323,0.017106376594188774,3.3267805024182273,2.0620484434207893,0.6198330313408569,1.2020050202337773,0.7236998787335269,0.6922625634144239,0.048447348186407196
sub-11547,13.0,m,ASD,06,6.50681423255067,80.70632810624792,0.3555819919772152,64,62.998046875,14.144937690230993,4.500440748739885,1.7649169675541057,3.168885555599807,0.6441430753355094,0.5839387554059834,0.18578956140701278,0.07286023028155288,0.1308195997667015,0.026591853138708127,2.549944746111332,1.4201966810652527,0.5569519430686681,0.9360716907441637,0.3507953698145043,0.7243532909711041,0.02278115658354086
sub-11548,12.4,m,ASD,01,10.273727734964671,95.34450096894243,0.3899440077910892,64,62.998046875,72.20592579727972,13.772601041815841,18.15340732168579,17.438969730595854,8.664892087039313,0.5544245747094415,0.10575127167110199,0.1393887693111205,0.1339030456226168,0.06653233868571161,0.7586785663847546,0.7897600176260224,1.0409678783853527,-0.27617708748554515,-0.23602615482695014,0.7424909980036285,0.07490221155182977
sub-11548,12.4,m,ASD,02,13.826577162652587,110.46794036180036,0.3980646497198325,64,62.998046875,537.3688631421334,43.723715299127846,24.243459174680456,34.855344894669244,18.27552318005429,0.8160909204365965,0.06640229739908649,0.03681803742171595,0.0529340876412148,0.02775465710138475,1.8035262618294383,1.2544335863339475,0.6955449515115124,0.5897437828464994,0.22668414507538262,0.7271862655384231,0.09867677682793703
sub-11548,12.4,m,ASD,03,10.03865606949129,94.31573345197141,0.39357985650618815,64,62.998046875,31275.867392027445,3874.8963883770834,1612.383359450261,4373.043098482482,1967.8381231604296,0.7255903585096085,0.08989638638597179,0.03740679051915502,0.1014532345285079,0.04565323005675693,2.4032103566847898,0.8860869424592993,0.36870968868561677,0.8768054921176694,-0.12094020400484147,0.6840378948675014,0.058423355433749526
sub-11548,12.4,m,ASD,04,12.487360639918437,105.06637968680818,0.3841256739120057,64,62.998046875,51.0510677691582,10.374210460453916,15.215894133510373,14.40485302048247,7.495015399922127,0.5180690944933859,0.10527806869062467,0.1544117457307578,0.1461812550988436,0.07605983598637796,0.6818009095900471,0.7201885674016913,1.056303324433343,-0.3830175851781494,-0.32824220209252447,0.7690794439806476,0.07008916828677247
sub-11548,12.4,m,ASD,05,12.049334391647239,103.19904823459744,0.3875710793536726,64,62.998046875,364.9969283680568,21.653459505441322,14.168541287795836,19.140902819377278,9.938888295693518,0.8490300416186722,0.05036874613518534,0.03295785872236933,0.04452421446398423,0.023119139059786405,1.5282772633828678,1.131266362395369,0.7402232497336325,0.42414112937689047,0.12333767992334861,0.7134007909512523,0.09177242368958023
sub-11548,12.4,m,ASD,06,13.83146181209365,110.4679870214458,0.3976931910512222,64,62.998046875,407.8076775699206,46.13714526189493,28.517996423266354,28.009154410444207,15.826668540371637,0.774859832168022,0.0876634320554548,0.05418595857237559,0.053219127248833854,0.030071649955311724,1.6178256206053947,1.6472166415951999,1.0181669894551115,0.481083038171476,0.4990869796401189,0.7032289368736429,0.07931209236106627
sub-11551,11.7,m,ASD,01,8.930129432519998,88.9772115288743,0.41498145613688253,64,62.998046875,46.36912908412675,14.416780187825594,10.314200245196659,6.617503535183065,2.2537357399394704,0.5798217709766488,0.18027431580869693,0.12897369371608372,0.08274842972040132,0.0281817897781567,1.3977603541814225,2.1785829219696207,1.5586240627387546,0.3348712086464341,0.7786746296424469,0.7475365613404031,0.05151350251369075
sub-11551,11.7,m,ASD,02,2.5120714839394873,47.20748358285801,0.46005207627084427,64,61.998046875,29.0174247655587,12.828257244254857,19.936151609744474,17.127044721794576,14.400058016283594,0.3109822692045259,0.13748155048179245,0.21365747363502907,0.18355203038805998,0.15432667629058203,0.6434670790717686,0.749005882370929,1.1640158552499182,-0.44088441242818366,-0.2890084418629302,0.8178233700459233,0.07370702881619254
sub-11551,11.7,m,ASD,03,13.605812129921997,109.58718059654403,0.39850535477949145,64,62.998046875,30.90975418497506,15.454284364023964,10.38029971525094,6.546502519196701,2.4581456599428235,0.4701175768175253,0.23504977338821817,0.15787771457417552,0.09956811311202801,0.03738682210803771,1.488809069868834,2.360693258530655,1.5856252533029018,0.39797651839406584,0.8589553295151223,0.7797707443513613,0.0265896212577127
sub-11551,11.7,m,ASD,04,11.602546634189192,101.29538544906731,0.3990518575621081,64,62.998046875,34.448888880249974,14.79699300338402,27.7111064855235,7.851504498052912,2.8428162019374352,0.3930219553603353,0.16881656601056066,0.3161516556890437,0.08957657998990973,0.0324332429501391,0.5339733731351923,1.8846060658885988,3.529400829152174,-0.6274093043077885,0.6337188154464479,0.7699512844851086,0.036301733527235966
sub-11551,11.7,m,ASD,05,14.274119464453744,112.20778071073319,0.39785167228306284,64,62.998046875,25.082375728104935,15.961886949847331,26.7302825911622,6.613874200248635,1.445510490925355,0.33075400076508443,0.21048476530499996,0.35248446975067166,0.08721523734444463,0.019061526834786208,0.5971462103107056,2.41339439889027,4.041546872807664,-0.5155932871814956,0.8810342208170224,0.7777671009049674,0.02702520623002389
sub-11551,11.7,m,ASD,06,1.1540711054995418,31.855407937569595,0.45954377267504487,64,61.998046875,29.485373187964775,13.22286085954675,16.74022011087718,6.1550068438252366,2.0233413949449854,0.4360012915412227,0.19552692705905705,0.24753824693003984,0.09101431127377577,0.02991922319589014,0.7898857226467549,2.1483096924270533,2.7197727859016783,-0.2358669988620455,0.7646813433617401,0.7721451722862289,0.03252211274332952
sub-11562,12.0,m,ASD,01,8.924627579585504,88.9766368790338,0.41503783470310296,64,62.998046875,9470.289315675895,1153.1967410710708,143.8444851612178,169.4093041704245,71.74940447777162,0.8602714777776846,0.1047552225218176,0.01306668716181448,0.015388969395765395,0.006517643142917664,8.016968740779912,6.807162963794225,0.8490943627069648,2.0815603879363263,1.9179754347983446,0.62030919158351,0.06023647890141306
sub-11576,10.8,m,ASD,01,3.5034415342448546,55.81905256724673,0.41797873935013663,64,152.998046875,62.354879195879946,13.406421370814154,4.553335130630149,6.006104412747851,3.319750150649774,0.6956106444143528,0.1495576533754005,0.05079551793376628,0.06700213703962196,0.03703404723684745,2.9443080700620112,2.2321325853671525,0.7581178776987322,1.0798738387554245,0.8029574448011225,0.687544271689614,0.06784671168999622
sub-11576,10.8,m,ASD,02,2.870587750343583,50.51738623561854,0.38145907025564635,64,304.998046875,8657.424414712385,1040.5627474452149,1247.8731275879134,393.9558148767322,79.22328753315435,0.7581569795319056,0.0911252437013271,0.10928004403287826,0.03449990856037945,0.006937824173509622,0.8338690243747603,2.641318412245804,3.1675459035383615,-0.18167893407046082,0.9712781910782129,0.6507709557382786,0.037597813756978175
sub-11576,10.8,m,ASD,03,0.20397922574764998,12.882145015145648,0.2895867789866365,64,151.998046875,817039.9613786383,54639.08482530291,10229.366966133382,3989.784462587403,298.5886522919989,0.921962225572686,0.06165570183836558,0.011542997136128361,0.004502142779498299,0.0003369326733215986,5.341394536553226,13.69474600386535,2.563889619114804,1.675486768045866,2.6170122559103635,0.4313072997752898,0.004561474411036062
sub-11593,9.5,m,ASD,01,0.481340589955166,20.354488785632963,0.4600030630862332,64,151.998046875,1803.0224461594796,248.73432530436682,102.18970936231445,88.73645164158839,19.733526394607257,0.7969454249223942,0.10994188286158484,0.04516839017945438,0.03922197935485715,0.00872232268170916,2.4340447473284694,2.803068194669494,1.1516091467693952,0.8895543786726323,1.0307146010588406,0.5752763699824394,0.07181759460002923
sub-11593,9.5,m,ASD,02,10.930062480150852,98.36731257688913,0.39610805929822124,64,62.998046875,588.7847041097459,31.47952038457481,5.715240003836864,7.546441270129804,4.822792553099141,0.9223559249952638,0.0493139885259481,0.00895316308917956,0.011821816649699534,0.007555106739907574,5.507996228231162,4.1714391270985365,0.7573424080643247,1.7062008960860973,1.42826109068458,0.5156111878273616,0.06832157777720448
sub-11601,12.9,m,ASD,01,6.930109228131743,78.41845414668363,0.4149388402902248,64,62.998046875,97.22770209204344,26.20071515137841,19.75260260555537,11.962351994143265,1.6344281743469402,0.6201624342299112,0.16712005876124736,0.12599106890997644,0.07630131302270093,0.010425125076157655,1.3264436932482102,2.1902645202384963,1.6512306789855824,0.2825014460869378,0.784022322031497,0.7545718968818913,0.05392918367417731
sub-11601,12.9,m,ASD,02,8.705002257645065,87.86903118800862,0.4187317442254771,64,62.998046875,105.90931953317344,27.877866582764092,25.193332578088917,12.749379991056685,1.5155167892393815,0.6113253804910649,0.1609154649572579,0.14541990914514438,0.07359144226789802,0.008747803138629053,1.106557320130361,2.1866056704182797,1.9760437445396812,0.10125368226745936,0.7823504192730749,0.7605851894668736,0.06792674452001686
sub-11601,12.9,m,ASD,03,7.813480716941608,83.28219477812452,0.38413190921083396,64,62.998046875,48.53530921984224,17.378287929616103,21.605429531748054,13.656306790373907,3.847431073301343,0.46214084565542113,0.16547162898372667,0.20572139407466022,0.1300318730853608,0.03663425820082179,0.8043481803534066,1.272546684573935,1.5820843704958183,-0.21772304340553975,0.24102015605760074,0.7897573914267144,0.040990467711904816
sub-11601,12.9,m,ASD,04,8.930825564613265,88.97634607963909,0.4147934103437871,64,62.998046875,55.7391962520482,21.342385726251603,32.79613990146849,15.827520996964543,2.9332104755847266,0.43330120037581726,0.16590984398575198,0.25494818265301683,0.12303880048694064,0.02280197249846567,0.6507590768417022,1.3484351548384217,2.0720958075339895,-0.4296157869270089,0.2989447755585923,0.7828268151537758,0.04432859119535954
sub-11601,12.9,m,ASD,05,14.270837251546101,112.20790653630745,0.3976773726081397,64,62.998046875,796.3592192806732,30.95626895311601,25.740539454192533,17.031829529145874,7.21147667341708,0.9077394550718183,0.03528586852543786,0.02934065769780237,0.01941393190578988,0.00822008679915036,1.202627047043987,1.8175539451084803,1.5113196976368446,0.18450836984441893,0.5974916109251159,0.660410193986056,0.11513697919341284
sub-11601,12.9,m,ASD,06,4.473169321385515,63.075016011766685,0.3963957253946151,64,62.998046875,90.17708606177354,30.758487829537298,26.63870372334588,18.761674483926107,11.584302206609875,0.5068399121501321,0.17287794438949058,0.14972271609758073,0.10544990820293827,0.06510951915985272,1.154654075850535,1.6394319097630499,1.4198468130425634,0.14380079768617124,0.49434978534107327,0.7772546853268574,0.04148089081903484
sub-11613,10.2,m,ASD,01,1.1606327440147222,31.855543485529125,0.45954377267523483,64,61.998046875,256.59198331613305,71.8506460072551,58.23225971581997,19.606438288376822,7.791194670200939,0.6196788477490532,0.17352188853439332,0.1406329969321925,0.047350252061598076,0.018816014722760527,1.2338632633851607,3.664645508299499,2.970058042124791,0.21015011171406162,1.298731607140689,0.7220779559664154,0.06705173626814306
sub-11613,10.2,m,ASD,02,5.367993429369944,69.06016665562315,0.3481629335299203,64,62.998046875,74.59230613117555,34.69356142947848,56.2749435528915,15.591062309484194,3.1801442033214378,0.40466277693752,0.18821234572391876,0.30529120376126356,0.08458141190147365,0.01725226167581862,0.6165010436104693,2.2252211389323886,3.609436126661831,-0.4836952635803273,0.7998562989637635,0.7462816470721546,0.04134586362092743
sub-11613,10.2,m,ASD,03,0.47616360338619823,20.16569015922649,0.29052842176514904,64,61.998046875,151.2896132823922,52.675955691392446,73.35519493836873,21.044745440681503,6.811375497426158,0.49574401205590624,0.17260794741134608,0.24036943353151127,0.0689591724845324,0.022319434516700782,0.7180944135674209,2.503045515084364,3.485677464958196,-0.33115422335938327,0.9175081964970156,0.723537258869803,0.05793481550728024
sub-11613,10.2,m,ASD,04,13.605439301922976,109.5872529893589,0.39835180281897803,64,62.998046875,130.29636638684295,48.018085903193935,67.81209534018319,23.34615645583453,16.05170689322229,0.4563405487466334,0.1681750633457357,0.23750016717521466,0.08176588606124081,0.05621833467117195,0.7081050314447268,2.0567876341457265,2.904636378517591,-0.3451628467928934,0.7211453647702992,0.7447803477587117,0.06916326170118263
sub-11613,10.2,m,ASD,05,14.051260557398619,111.34116998844429,0.39783385355687817,64,62.998046875,215.98304657824627,43.930384037900595,58.241602752768436,17.82568757703107,7.453243278005029,0.6288925065006218,0.1279150829975969,0.16958603056158197,0.051904265256091514,0.021702114684105003,0.754278418888664,2.4644426111508735,3.2672850626985754,-0.2819937233118014,0.9019656606884466,0.7247018677898657,0.06445045904668649
sub-11613,10.2,m,ASD,06,2.963200374531941,51.30615932834296,0.3508344754141268,64,61.998046875,82.43807533674045,41.4760767777161,65.24117899578066,11.83034542911515,2.3284686516378845,0.40547142088563964,0.2039999565143581,0.3208885389380742,0.058187517735186815,0.011452565926736404,0.6357346298171259,3.505905810293385,5.514731533976422,-0.45297405142966807,1.2544489208482243,0.7342408174117565,0.03328883914011191
sub-11636,10.7,m,ASD,01,0.924163202876759,28.497600868659184,0.37844178351200347,64,61.998046875,61.50832472413509,12.809424214564407,11.745775550980534,4.264561147184529,1.161667501529573,0.6722974170789641,0.14000938657237155,0.1283835090604396,0.0466124456662769,0.012697241621937012,1.0905558478421622,3.0036910651447,2.7542753276576564,0.08668751840849381,1.0998418874499027,0.6846746973648716,0.0602781390532513
sub-11636,10.7,m,ASD,02,11.375181948063519,100.32775978327497,0.4018803234538401,64,62.998046875,84.93125082938131,16.197788988546023,10.619092478162846,4.545340257497945,1.058513828463749,0.723730832751973,0.1380273950865413,0.09048924356159743,0.0387325378771184,0.009019990722761486,1.525345882602841,3.5636031784029276,2.336259086576273,0.4222211926064888,1.2707721617718974,0.6656400319050775,0.051651659166399806
sub-11636,10.7,m,ASD,03,5.362899570581845,69.06119224324358,0.3478678354269114,64,62.998046875,50.0033953186846,12.753069132912863,9.161200060189348,4.454275599816361,1.535633804022903,0.6418297067347734,0.16369485650681764,0.11759062180669126,0.05717384557039712,0.019710969381307845,1.3920740786276296,2.863107332971444,2.0567205272536313,0.3307947779012168,1.0519075150994843,0.7167837207171355,0.05073388735354499
sub-11636,10.7,m,ASD,04,6.698492152744044,77.1539441498095,0.4244305978498274,64,62.998046875,62.1427194131168,12.577680178579731,10.996201224385207,4.388787811404267,0.8771231252785341,0.6830182879758526,0.13824283300463416,0.12086060290648068,0.04823770774025552,0.009640568372766129,1.1438204814482922,2.865866548821011,2.50552127305154,0.13437395883323677,1.0528707647563504,0.6866961410173937,0.05345155815156325
sub-11636,10.7,m,ASD,05,12.710453648,105.98672788873961,0.3880086608175405,64,62.998046875,39.53833447998824,11.604265446033379,9.698124309801564,3.780655121250778,0.8209290938861822,0.6041708401777436,0.17732053958226393,0.1481934934656042,0.05777080929355958,0.01254431748081352,1.1965474018830782,3.069379531818072,2.5651967711327517,0.1794402447008026,1.1214754342731894,0.6995242242579518,0.030423133417603065
sub-11636,10.7,m,ASD,06,6.921759892583654,78.41744176689855,0.41493710077899476,64,62.998046875,41.24451576130553,10.956108498011082,11.088007074121096,4.213775855597151,0.9479322688799384,0.6025465481681537,0.16005922811744488,0.16198615174053527,0.061559604948165945,0.013848467025685682,0.988104392860747,2.600069124098165,2.6313708783039047,-0.011966926025656337,0.955538030865723,0.7111394920281486,0.03771157766516362
sub-11638,10.9,m,ASD,01,13.158397174697782,107.80367502016765,0.39645272597941655,64,62.998046875,80.23620149754166,15.73475087323048,7.3696246921852575,7.323854614420991,3.344784150376987,0.7037694357863268,0.1380129734161345,0.0646406050482725,0.06423914559228068,0.029337840156976814,2.1350817077446913,2.1484247983631346,1.0062494519857257,0.7585049165547634,0.764734921694928,0.7220573936332233,0.07592347273775085
sub-11638,10.9,m,ASD,02,0.926565053862268,28.500514207479483,0.377272914448522,64,61.998046875,114.75069229143124,36.207455001887176,11.768898118900678,13.215441034131157,5.512528757852139,0.6323919576557014,0.19953956610755855,0.06485848906218633,0.07283039831805665,0.030379588856491647,3.0765373815017956,2.7397840835105267,0.8905414574136857,1.1238047377834162,1.0078791156565003,0.7198030404873234,0.04770468643801823
sub-11638,10.9,m,ASD,03,5.586510994449302,70.4754079372236,0.34658008319347844,64,62.998046875,2711.611293141423,796.0328250841969,233.1653511832689,237.6584510617482,62.72368448060816,0.6709930036029897,0.1969797284812979,0.05769717795553073,0.058809003455953524,0.015521086504227972,3.4140270886925586,3.3494825095757657,0.9810942978951215,1.2278925589314447,1.2088058591510198,0.708884786918309,0.042307490461410135
sub-11638,10.9,m,ASD,04,7.811647024550385,83.28221910211862,0.3843961699685318,64,62.998046875,64.97063790266961,23.22786758802969,12.987382716582438,11.480780343920147,4.461774361747151,0.5546956510892564,0.19831107637358986,0.11088154502518809,0.09801872251006252,0.03809300500189477,1.7884948873009106,2.0231958884509447,1.1312282203412252,0.5813744210608994,0.7046783841706004,0.7822588065356337,0.04922964889822848
sub-11638,10.9,m,ASD,05,0.47150965968182096,20.161781754502268,0.29007822469710387,64,61.998046875,6092.667025933272,986.4424384593478,443.42591404135703,109.74879329226256,20.186124720960255,0.7961699673322359,0.1289050986473377,0.057945460336804665,0.014341616372325608,0.002637857311296201,2.224593572957811,8.988184825252967,4.040371659126161,0.7995742350939475,2.1959109176689515,0.61911219596641,0.03435352555929581
sub-11638,10.9,m,ASD,06,12.043206786255755,103.19969993030212,0.3868254923514203,64,62.998046875,179.96088527917072,21.118338344562947,7.548193209093731,8.472571127026276,3.505854770295996,0.815757565856052,0.09572882605106386,0.034215744767589075,0.03840592353390245,0.015891939791388143,2.797800448340101,2.492553680333944,0.8908975912890476,1.0288335543076008,0.9133077593658002,0.7285213372833038,0.06039276339616921
sub-11674,11.7,m,ASD,01,10.041970120781444,94.31424561243965,0.39376210708864423,64,62.998046875,35.68078000573081,8.79468318873967,15.520575169660827,7.345658690043739,1.328531016847943,0.5195960608843039,0.12807126808496308,0.22601607138406857,0.10697006397657946,0.019346535670070514,0.5666467313615218,1.1972627043860251,2.112890868547324,-0.5680192181749103,0.1800378714903262,0.7419941214305656,0.05879255651300103
sub-11674,11.7,m,ASD,02,5.809798837320319,71.86182143164817,0.3557271442700532,64,62.998046875,73.42730526084411,12.244640382242245,14.587299716906669,7.594160180260877,1.415351147906868,0.6719881097429863,0.11205984906725709,0.13349927425766223,0.06949983152030897,0.012952935411776383,0.8394041817108808,1.6123758376953279,1.9208575234982257,-0.1750629463093166,0.47770876684436286,0.7008290690970015,0.0696782920427421
sub-11674,11.7,m,ASD,03,2.5086297638828103,47.204170488479264,0.4621978728355734,64,61.998046875,71.22072609626868,14.117483039387556,16.4306302805548,9.625500507861585,2.9634615268643683,0.6227885215756264,0.12345010887118418,0.14367738861789772,0.08417003812364421,0.02591394281163895,0.8592173762253266,1.4666752163023313,1.7069897058478622,-0.1517333317060239,0.38299808153623044,0.7316868944967332,0.0736253350111517
sub-11731,11.5,m,ASD,01,12.270519452595451,104.13708325247715,0.3840513315354582,64,62.998046875,456.33521104055006,179.83845438642422,89.86012345493498,70.28880520869541,6.094211454361145,0.5687009642459158,0.22412099689797213,0.11198684129491265,0.08759637724805414,0.0075948203131441395,2.0013154608741615,2.558564679716222,1.2784414699912574,0.6938046947871677,0.9394464292703135,0.7759913725444122,0.0655217209862953
sub-11731,11.5,m,ASD,02,13.607125170169791,109.5878747204991,0.39862427481499824,64,62.998046875,75.96935014098777,16.12929987095241,7.022833941668384,14.840969146393231,7.386874960637307,0.6260384903246002,0.13291626850123434,0.05787287044687192,0.12229955767844858,0.06087281304883678,2.2966938994884374,1.086809069667205,0.4732058851678601,0.8314706538293546,0.08324594383084694,0.7702270512852281,0.0760736158195106
sub-11731,11.5,m,ASD,03,12.049059365990015,103.19969659734426,0.3871551572493301,64,62.998046875,89.6615331569077,14.849805648787385,7.494175169484678,21.852862965585878,16.674210529756657,0.5956287250723361,0.09864844482059552,0.04978440413078104,0.14517031383563392,0.11076811214064687,1.981513016836317,0.679535934132399,0.3429379107573339,0.6838607028099453,-0.38634516359208315,0.7678032254625616,0.09617398715516995
sub-11731,11.5,m,ASD,04,13.608561943821556,109.58578959606034,0.3985802104203782,64,62.998046875,99.65035000115378,19.674671815959186,9.63646217960527,22.695584611243724,16.924037442783682,0.5911122090464682,0.11670745480835007,0.05716217199752195,0.13462709518830568,0.1003910689593481,2.041690347480102,0.8668942507086247,0.42459634085965786,0.713778066461231,-0.1428382811416825,0.7886439074731714,0.09876677159234551
sub-11731,11.5,m,ASD,05,11.157521908199797,99.35410540287727,0.40006140644012705,64,62.998046875,98.96004618255736,16.401446862767603,6.576426063955449,12.322083298760177,5.172009145299681,0.709736918230568,0.11763042561064285,0.04716582648913133,0.08837341699001615,0.0370934126796347,2.4939757100987334,1.331061190311589,0.5337105669961363,0.9138781078755676,0.28597651154306947,0.7211144804313034,0.07467779467923925
sub-11731,11.5,m,ASD,06,14.49779086965878,113.06674734592525,0.39760593260654575,64,62.998046875,53.856903979578384,12.256752646676706,6.2022948357905765,21.6305722140236,41.22827682198958,0.39842414252611663,0.09067335480811474,0.045883513886743985,0.16001926493935578,0.3049997238396614,1.976164141044485,0.566640240738976,0.2867374369213034,0.681157663206063,-0.5680306726832982,0.7931624515414978,0.08934762349423007
sub-11755,8.1,m,ASD,01,6.256312923127115,74.55571983829223,0.3992989838866457,64,62.998046875,250.4322997046364,28.160154293119543,12.958753301075012,7.768644453120796,5.078630403260124,0.8227120514252133,0.09251082362086376,0.042571675158575,0.025521298260480687,0.01668415153486386,2.1730604510220366,3.6248478692834896,1.6680842300444825,0.7761365200415641,1.2878123203318206,0.6363619078915355,0.06668125086171575
sub-11755,8.1,m,ASD,02,2.9625343340859915,51.306221320249854,0.3510941892917959,64,61.998046875,281.13535814620707,28.158098990031196,11.908802443220502,6.680017935168508,3.311753251544836,0.8488539406819562,0.08501994714364627,0.03595717717396983,0.02016949979356566,0.009999435206859066,2.3644777990299777,4.215272962334744,1.7827500702538623,0.8605571937703639,1.4387143491043026,0.6068033146959215,0.09257537976087836
sub-11755,8.1,m,ASD,03,6.255275107501335,74.55382396937308,0.398822028204133,64,62.998046875,185.12748388690352,26.786247726989085,11.056744605377622,5.995298406926222,2.764218765044174,0.7988930616087462,0.115592493379847,0.04771391240110189,0.025871913769936774,0.011928618840363931,2.4226161210198116,4.4678756433606575,1.8442359086917492,0.8848479980075094,1.4969130480892727,0.6506974050836397,0.06681636069718166
sub-11755,8.1,m,ASD,04,2.28333586237104,45.01347886459204,0.601171253485301,64,61.998046875,420.56910558508963,29.804090982331317,10.631237734678114,9.040311603770983,10.202656554873506,0.875734264110813,0.06205986920411819,0.022137002053950958,0.018824280063669763,0.021244584567445882,2.8034450669003785,3.2967990804538028,1.1759813378824613,1.0308490419185878,1.1929520221216336,0.5943292869171664,0.07886643141446055
sub-11755,8.1,m,ASD,05,9.150929922910153,90.07045957076893,0.40939118864584306,64,62.998046875,268.2461298295519,34.44565975346636,15.5821820244743,7.925677904858112,3.06912522206206,0.814672238647341,0.10461259128275989,0.04732359464404967,0.02407054210120871,0.009321033324637596,2.2105799880505663,4.346083725197595,1.9660377587286384,0.7932549191307846,1.4692751465354006,0.6275967035379482,0.07283461619560956
sub-11755,8.1,m,ASD,06,1.152303399776062,31.85581917010982,0.4601012897543489,64,61.998046875,458.2864786578063,25.591073622550514,10.800307869332826,10.629170646339915,14.577179288556094,0.8815164410999167,0.04922456409743002,0.020774448732681427,0.02044526538824966,0.028039280681720152,2.3694763086535047,2.4076265659880267,1.0161007127165491,0.8626689639174484,0.8786414348506224,0.5709380520912344,0.08715399257075712
sub-11759,11.6,m,ASD,01,4.704329000358971,64.62444053018312,0.3808034917120772,64,62.998046875,78.26238447407572,21.348200687197256,14.38595855907586,12.722613462969726,6.105648871588429,0.5892151232784265,0.16072450110239342,0.1083077701098159,0.0957849203085632,0.04596768520079326,1.4839609470254973,1.6779729062217739,1.1307392620978634,0.3947148283784086,0.5175864614437723,0.7610909255513165,0.04814235036375958
sub-11776,11.1,m,ASD,01,12.04350129621155,103.19895157389824,0.3874084058673991,64,62.998046875,97.23940641597727,34.89965849250053,21.285668481400194,4.551275262343276,1.0526792353097556,0.6114582702508792,0.21945511188007916,0.13384797902912843,0.028619209042094477,0.006619429797812515,1.6395847996502835,7.668105416793527,4.676858079209286,0.49444303883801294,2.037069572714585,0.7111713693290937,0.04149116685183512
sub-11776,11.1,m,ASD,02,13.601814714116959,109.58720970232766,0.3981369980950806,64,125.998046875,74.83663196880681,25.11188313153893,17.60374025795607,4.458137286245528,0.7893025807135695,0.609420339615075,0.20449466983997047,0.14335328948222578,0.036304139664740935,0.0064275613979797325,1.4265083876245055,5.632819610335858,3.948676123605272,0.35522977151712615,1.7286101356710797,0.7192634031514866,0.04396701641357086
sub-11776,11.1,m,ASD,03,10.4844603312461,96.36307858560056,0.3944273799292748,64,125.998046875,75.33918833377405,28.43988981326822,16.095173274547342,4.513912999763831,0.8178394199347758,0.6017218505693529,0.22714477693352908,0.12854953261625968,0.03605188937653226,0.0065319505043182026,1.7669825188052406,6.30049578154251,3.5656808794023895,0.5692733001393874,1.8406283257841332,0.712721700150385,0.048865482839828535
sub-11776,11.1,m,ASD,04,11.264648853694323,99.84297959167559,0.40964616373276275,64,125.998046875,69.9170867258336,28.883108344767606,21.57745668178758,5.260533843389016,0.8573757650650242,0.5527236368902043,0.2283329789127941,0.17057876537055153,0.04158670697055298,0.006777911855889209,1.3385779784299146,5.490527996708909,4.101761783910992,0.2916078403537744,1.7030244251609439,0.7131158026466975,0.04580953657778897
sub-11776,11.1,m,ASD,05,4.95827663046448,66.39946668508314,0.4360490587142993,64,124.998046875,99.533935020553,31.519821558120135,23.536290802317826,7.663008865693764,1.705136124234256,0.6070689947311628,0.19224304136516307,0.1435505628719793,0.046737578372161255,0.01039982265952746,1.3392008886555211,4.113243519686624,3.071416360704408,0.2920730843248097,1.4142118948106417,0.7059709171149556,0.04368862795184847
sub-11776,11.1,m,ASD,06,7.368448364719442,80.88619605308308,0.3830792117572077,64,62.998046875,30.36760504418447,23.45162234215277,24.36232053005987,4.799352744066112,0.9608135338725509,0.36177013223579435,0.27937983596402377,0.2902290090676216,0.05717482410419855,0.011446198628349828,0.9626185778655864,4.8864135629837415,5.076167939557309,-0.03809802262595139,1.586458611698104,0.7453720498339967,0.02379385039764406
sub-11777,12.5,m,ASD,01,9.598874363646452,92.21858660466468,0.40143499930229626,64,62.998046875,22.660150231015173,9.143973830153447,9.847386360362181,11.259524871071992,5.696653418394686,0.38664125355215906,0.1560200381769613,0.1680220902230221,0.1921168556329538,0.09719976241488665,0.9285686064841482,0.8121100965499319,0.8745827619832559,-0.0741110113291481,-0.2081193611272679,0.8426749727883514,0.06429114137107365
sub-11777,12.5,m,ASD,02,6.03535782201304,73.22251086735898,0.37560618627500497,64,62.998046875,13.669351567929162,7.442648960351169,19.422540797812353,7.298129905693622,1.4313693039110476,0.2774711822109658,0.15107670583694774,0.39425391394232345,0.1481431451081475,0.02905505290159523,0.3831964642437042,1.0198022036499763,2.6613037927232885,-0.9592074598493054,0.019608690501570224,0.7922298483816482,0.04318614296757947
sub-11777,12.5,m,ASD,03,10.932529636363952,98.36717773207002,0.39607167476355226,64,62.998046875,16.06249779405232,8.823847228157568,19.73259352246272,9.946998020926532,3.5794683615361658,0.2762470708421534,0.1517548504342688,0.33936634454932774,0.1710710938102745,0.06156064036395827,0.44717118497943215,0.8870864565965568,1.9837737457016913,-0.8048137935207086,-0.11981283062584447,0.8251930251821874,0.04900792753385911
sub-11777,12.5,m,ASD,04,2.0583735569566515,42.71257137927859,0.7453349845245949,64,61.998046875,90.28093559101079,9.24211919473032,23.418683373986262,11.47307410610222,6.023868991247523,0.6428494968971422,0.06580892893612611,0.16675379720432942,0.08169454457565249,0.04289323238674259,0.39464725864974015,0.8055486358110315,2.041186447277321,-0.9297629291339167,-0.2162316985341073,0.7194509147711239,0.12037836256324064
sub-11777,12.5,m,ASD,05,4.252150823101426,61.48577039252476,0.41745420164453784,64,62.998046875,35.077600036746226,8.707742839277577,24.161448646315247,10.852509921046956,3.5436446351993784,0.4259939886443812,0.10574971207572642,0.29342463194425983,0.13179647362494834,0.04303519371067192,0.3603982098401701,0.8023713318510127,2.226346607567269,-1.0205457204073174,-0.22018377097478412,0.7802488463711357,0.07762998016199155
sub-11777,12.5,m,ASD,06,8.928155288153741,88.97718941750279,0.41477243428778826,64,62.998046875,18.264911859551493,7.704823496636756,27.449502720349138,11.077660303317193,1.3937614825042,0.2772003178858037,0.11693346997482656,0.4165917108386669,0.16812186016132674,0.021152641139361092,0.2806908225308089,0.6955280524650913,2.477915188654678,-1.2705014910869983,-0.3630839341902292,0.7934227044810757,0.04873415196510441
sub-11791,9.3,m,ASD,01,8.48540519059213,86.74531406264697,0.41809585610366373,64,62.998046875,75.74100299345504,19.014158920073147,9.44556335917349,6.101523748718562,1.7733001596663138,0.6758030948487749,0.16965483603699116,0.08427853736332531,0.054441167527628564,0.01582236422327122,2.0130253958441413,3.1162967978389613,1.5480663106745578,0.6996387624967266,1.136645373099991,0.6940676186893682,0.06110417200065128
sub-11791,9.3,m,ASD,02,10.265848511000616,95.34366650264572,0.3902808193856465,64,62.998046875,480.3671169893987,28.938306535755284,13.500712839795714,14.47098069515439,24.34483017625684,0.8553211272337142,0.05152630996376718,0.024038791408046344,0.02576640882067273,0.043347362573797656,2.1434650806328106,1.9997474356000822,0.9329507878008224,0.7624237161057892,0.6930208903857524,0.6415672596186892,0.08841776095323003
sub-11791,9.3,m,ASD,03,2.7370039050163766,49.30154428349246,0.3778842408558947,64,61.998046875,127.31375198378636,24.35092100811093,14.31598237669564,6.289104714257119,1.92170913584231,0.7308839666766165,0.13979399288227431,0.08218532423492136,0.036104550598636334,0.011032165607545616,1.700960532596703,3.8719216986329723,2.276314837665156,0.5311931106735102,1.3537509467494022,0.6759460597263829,0.06430756036044975
sub-11791,9.3,m,ASD,04,13.603204744819717,109.58731570966071,0.3988579085025026,64,62.998046875,1796.6979564542298,60.51518693971645,33.39772176061092,26.07516634294136,11.290011899867448,0.9319088598674667,0.031387935107886566,0.017322685038014995,0.013524631922808138,0.005855888063823058,1.8119555391675217,2.3207977331310796,1.2808248784058294,0.5944066704365037,0.8419109770627387,0.5090539277730781,0.10648109977071796
sub-11791,9.3,m,ASD,05,12.048919781936021,103.19902017575886,0.3871746548448306,64,62.998046875,191.29547990160845,34.26571330783021,9.698292169019036,6.938854860973652,4.753674474297569,0.7746261156174843,0.13875454042175556,0.03927197022571946,0.02809798846556188,0.019249385269474686,3.5331698314150284,4.938237503791389,1.3976790642450165,1.2621954372514383,1.5970084869294858,0.6551566713372263,0.06625703618217775
sub-11791,9.3,m,ASD,06,2.5098329853991284,47.20784403775076,0.4616968813379054,64,61.998046875,114.32747694308688,29.229291180608367,11.569370097736112,11.651018148293545,15.198388344728256,0.6282573689914388,0.16062208373368708,0.06357651032664924,0.06402518627750599,0.08351885067071359,2.5264375617411887,2.508732782712805,0.9929921960879973,0.9268102321023823,0.9197777582101488,0.7348676616635972,0.0670146039575105
sub-11831,8.0,f,ASD,01,3.5869217560690143,56.44630257146946,0.4519370525650307,64,62.998046875,49.17832074418343,26.415408166757363,36.85595119961966,12.693529287399356,5.056629148547628,0.3777141453721276,0.2028835708373138,0.2830721728311085,0.09749266534508892,0.0388374456143535,0.7167202936558382,2.081013685687667,2.9035227607032046,-0.3330696209710187,0.7328551238856655,0.758762753058456,0.05411626779080601
sub-11831,8.0,f,ASD,02,4.474796116091151,63.07503488134663,0.3963803601553863,64,62.998046875,88.3185729490462,36.6025383175038,29.42925931566368,12.827846095581934,5.133621618168152,0.5125508138178482,0.21242033443247738,0.17079069904132557,0.07444552981640576,0.02979262289193726,1.243746501564887,2.8533658764511762,2.2941699718238104,0.21812819667458566,1.048499306718838,0.7344840123383366,0.05748025442743046
sub-11831,8.0,f,ASD,03,11.374505550771717,100.32942158410242,0.4018228176672825,64,62.998046875,39.868675952140116,30.650557261895145,47.43030567269539,9.237771618340814,1.5733890121307503,0.3096338875264763,0.23804279859321548,0.3683601118240151,0.07174372035084037,0.012219481705444882,0.6462230598597927,3.317960058791423,5.134388208788513,-0.4366105408991143,1.1993501539596718,0.7420049139078413,0.04213837300461612
sub-11831,8.0,f,ASD,04,14.491941861900804,113.06548528555227,0.39771982549434,64,62.998046875,111.08523957004955,46.49519220883916,46.582499322233666,21.20829269708668,18.759043208572596,0.45502444630088934,0.19045238748519203,0.1908100125943805,0.08687285258446652,0.07684030103506755,0.9981257529186752,2.1923118882277532,2.1964285380043993,-0.0018760056800734097,0.7849566437397069,0.7342046630815866,0.07839082257248983
sub-11831,8.0,f,ASD,05,0.9241760285572866,28.50040927767707,0.3785911017257227,64,61.998046875,65.50340975611319,52.70577200672286,61.51855157271085,13.524717821729293,1.8727760887834424,0.335699338730357,0.27011254644310445,0.31527728341929634,0.0693130150960649,0.009597816311172302,0.8567459840862357,3.896996055772786,4.548601485338822,-0.15461380561949362,1.3602060142372148,0.7367678546561699,0.027033910631248565
sub-11831,8.0,f,ASD,06,6.030879823398743,73.22258373273304,0.375599738420564,64,62.998046875,141.95986071977396,43.75248846441069,45.13659053434392,17.64761883419225,7.840513453139857,0.5538015223819353,0.17068342133286987,0.17608296053764622,0.06884536324027568,0.03058673250726905,0.9693352543125504,2.4792290039513882,2.557658965689425,-0.031144747245802545,0.9079476263385251,0.7403039615160321,0.050032981482346243
sub-11847,8.3,m,ASD,01,2.2841021407198308,45.01685080679148,0.6002337496400416,64,61.998046875,72.38831536447707,14.613237194558366,4.87415098891619,10.676518252846318,6.294668636580448,0.6650471600391995,0.13425498088037247,0.044779882726372726,0.09808748977526939,0.05783048657877671,2.998109255906483,1.368726849753773,0.4565300103913843,1.0979818419472285,0.3138810010178078,0.7173174166396372,0.08919360365910373
sub-11847,8.3,m,ASD,02,11.600948860526257,101.29622419918367,0.39894188677487546,64,62.998046875,153.42553349035092,23.78057503027889,11.779118739519578,39.866533705890696,46.75855823971433,0.5566755770701455,0.08628332603368753,0.042738308106402716,0.1446481895916551,0.1696545991981054,2.018875567532209,0.5965047075754285,0.2954638300489815,0.7025407066896424,-0.516668145479577,0.7305288918359443,0.11426868665189778
sub-11847,8.3,m,ASD,03,13.381222167492448,108.69896267215684,0.3984060355835249,64,62.998046875,131.15979787342906,22.256378137631458,17.18302978693603,42.949993216641104,36.05063284416533,0.5254803134147333,0.08916824170867894,0.06884231314969912,0.17207540925323006,0.14443372247365452,1.295253422335991,0.5181928207850715,0.40007060537271544,0.2587063689297286,-0.6574078650892428,0.7600970462753571,0.1176348248537826
sub-11847,8.3,m,ASD,04,13.380611661526002,108.6990175286492,0.3982806117407293,64,62.998046875,86.81661746780982,16.177291485091793,5.432258333446367,8.528669285469494,4.752131224486775,0.7133249561611819,0.13292001089179134,0.04463391399692137,0.07007543972127786,0.0390456792288193,2.9780048171651505,1.8968130834492023,0.63694090503671,1.0912535518445703,0.6401751533883105,0.6983912317830847,0.07005015610622568
sub-11847,8.3,m,ASD,05,4.695265088968903,64.62567497987249,0.3803191415304236,64,62.998046875,48.89211482726341,12.189529737226618,4.889906758546932,7.080112146293214,3.2644664215066252,0.6406524400175748,0.15972415994708403,0.06407435447187153,0.09277346946734026,0.04277557609611626,2.492793899580679,1.7216577202956753,0.6906538565362058,0.9134041294756702,0.5432876175468063,0.7110256545948852,0.07494765403140481
sub-11847,8.3,m,ASD,06,9.595029133517578,92.21797049587093,0.4019181572761118,64,62.998046875,511.2458134677147,22.590776404458285,6.918894241757958,22.89697243821005,43.7181281087824,0.8417362091269648,0.03719438671378858,0.011391553059192941,0.03769852050209626,0.07197933059795585,3.2650847975261343,0.9866272261724098,0.3021750696704134,1.1832857340684038,-0.013462994604966017,0.5782675946777893,0.11946844573256611
sub-11868,10.1,m,ASD,01,12.043075025658965,103.1998004220808,0.38764915478904877,64,62.998046875,185.89433250852665,18.77508053517887,26.396928987345714,18.96030383921508,12.36564197786107,0.7084595893920539,0.07155347700632807,0.10060100928966385,0.0722593792474161,0.04712654506453427,0.7112600312020632,0.9902309949456556,1.3922207793288774,-0.3407171900177109,-0.00981703484231079,0.6892326890847136,0.09540606995162028
sub-11868,10.1,m,ASD,02,12.04347202487585,103.19900174407428,0.3871949039302349,64,62.998046875,139.78445090620087,16.28419129813889,44.1549565414683,21.174375037417235,16.96518634135614,0.5864347948447294,0.06831672851470766,0.1852423693258235,0.08883241448196222,0.07117369283277311,0.3687964517153393,0.7690518029156624,2.085301524292453,-0.9975104085082328,-0.262596947745723,0.6939819892372601,0.08730471548043307
sub-11868,10.1,m,ASD,03,6.47625321759949,75.86578824246008,0.4184052417118924,64,62.998046875,90.8485006364202,17.408401785232133,37.59728869399471,14.637201060187909,5.329572647819528,0.5478710169913331,0.10498311720562795,0.22673422949853206,0.0882711126168759,0.03214052368762498,0.46302279738624486,1.189325863165226,2.5686118909887736,-0.7699789876928008,0.17338664505904286,0.7278109193488471,0.05951923629186692
sub-11868,10.1,m,ASD,04,2.7351514037100357,49.300059419167944,0.37748051019275813,64,61.998046875,167.9426980356896,22.687732224095747,25.69270111379396,19.03685232647855,8.93500535753726,0.6874586281264028,0.09287023164747266,0.10517080687126387,0.07792567665802728,0.036574656696829355,0.8830419239927335,1.1917795985914101,1.3496296905164504,-0.1243826004647587,0.1754476510364332,0.708633920838627,0.07007319960310501
sub-11868,10.1,m,ASD,05,11.598544209156978,101.29550267798211,0.39908695856742854,64,62.998046875,491.35643697861934,18.627443407132393,30.953482449441072,43.43703119141028,38.1359155156853,0.7893145373606697,0.029923108294910843,0.04972364629944863,0.069777207743512,0.061261500301457404,0.6017882943399846,0.428837857841803,0.7126058480617673,-0.5078495660554319,-0.8466763852452974,0.7078759376336531,0.10114400718587266
sub-11868,10.1,m,ASD,06,12.710689874977234,105.9876218811641,0.3882258687065312,64,62.998046875,210.59149791057095,17.55346780926364,46.9533911008805,50.83807522230793,44.96901277467811,0.5677767766770732,0.047325991177862244,0.12659126943784235,0.1370647854665346,0.12124117724068495,0.37384877636525154,0.3452819118840434,0.9235871125245958,-0.9839039046049024,-1.06339405972872,0.737369109880927,0.09318615649949874
sub-11876,10.6,m,ASD,01,11.384815306150255,100.32940115643957,0.40176007858652824,64,62.998046875,70.8156331079717,22.26739391969603,44.32841820952478,26.04420223126048,21.81426640547519,0.3822295354234347,0.12018893653099201,0.23926398670260615,0.140574374363788,0.11774316697917381,0.5023277350986317,0.8549846803511587,1.7020455384237616,-0.6885025135477207,-0.1566717279237993,0.7834245891814854,0.07107662853406777
sub-11876,10.6,m,ASD,02,7.99918542200505,84.20083750959026,0.6255492313277331,64,124.998046875,284.81699188366173,49.255756313429956,52.83057786969977,31.902826053405285,20.89678572735792,0.6477486670384889,0.1120205303938789,0.12015061379466163,0.0725554079979014,0.047524780775066826,0.9323342333092094,1.5439308176327184,1.6559842623741172,-0.07006390915462166,0.4343316433660355,0.7073417153531305,0.06853730124698153
sub-11876,10.6,m,ASD,03,5.820791255502302,71.86186715952879,0.35590731789635854,64,62.998046875,102.21652278036738,22.066138111249742,55.379526177424374,14.877861650737898,8.912053206236761,0.5024107483418243,0.10845863917038233,0.272199331700994,0.0731270972867513,0.04380418350004327,0.398452995797654,1.483152527510823,3.722277265205917,-0.9201657405377778,0.39416990851496647,0.733021580741241,0.06640172747676625
sub-11876,10.6,m,ASD,04,10.051770742183704,94.31464569480393,0.3935916502078951,64,62.998046875,359.65094234195465,15.935663447515333,48.5602194902485,46.438523562954586,69.36759955439933,0.6660783007290345,0.029513059415311283,0.08993416858710815,0.08600475967547526,0.1284697115930691,0.32816292048916884,0.343156117483187,1.0456882726776742,-1.114245085108475,-1.06956978235464,0.6681247771313978,0.1488057190549934
sub-11876,10.6,m,ASD,05,0.7098174746501562,24.678910918710372,0.3221787701036651,64,61.998046875,64.61388049511595,20.25924028249805,55.945550186241576,10.392097908859107,3.920327776358767,0.4165114660491343,0.1305943213199023,0.3606340146798373,0.06698913456640679,0.025271063384712793,0.3621242478634154,1.9494851241947408,5.383470274904113,-1.0157678999029032,0.6675652988368119,0.7378790560558138,0.051407984914498585
sub-11876,10.6,m,ASD,06,12.278194456726688,104.1371617228765,0.3838207194297789,64,62.998046875,109.43725403262015,16.303345953975345,38.247159644279094,20.725819611893346,17.19664236526082,0.5420094790697211,0.08074552057906799,0.18942656463687446,0.10264868933742531,0.0851697463769062,0.42626292006009203,0.7866200835125967,1.8453870756613855,-0.8526989398522997,-0.24000988725767655,0.7338876539403734,0.0800802098844781
sub-11883,10.8,m,ASD,01,13.608998188358651,109.5879239210768,0.39844040153071236,64,62.998046875,99.72747068339264,26.752058032632753,26.542969704577366,6.742847246960429,1.9347120376849987,0.6167435689180664,0.16544247672067663,0.16414941392884685,0.041699720721506836,0.011964819710897317,1.0078773524734244,3.967472056361383,3.936463148640745,0.007846488112808643,1.3781291302585343,0.7270123167001039,0.05686758109236732
sub-11883,10.8,m,ASD,02,6.035443876654847,73.22253815825712,0.3749199706341686,64,62.998046875,53.849667290630144,21.479690456964995,34.831534155833836,9.526719307698844,4.320878478234695,0.4342417799420144,0.17321145117379297,0.28088023846662025,0.07682312180047439,0.03484340861709009,0.6166736831305147,2.254678632087367,3.656194019244559,-0.4834152715930758,0.8130074493119211,0.7564121962954813,0.07113814779005448
sub-11936,12.0,f,ASD,01,6.256606317294373,74.55726313936938,0.3988925936738659,64,62.998046875,2778493.707384759,190264.7604997497,16841.556770824965,4133.771235304846,388.0051408797955,0.9292242564922429,0.06363110707868591,0.005632398240437913,0.0013824758690026597,0.00012976231963057267,11.29733807205697,46.02692061785527,4.0741385558514045,2.4245671291230804,3.829226456131261,0.43591977283281225,0.0052038612652380925
sub-11936,12.0,f,ASD,02,14.49708806299638,113.06729467503544,0.3976767191124857,64,62.998046875,1081716.817868756,25216.1392702624,4185.53668017237,1252.4633180514008,178.72374592660532,0.9722863045631035,0.02266518044411754,0.0037621121574092685,0.001125759451081021,0.0001606433842888977,6.024589245559768,20.13323576573403,3.341843724959771,1.79584930204187,3.002371970188104,0.4065428853710543,0.029130354587603647
sub-11936,12.0,f,ASD,03,7.150275674249881,79.66669849232231,0.3977265283400793,64,62.998046875,17117088.533848803,751212.945314179,62876.4916984838,17748.582191067744,1188.7885976806313,0.9535921194963848,0.04185003444357352,0.003502846109996268,0.0009887725985740687,6.622735147123248e-05,11.947437349343932,42.32523686834202,3.5426205328179616,2.4805168076266666,3.7453835244203617,0.40486356898913445,0.019020314122763546
sub-11936,12.0,f,ASD,04,5.3732153751368665,69.062899536389,0.348067906060512,64,62.998046875,72796680.39792445,8580262.750762925,822468.4454797095,266879.13544567884,11846.39629552399,0.8826179025696901,0.10403075347912612,0.009971957104513133,0.00323575610150203,0.00014363074516874318,10.432330623648955,32.150369253985275,3.081801221014209,2.344909697899961,3.4704239359671365,0.4994836274779791,0.031095046319008824
sub-11936,12.0,f,ASD,05,0.48225808685418403,20.168211779568455,0.2904879622534461,64,61.998046875,222298.75550701382,71932.34947552308,31795.00588647234,19886.759263043714,2105.8822053623035,0.6387551073440092,0.20669101590762093,0.09136003641449203,0.057142780753845324,0.006051059580032584,2.2623788695735945,3.6170976137473327,1.5988027745454811,0.8164168568487041,1.2856719400947,0.6494201607726,0.04206201329733713
sub-11955,8.5,m,ASD,01,7.814180240441895,83.28223250979575,0.38439695919585487,64,62.998046875,48.393227843351234,12.968685879437475,18.046350681323002,12.003199787573982,4.7662941851922165,0.5031644390558488,0.13484079997600715,0.18763538458244353,0.12480224108092279,0.04955713530476743,0.7186320441427887,1.0804357262187627,1.5034616602819142,-0.3304058128354186,0.07736440997461422,0.7802681492886896,0.05849679431820162
sub-11955,8.5,m,ASD,02,12.489604750807525,105.06616754743588,0.383934514981712,64,62.998046875,82.90221782604165,16.05091882755766,15.987331285434047,12.384115145161788,6.063034906893759,0.6215135937998338,0.12033289947969412,0.11985618700007057,0.09284306393408293,0.045454255786311154,1.003977370643501,1.296089275609418,1.2909546704011927,0.003969481815887722,0.2593514810587421,0.7476561547621174,0.07292026804440645
sub-11955,8.5,m,ASD,03,8.703802441195739,87.86662544242957,0.4187049878692819,64,62.998046875,98.38386309321194,15.69464160436885,23.973231102796316,22.904688818832813,18.46048594906312,0.5483533451868999,0.08747582128495364,0.1336174557173289,0.12766181708449842,0.10289156072631345,0.654673603948928,0.685215229445232,1.0466516830861232,-0.42361848212858416,-0.3780222865017705,0.7732390867324376,0.08728590323730893
sub-11955,8.5,m,ASD,04,12.934069254540294,106.89761098962897,0.39262484788224844,64,62.998046875,58.56302209226959,12.948942753146584,23.384140850805544,12.287848801458903,5.741374005715954,0.5185995282759581,0.11466818759581461,0.20707613748586073,0.10881393009265587,0.050842216549701814,0.5537489205082325,1.053800625509661,1.9030296700938658,-0.5910439070454137,0.05240327236825869,0.7549637110494974,0.0723601046029204
sub-11955,8.5,m,ASD,05,4.027662628439661,59.854988865274194,0.44213412793777024,64,62.998046875,215.11143262502634,30.819063940315537,38.447422631575144,16.90619000334855,11.657097379512585,0.6873860907486058,0.09848196176254827,0.1228582935810136,0.05402353428658681,0.037250119621242014,0.80158985520669,1.822945556284976,2.27416245907314,-0.22115820441186515,0.6004536303493184,0.7350280607920845,0.08272046723037911
sub-11955,8.5,m,ASD,06,5.586055720485934,70.47641377728142,0.3463043909003189,64,62.998046875,71.16796431493394,15.33983334303573,29.057684213511966,14.171179331845527,7.267490199703454,0.519458451339739,0.11196619362219043,0.21209345786925535,0.10343613085239656,0.05304576631641134,0.5279096995589933,1.0824669552069612,2.050477489069056,-0.6388300334645203,0.0792426540609308,0.7419746497081648,0.071327675361259
sub-11976,8.3,f,ASD,01,0.9404692704856457,28.492125336034373,0.37638900326812486,64,61.998046875,28.78973837326972,8.74000124773513,7.463534211717487,62.50851640882163,37.954956775252015,0.1979264555527641,0.060086599123008406,0.051311021075259006,0.4297395458844085,0.2609363783645531,1.171027156814323,0.1398209676034087,0.11940027760223826,0.157881275477718,-1.9673924775716163,0.8594795709686864,0.05935374515947238
sub-11976,8.3,f,ASD,02,6.040759119607992,73.22151221705926,0.37529935701077277,64,62.998046875,35.68802843237796,9.669157731653943,4.15808589760187,9.191914873339162,6.537985033188101,0.5469834373307009,0.14819729092556064,0.06373016994469581,0.14088268290295225,0.10020641889607508,2.3253867211420998,1.0519198518360908,0.4523634035887131,0.8438863568818654,0.05061692494569094,0.7696007295851774,0.07479401681103126
sub-11976,8.3,f,ASD,03,2.7386626118657125,49.29992207536877,0.3779066358592163,64,61.998046875,36.63472532352039,10.529003722061763,4.091466369887393,6.654554368903178,3.607668552837704,0.5955179250648156,0.1711548372258796,0.06650907142201212,0.10817349864108143,0.05864466764619496,2.573405906388758,1.5822252157503371,0.614837018840248,0.9452302769355455,0.4588322206229545,0.7408644478800479,0.06308582251053449
sub-11976,8.3,f,ASD,04,13.380581132032443,108.69893787897442,0.3983077746263748,64,62.998046875,34.55437095400036,10.348496725830383,4.225223245784513,6.226118283542417,3.285684393286782,0.5892638753450832,0.17647536668447877,0.07205373315357293,0.10617547033343813,0.05603155448340989,2.449218922610204,1.6621105244953414,0.6786288106591911,0.8957691666290699,0.5080881951219904,0.7411721338402311,0.06490722908091662
sub-11976,8.3,f,ASD,05,1.831284858828261,40.27743089413424,0.7930333013640133,64,61.998046875,27.273168034449753,9.176336205522174,3.7575080798088205,4.9875923709072,2.6387098581721697,0.5701709842120717,0.1918398566369191,0.07855420673327108,0.1042702647296674,0.05516468768804974,2.442133459360816,1.8398328337829335,0.753371125861396,0.89287202585818,0.6096747162888551,0.7357761465496255,0.0597092564498357
sub-11976,8.3,f,ASD,06,11.821994427217989,102.25181702151589,0.3931489724475955,64,62.998046875,37.25160280990407,11.29597489619678,4.320047956527295,3.6247629605718226,1.5862995085961054,0.6413988333443341,0.19449431899293243,0.07438267108795359,0.06241124028742184,0.02731293628734072,2.614779976950655,3.1163347835610393,1.191815300343004,0.961179955143703,1.1366575624045232,0.7116791763350914,0.04580031429982081
sub-11990,11.7,m,ASD,01,10.486733697754081,96.36314640054725,0.3892562727527651,64,62.998046875,98.56257228252638,17.640170160032678,11.023174293646173,5.437851783745216,0.896859676840534,0.7379612810543352,0.13207612451508655,0.08253311205907417,0.040714481933500135,0.006715000437996411,1.600280435572808,3.243959354088924,2.0271192985793642,0.47017888612041386,1.1767946066090442,0.7078890498873993,0.059113178292617675
sub-11990,11.7,m,ASD,02,10.932220145221835,98.36715432620846,0.3961317019564704,64,62.998046875,65.56264966590449,11.711780366871363,14.213313824314689,5.762471514525704,1.1824572374540674,0.6660659304282914,0.11898265135383547,0.14439630102052947,0.05854226408553951,0.012012853111793847,0.8240006877801586,2.0324231256236067,2.466530860670482,-0.19358391438826997,0.7092287391532112,0.7354584476405197,0.06737604240356575
sub-11990,11.7,m,ASD,03,4.697143108063145,64.62442621645353,0.38069107154674037,64,62.998046875,356.80412051438975,70.55680862854763,34.65763025480272,9.354580057513475,2.068289182479064,0.7536394133083101,0.14902964624698287,0.07320362806973939,0.019758685006570013,0.00436862736839549,2.0358232259335765,7.542488085488112,3.7048836015853497,0.7109002707211977,2.0205521123996117,0.7052890900306851,0.06596483290689216
sub-11990,11.7,m,ASD,04,5.141950182812168,67.61646450543188,0.3567819013332181,64,62.998046875,7314769.870136445,253057.1239474907,13375.535869437503,5273.4699587556715,302.1060371781308,0.9641470684901721,0.03335501848262195,0.00176300607222832,0.0006950868847238837,3.982007025369952e-05,18.919400793931164,47.98683332353752,2.536382301226495,2.9401878926111733,3.8709266675195497,0.3438703549656822,0.0008635821418060984
sub-11990,11.7,m,ASD,05,10.930242227667105,98.36798545050851,0.3959486426527001,64,62.998046875,124.71931130551872,18.72431560342791,20.300460541610345,6.315537252790273,0.8711380117763838,0.7296481295960605,0.10954327533560529,0.11876423072798985,0.03694792647310553,0.005096437867233025,0.9223591536284267,2.9648017031571365,3.2143679514578376,-0.08082059371760092,1.0868101510082153,0.6883582296369509,0.06847523715505452
sub-11990,11.7,m,ASD,06,4.473486101853279,63.0762162221957,0.3961758939312156,64,62.998046875,161.48874730210477,24.62970471208036,29.81983295950574,6.869832717482717,0.9458248732878578,0.7217247010321646,0.11007495300327351,0.13327064818495785,0.030702621990687615,0.004227075788912056,0.8259504587274445,3.5851971547135038,4.340692733844056,-0.1912204845873792,1.276813466880775,0.6963047715744766,0.06248854131599525
sub-11993,8.6,m,ASD,01,2.959376010517625,51.30763604426572,0.35097689079177197,64,61.998046875,48.104433105563245,25.656789125681723,9.277104482533515,10.165788183103851,4.029785917900385,0.49472902663028107,0.26386670606329093,0.09541018518021852,0.10454983393567828,0.041444248190520866,2.765603122610543,2.523836682759367,0.9125809347426406,1.017258738714404,0.9257802368641719,0.7545426615351926,0.03435802915233637
sub-11993,8.6,m,ASD,02,12.264164060018812,104.13698471789473,0.38382698325496883,64,62.998046875,45.781760759261196,29.402883779027164,11.816672086298725,20.214431322154912,9.958668797799644,0.39071464600563904,0.25093262331426625,0.10084686072780545,0.17251574092513156,0.08499012902714932,2.4882541856363205,1.4545491441453662,0.5845661398026631,0.9115813343033383,0.37469598603816684,0.7909565437669481,0.07046505619801502
sub-11993,8.6,m,ASD,03,0.47071373545575457,20.16175867061198,0.29046256968581435,64,61.998046875,62.99080390302475,27.81005385150851,11.386730802530531,28.837921926706493,25.740606911566733,0.4018138928845985,0.17739837098456798,0.07263515223646888,0.18395506890039293,0.16419751499396526,2.442321183646995,0.964357068522089,0.3948526815305997,0.8929488918748855,-0.03629364992261074,0.7867318032210993,0.08494912909867924
sub-11993,8.6,m,ASD,04,1.8283450271642896,40.273590132468165,0.7932452957788428,64,61.998046875,220.236038288457,68.55796398849341,21.69062620182139,17.507523878787385,7.271918295194122,0.6569031923392823,0.2044894457524543,0.06469713906291855,0.052220101738610074,0.021690121106731783,3.1607185219361416,3.915914349918796,1.23893169313915,1.1507993821113778,1.3650488526003828,0.7539706901779772,0.0596272948106082
sub-11993,8.6,m,ASD,05,13.600993580697164,109.5864822137344,0.3986049380232694,64,62.998046875,55.37966869800833,23.7027692342192,10.035233037470581,13.031403129706744,6.9660701550464905,0.5075342114644055,0.21722712641010902,0.0919692046969099,0.11942799708276983,0.06384146034579656,2.361955038384561,1.8188961693759513,0.7700807762284031,0.8594896821937665,0.5982298167501299,0.7599553380650745,0.050994301756076055
sub-11993,8.6,m,ASD,06,12.716524932102173,105.98691123993846,0.3877179241112593,64,62.998046875,32263.967490156418,4137.64293603555,1061.7934808207633,743.8710263471215,145.41053345878132,0.8412440249606522,0.10788404737955806,0.02768498392998813,0.019395539511586273,0.0037914042182153134,3.896843417080655,5.562312268504387,1.4273892156209407,1.3601668451748405,1.7160138974404748,0.5810141360626505,0.030599212379348397
sub-2713,9.9,m,ASD,01,5.809919584886616,71.86186889313197,0.35585730067889765,64,62.998046875,74.93598327960896,25.71997755204295,43.571437307797964,12.088308285198911,1.5585338431522489,0.4746561766662825,0.16291433934006055,0.2759882627709736,0.07656922538276997,0.009871995839907185,0.5902944484101116,2.1276738601655873,3.6044280373907918,-0.5271338014720193,0.755029298533357,0.742128313592741,0.062494975388112266
sub-2713,9.9,m,ASD,02,10.485262734845067,96.36223225390276,0.38925914637092457,64,62.998046875,65.1528486778814,22.90219492317687,32.58454478918716,10.635745815663459,1.363345477333062,0.4912054977739088,0.1726660351103468,0.24566397122621364,0.08018585408919097,0.010278641800332259,0.7028545303102107,2.1533228905721153,3.063682167093185,-0.35260533559627927,0.7670121795351721,0.7462074615354164,0.05154467930644243
sub-2713,9.9,m,ASD,03,10.261609331661466,95.34444549096366,0.39017556152826266,64,62.998046875,6299.294811664171,20574.421135514796,1864.6322728283067,2877.210338519193,1220.2815883492328,0.1918420476981017,0.6265842763116397,0.056786495015438934,0.08762408166349163,0.037163099311328,11.034036810007127,7.150822746627477,0.648069502554329,2.4009847508975226,1.9672274195443225,0.7040096344830746,0.014205959970729857
sub-2713,9.9,m,ASD,04,1.603283216555331,37.675704814680785,0.7073784272652459,64,61.998046875,262.91270530296697,49.64150375896598,22.624055553792793,12.53893916999988,3.6091281158129873,0.7483432963306863,0.14129741852904487,0.06439612832702007,0.03569029142260238,0.010272865390643298,2.194191206829921,3.9589875256538547,1.8043037969209006,0.78581350793263,1.3759883172359617,0.6946696290635161,0.06872010212173622
sub-2713,9.9,m,ASD,05,3.8065370936152387,58.17497700708421,0.4596157843013549,64,62.998046875,1886275.722135685,1536483.1597418494,344664.93357068463,145294.91595442937,17167.36121544519,0.4799822889724131,0.3909739680821749,0.0877035429139038,0.03697178812061542,0.004368411910892888,4.457903923744375,10.574927206838783,2.3721747681714214,1.4946786833057746,2.3584858413945873,0.7154616106490348,0.00045948080496086723
sub-2713,9.9,m,ASD,06,4.251905640379941,61.48588464038932,0.4176615802951248,64,62.998046875,596478.9329773473,398789.3498677661,111520.53027026972,50407.99562009739,2848.0919732417024,0.5141860738432902,0.3437706157961026,0.09613466703067869,0.043453486661853294,0.002455156668075243,3.5759276691143875,7.911232036942389,2.2123579582642066,1.2742246303489824,2.068283526533448,0.7069489008175734,0.0010972091492813304
