participant_id,age,sex,group,run,duration_s,n_channels,delta_abs,theta_abs,alpha_abs,beta_abs,gamma_abs,delta_rel,theta_rel,alpha_rel,beta_rel,gamma_rel,theta_alpha,theta_beta,alpha_beta
sub-10003,12.9,m,TD,01,62.0,64,32.38277565559741,8.348820603003958,11.38195470878047,2.8724690474411125,0.5115222644910156,0.5834992744835062,0.15043586184384744,0.2050893470470485,0.05175849108748353,0.009217025538114312,0.7335137783111509,2.9064962807663166,3.96242901865901
sub-10003,12.9,m,TD,02,63.0,64,47.8160349144887,8.828542710947685,7.02884313938174,2.7153712407310153,0.5140916954324918,0.7147081301936036,0.13196057064455277,0.10506039127994432,0.04058675935206622,0.007684148529833084,1.2560449188974572,3.2513206954975775,2.5885385519106694
sub-10003,12.9,m,TD,03,63.0,64,49.019887675886,8.425118572192853,14.086609976086539,3.077538260518975,0.5421044304600985,0.6522829874511592,0.11210881485972052,0.18744343314317796,0.04095125357772004,0.007213510968222167,0.5980941182083803,2.7376161915764774,4.577233094645936
sub-10003,12.9,m,TD,04,63.0,64,39.2978475520543,7.788604690855796,17.351131750767134,3.1122228044301923,0.4095990853630395,0.578254724878526,0.11460672131552863,0.25531611886835803,0.045795320956258795,0.006027113981328446,0.44888165237471866,2.5025858302204007,5.575157320378257
sub-10003,12.9,m,TD,05,63.0,64,67.43536369652497,7.458269174479348,9.010697781801417,3.248467211204794,0.4520663536856202,0.7697673445272353,0.08513533170881601,0.10285613546994414,0.03708090001866135,0.005160288275343311,0.8277127204890332,2.2959348793036516,2.7738306087009947
sub-10003,12.9,m,TD,06,63.0,64,38.53072696228459,8.446656655824462,15.85051887743338,3.437423752856363,0.5675923529504869,0.5765231830157825,0.12638467438789863,0.2371663427117393,0.05143309352327111,0.008492706361308422,0.5328946466131208,2.4572637135021904,4.611162317204048
sub-10025,8.3,m,TD,01,63.0,64,33.54183746418761,9.743608062845581,14.05836779697815,5.695614915924309,2.568670985515797,0.5112453776312983,0.14851227482392493,0.21427793158080805,0.0868126798850286,0.03915173607894022,0.6930824547740153,1.710721003206086,2.4682791945207723
sub-10025,8.3,m,TD,02,63.0,64,35.89043253250156,9.274309371013745,8.37879394103413,5.457565108255055,2.6606376554297992,0.58205352853461,0.15040622564890274,0.13588319321108516,0.08850812888896152,0.04314892371644056,1.1068787985814923,1.699349286183599,1.535262296433341
sub-10025,8.3,m,TD,03,63.0,64,166.9363609466843,14.644905688784899,19.004333002625714,5.547564394488166,1.7854384389028142,0.8028928578893179,0.07043576435539631,0.0914027546199575,0.02668142402144591,0.008587199113882418,0.7706087704715289,2.6398802514731474,3.425707508957921
sub-10025,8.3,m,TD,04,63.0,64,30.276985284621986,10.207422109206272,15.302354392296706,3.873526490404347,0.8791851497267668,0.5001197329788931,0.16860771215065268,0.25276655917624896,0.06398348500871485,0.014522510685490413,0.667049125090499,2.6351755007981748,3.9504968999706866
sub-10025,8.3,m,TD,05,63.0,64,106.0789635252736,16.80199339819021,12.452592390230922,7.0484493847765615,3.9673254907646585,0.7248339827528615,0.11480745463822237,0.08508814413197552,0.04816181710318398,0.027108601373756504,1.3492767507086636,2.3837857776888667,1.766713742334077
sub-10025,8.3,m,TD,06,59.0,64,808.203780578998,355.81022588070846,83.89901540759124,123.77342313507576,39.29458366303149,0.5727956394590565,0.25217222531847666,0.059461476591891695,0.08772153602387446,0.027849122606700666,4.240934463320466,2.874690033355606,0.6778435409032115
sub-10036,11.0,m,TD,01,63.0,64,29.701927661547437,12.949795534645732,8.919619415824965,10.644576590376413,1.9242259335017913,0.46307858516092776,0.20189844452656716,0.13906453434002378,0.16595809953069668,0.030000336441784712,1.4518327443063916,1.2165627655263835,0.8379496676165632
sub-10036,11.0,m,TD,02,63.0,64,28.150362633349165,15.624080359635753,10.205304811534251,10.411814887083242,1.257303193723181,0.42880196411194343,0.2379946728543286,0.15545287300713953,0.15859854921592156,0.019151940810667144,1.5309763547657183,1.5006106552104357,0.9801657945527649
sub-10036,11.0,m,TD,03,63.0,64,37.578057147173155,13.452454467374205,11.060680326353708,9.91149002272121,1.244203230497321,0.5130328347421659,0.18365906525202239,0.15100547002156592,0.13531619803973485,0.016986431944510973,1.2162411416340946,1.3572585389820953,1.1159452616103211
sub-10036,11.0,m,TD,04,62.0,64,29.081854300151186,14.39824689981376,14.302282836423478,10.408235388000447,3.151117781145909,0.4076415214892605,0.2018208059376598,0.20047567380114048,0.14589265408570626,0.04416934468623286,1.0067097025340521,1.3833513908047619,1.3741313780155702
sub-10036,11.0,m,TD,05,63.0,64,45.72221881576649,17.530732326352606,10.926642031322153,11.305942071322393,5.006043480953899,0.5052649037580811,0.19372777636567415,0.12074761193459896,0.12493916263292315,0.055320545308722636,1.6044025489349119,1.5505768750416156,0.9664512662803804
sub-10036,11.0,m,TD,06,62.0,64,25.787441875688657,11.858849636174535,11.77048870823384,8.903468382231852,1.2447104621482716,0.4329297338687765,0.19909103980643572,0.19760760173599154,0.1494749349629223,0.020896689625874043,1.0075069888881405,1.3319359520432026,1.3220116254608754
sub-10003,12.9,m,TD,01,62.0,64,32.38277565559741,8.348820603003958,11.38195470878047,2.8724690474411125,0.5115222644910156,0.5834992744835062,0.15043586184384744,0.2050893470470485,0.05175849108748353,0.009217025538114312,0.7335137783111509,2.9064962807663166,3.96242901865901
sub-10003,12.9,m,TD,02,63.0,64,47.8160349144887,8.828542710947685,7.02884313938174,2.7153712407310153,0.5140916954324918,0.7147081301936036,0.13196057064455277,0.10506039127994432,0.04058675935206622,0.007684148529833084,1.2560449188974572,3.2513206954975775,2.5885385519106694
sub-10003,12.9,m,TD,03,63.0,64,49.019887675886,8.425118572192853,14.086609976086539,3.077538260518975,0.5421044304600985,0.6522829874511592,0.11210881485972052,0.18744343314317796,0.04095125357772004,0.007213510968222167,0.5980941182083803,2.7376161915764774,4.577233094645936
sub-10003,12.9,m,TD,04,63.0,64,39.2978475520543,7.788604690855796,17.351131750767134,3.1122228044301923,0.4095990853630395,0.578254724878526,0.11460672131552863,0.25531611886835803,0.045795320956258795,0.006027113981328446,0.44888165237471866,2.5025858302204007,5.575157320378257
sub-10003,12.9,m,TD,05,63.0,64,67.43536369652497,7.458269174479348,9.010697781801417,3.248467211204794,0.4520663536856202,0.7697673445272353,0.08513533170881601,0.10285613546994414,0.03708090001866135,0.005160288275343311,0.8277127204890332,2.2959348793036516,2.7738306087009947
sub-10003,12.9,m,TD,06,63.0,64,38.53072696228459,8.446656655824462,15.85051887743338,3.437423752856363,0.5675923529504869,0.5765231830157825,0.12638467438789863,0.2371663427117393,0.05143309352327111,0.008492706361308422,0.5328946466131208,2.4572637135021904,4.611162317204048
sub-10025,8.3,m,TD,01,63.0,64,33.54183746418761,9.743608062845581,14.05836779697815,5.695614915924309,2.568670985515797,0.5112453776312983,0.14851227482392493,0.21427793158080805,0.0868126798850286,0.03915173607894022,0.6930824547740153,1.710721003206086,2.4682791945207723
sub-10025,8.3,m,TD,02,63.0,64,35.89043253250156,9.274309371013745,8.37879394103413,5.457565108255055,2.6606376554297992,0.58205352853461,0.15040622564890274,0.13588319321108516,0.08850812888896152,0.04314892371644056,1.1068787985814923,1.699349286183599,1.535262296433341
sub-10025,8.3,m,TD,03,63.0,64,166.9363609466843,14.644905688784899,19.004333002625714,5.547564394488166,1.7854384389028142,0.8028928578893179,0.07043576435539631,0.0914027546199575,0.02668142402144591,0.008587199113882418,0.7706087704715289,2.6398802514731474,3.425707508957921
sub-10025,8.3,m,TD,04,63.0,64,30.276985284621986,10.207422109206272,15.302354392296706,3.873526490404347,0.8791851497267668,0.5001197329788931,0.16860771215065268,0.25276655917624896,0.06398348500871485,0.014522510685490413,0.667049125090499,2.6351755007981748,3.9504968999706866
sub-10025,8.3,m,TD,05,63.0,64,106.0789635252736,16.80199339819021,12.452592390230922,7.0484493847765615,3.9673254907646585,0.7248339827528615,0.11480745463822237,0.08508814413197552,0.04816181710318398,0.027108601373756504,1.3492767507086636,2.3837857776888667,1.766713742334077
sub-10025,8.3,m,TD,06,59.0,64,808.203780578998,355.81022588070846,83.89901540759124,123.77342313507576,39.29458366303149,0.5727956394590565,0.25217222531847666,0.059461476591891695,0.08772153602387446,0.027849122606700666,4.240934463320466,2.874690033355606,0.6778435409032115
sub-10036,11.0,m,TD,01,63.0,64,29.701927661547437,12.949795534645732,8.919619415824965,10.644576590376413,1.9242259335017913,0.46307858516092776,0.20189844452656716,0.13906453434002378,0.16595809953069668,0.030000336441784712,1.4518327443063916,1.2165627655263835,0.8379496676165632
sub-10036,11.0,m,TD,02,63.0,64,28.150362633349165,15.624080359635753,10.205304811534251,10.411814887083242,1.257303193723181,0.42880196411194343,0.2379946728543286,0.15545287300713953,0.15859854921592156,0.019151940810667144,1.5309763547657183,1.5006106552104357,0.9801657945527649
sub-10036,11.0,m,TD,03,63.0,64,37.578057147173155,13.452454467374205,11.060680326353708,9.91149002272121,1.244203230497321,0.5130328347421659,0.18365906525202239,0.15100547002156592,0.13531619803973485,0.016986431944510973,1.2162411416340946,1.3572585389820953,1.1159452616103211
sub-10036,11.0,m,TD,04,62.0,64,29.081854300151186,14.39824689981376,14.302282836423478,10.408235388000447,3.151117781145909,0.4076415214892605,0.2018208059376598,0.20047567380114048,0.14589265408570626,0.04416934468623286,1.0067097025340521,1.3833513908047619,1.3741313780155702
sub-10036,11.0,m,TD,05,63.0,64,45.72221881576649,17.530732326352606,10.926642031322153,11.305942071322393,5.006043480953899,0.5052649037580811,0.19372777636567415,0.12074761193459896,0.12493916263292315,0.055320545308722636,1.6044025489349119,1.5505768750416156,0.9664512662803804
sub-10036,11.0,m,TD,06,62.0,64,25.787441875688657,11.858849636174535,11.77048870823384,8.903468382231852,1.2447104621482716,0.4329297338687765,0.19909103980643572,0.19760760173599154,0.1494749349629223,0.020896689625874043,1.0075069888881405,1.3319359520432026,1.3220116254608754
sub-10124,12.0,f,TD,01,63.0,64,54.98135419007538,12.726726314156485,31.67964020209982,18.650419103541434,1.854668064101714,0.45858759307621655,0.10615087376662466,0.26423303252184926,0.15555911513179171,0.015469385503517825,0.40173203461171003,0.68238285925381,1.6986020542607716
sub-10124,12.0,f,TD,02,63.0,64,75.09105020590829,20.96689723445627,54.726750046826524,20.314875631320447,1.6327519826249954,0.43472494312770776,0.1213837492326925,0.3168298117609629,0.11760899773349247,0.009452498145144534,0.3831197214619195,1.032095771343565,2.6939249365844793
sub-10129,12.7,f,TD,01,63.0,64,25.772802670404072,7.270888253831191,9.522495867322338,26.7379715978896,19.222758889121604,0.29112956220201885,0.0821319489862252,0.1075661071237551,0.3020321097791407,0.2171402719088602,0.7635485859103571,0.27193118323175547,0.356141296375449
sub-10129,12.7,f,TD,02,63.0,64,16.447418200962854,5.82159583143938,9.694232246380647,21.614259150131414,11.064253709521003,0.2544395205232495,0.09005936578817395,0.1499685710226373,0.3343699094550137,0.17116263321092567,0.6005215971190374,0.2693405215049429,0.4485109657955455
sub-10129,12.7,f,TD,03,63.0,64,27.57115759399377,6.052484559651957,13.06814930077589,13.767190131814077,7.6210069840366454,0.40498181878416084,0.08890254958554478,0.19195287154443208,0.20222080556907776,0.11194195451678467,0.46314779700998715,0.43963107225965453,0.9492241463693597
sub-10129,12.7,f,TD,04,62.0,64,25.740244224503773,7.91759158489948,20.851026108589693,20.391089874131367,8.893116318852949,0.30718822934628515,0.0944898159644096,0.24883951117500752,0.24335055791399104,0.10613188560030673,0.37972191601821387,0.38828682693140054,1.0225557455387322
sub-10129,12.7,f,TD,05,63.0,64,30.167473246119194,7.191634552775711,15.609124024538078,17.69686995737807,13.95900967494422,0.3564879172987465,0.08498327993122591,0.18445244217068235,0.2091232587609581,0.1649531018383871,0.4607327446095127,0.4063789003420585,0.8820273902747654
sub-10129,12.7,f,TD,06,63.0,64,16.707431801172866,5.833520416253777,15.545633371247533,12.582917147078883,4.537946574539636,0.30263002565593966,0.10566545799764372,0.28158579259609545,0.22792063941148183,0.08219808433883934,0.37525138261932645,0.46360635996145183,1.2354554345020419
sub-10170,8.3,f,TD,01,63.0,64,70.73549179137291,15.993017654624733,9.59454989134418,17.26466329856678,7.977012674795423,0.5818750940441896,0.13155967981790617,0.0789254372727562,0.1420203256679702,0.06561946319717797,1.6668856627712152,0.9263440229357028,0.5557333916926528
sub-10170,8.3,f,TD,02,63.0,64,134.82351843567542,19.027337689006234,12.56383775637948,11.844865158512539,5.683708377885627,0.7329625070195878,0.10344133795244424,0.0683027866840369,0.06439412175728407,0.030899246586647007,1.5144526742511313,1.606378581298739,1.060699095198246
sub-10170,8.3,f,TD,03,63.0,64,47.6733185804144,13.296257950110654,10.930038984719948,11.024448281151203,5.412752660808885,0.5396766658838086,0.1505177397529607,0.12373141146664507,0.124800153812335,0.06127402908425052,1.2164876967683875,1.2060701461898664,0.9914363699639582
sub-10170,8.3,f,TD,04,63.0,64,60.924078108493234,18.039443163921185,14.75846243035244,15.718831085347768,18.788198038621246,0.47511929449861995,0.14068144771804672,0.11509456483373384,0.12258404505216917,0.14652064789743036,1.2223118261168615,1.14763261122747,0.9389033033193842
sub-10170,8.3,f,TD,05,62.0,64,56.64995194404944,15.738810384537235,12.67394923685799,7.877431070596923,6.818026046649298,0.5678728137466181,0.15776964024468992,0.12704673115212323,0.07896527346701124,0.0683455413895574,1.241823688133933,1.997962310744105,1.6088937019283376
sub-10170,8.3,f,TD,06,63.0,64,102.9432687800762,25.571532123168595,19.564957167399832,10.050823284268148,8.089550520724675,0.6193188972867394,0.15384136587197933,0.11770509953654673,0.060466943268869325,0.04866769403586512,1.3070068032541995,2.5442226372832493,1.9466024438041303
sub-10177,8.1,m,TD,01,63.0,64,70.07113453033269,20.56258412584544,23.23494590144525,12.181443920488112,3.156573799463382,0.5423181935729824,0.15914489686896235,0.1798277418154704,0.09427874553979104,0.02443042220279374,0.8849852378854222,1.6880251848683545,1.9074049064385648
sub-10177,8.1,m,TD,02,63.0,64,66.6710898804547,19.095539836858755,15.699814092660107,10.57741709316341,2.7535136425195605,0.580771904795947,0.1663412592181208,0.13676109017995067,0.0921398867790014,0.02398585902698018,1.2162908251115023,1.8053121729690451,1.484276733571138
sub-10177,8.1,m,TD,03,63.0,64,82.64568221256187,20.968769643917906,25.58874563292817,11.840295884747139,5.354628980226233,0.5645269275551503,0.14323113784997504,0.17478875563025525,0.08087737529915655,0.03657580366546266,0.8194528151053573,1.7709666927268444,2.1611576164994326
sub-10177,8.1,m,TD,04,63.0,64,70.32673230605465,16.840283744999613,11.964940172915052,10.684939584257938,2.1536280694164414,0.6280825512873773,0.15039925832089446,0.10685794581071886,0.09542636056551772,0.019233884015491687,1.4074691140638413,1.5760766462180384,1.119794836326724
sub-10177,8.1,m,TD,05,63.0,64,77.87203924661505,18.180044579074867,15.401065453772793,13.311928395168783,6.337107942966754,0.5939797180327254,0.13867079708421354,0.11747375058029132,0.10153856957043653,0.04833716473233307,1.1804407061085056,1.3656957909774243,1.1569372217598621
sub-10177,8.1,m,TD,06,63.0,64,75.69411928117259,20.1648771224022,21.742915916468103,9.681981878736863,2.66262537614663,0.5825020903120673,0.15517827786665153,0.16732203361500012,0.0745074351387633,0.020490163067517757,0.9274228534880781,2.082722047506348,2.2457092141660504
sub-10182,10.6,f,TD,01,63.0,64,503.3621082193946,66.52694288323922,39.54175447945914,16.29526095509101,4.193446551616495,0.7990895626508956,0.10561181468569754,0.0627727093030771,0.025868798499648717,0.006657114860681163,1.6824479277417532,4.0825945080956,2.426580009269836
sub-10182,10.6,f,TD,02,63.0,64,76.06401801668166,16.649194828207378,31.06137397317132,9.840816241338986,3.2274735188918933,0.5558493062893451,0.12166650719799768,0.22698568423764706,0.07191325180678156,0.02358525046822861,0.5360096060975219,1.6918510029958667,3.1563818703056046
sub-10182,10.6,f,TD,03,62.0,64,1770.7705216060065,126.76071276876087,107.07105188759415,57.685634302530566,11.493217111898662,0.8538849589449734,0.0611254054083875,0.05163083506851808,0.02781664528357822,0.005542155294542919,1.1838934103480874,2.1974398704531555,1.856112933179572
sub-10182,10.6,f,TD,04,63.0,64,2767.239321753739,574.2258544152428,262.1522979498028,238.57081177742612,92.98484128488487,0.7032065000240564,0.1459213701295478,0.06661772925289104,0.06062523911071807,0.023629161482786706,2.1904284605019795,2.4069409419244674,1.0988448083681626
sub-10182,10.6,f,TD,05,63.0,64,83.35755172449107,19.99509106909648,45.60106378465167,11.497341457177473,3.3268650876940677,0.5089669915492925,0.12208661526946127,0.2784323167579602,0.07020080570043043,0.02031327072285556,0.43847861013773964,1.7391056135515655,3.966226797255307
sub-10182,10.6,f,TD,06,63.0,64,73.23811506731752,15.704191649764748,33.09156749876505,11.86818489591393,3.7704196750685295,0.5319735339458689,0.11406921548990852,0.2403644344197767,0.08620593600475857,0.02738688013968715,0.47456777773826564,1.3232176434301683,2.788258507007088
sub-10212,9.5,m,TD,01,153.0,64,1155.803397583772,169.2041923086096,58.463936243803076,45.43348014175221,11.312956957475867,0.8025197762339316,0.11748512838188514,0.04059381130927248,0.03154625292944344,0.007855031145467454,2.8941635336184626,3.7242181708443516,1.286802949309538
sub-10212,9.5,m,TD,02,153.0,64,1311.8242512568524,422.99013569763906,158.73369464268154,120.70789300860862,28.905437988702037,0.642056101476118,0.20702727307310986,0.07769023713163978,0.05907898038037493,0.014147407938757427,2.6647784936261556,3.504245871208044,1.315023323548204
sub-10212,9.5,m,TD,03,153.0,64,15976.844925831996,2192.401180332344,883.8126617476348,649.228481894287,108.86167577637956,0.8064572623145894,0.1106650194073924,0.04461188319100186,0.03277086474555354,0.005494970341462816,2.4806175281502876,3.376933146764393,1.361327616386899
sub-10213,8.2,f,TD,01,63.0,64,88.41788855558029,23.324757485286728,25.974271654151067,13.333004767450362,5.678598087255342,0.564146769493232,0.1488226737767661,0.16572779200011944,0.08507069881528247,0.036232065914600056,0.8979946693349953,1.7493999208812303,1.9481183804540156
sub-10213,8.2,f,TD,02,63.0,64,3602.655479696192,70.45763332763217,26.257691457631413,22.56556958738769,12.450123409145114,0.9647248569823288,0.018867257948585563,0.007031326691911644,0.006042644381514155,0.003333913995659872,2.6833140849918355,3.1223512021168847,1.1636174906175343
sub-10213,8.2,f,TD,03,63.0,64,125.78437785056124,24.570402143174174,27.416205858898564,11.384803298469082,4.114285354403433,0.6508218003867822,0.12712988395145539,0.14185437620927419,0.05890618776651176,0.021287751685976672,0.8961999435527028,2.1581753763350626,2.4081404957242634
sub-10213,8.2,f,TD,04,63.0,64,172.3313448713864,31.78860479009618,23.91485190902134,15.37620300961506,9.127393866456446,0.6823966015918294,0.125876322118282,0.09469788379164262,0.060886594292977984,0.036142598205267974,1.3292411306174403,2.0673897691268843,1.5553158275854504
sub-10213,8.2,f,TD,05,63.0,64,117.34124714388142,28.293133814479255,23.399945619290012,15.723761252968286,8.100443333568489,0.608431716427336,0.14670408222902148,0.12133217793393226,0.08153002699985348,0.04200199640985697,1.2091110925982447,1.7993871414918716,1.4881900865082545
sub-10213,8.2,f,TD,06,63.0,64,1050.2735889041671,47.63673977999697,32.49785058342785,29.26489673858912,25.033905247153413,0.8865260402138032,0.04020972319214388,0.027431129467176317,0.024702223589185713,0.02113088353769077,1.4658427842082928,1.6277774770748628,1.110472074230001
sub-10214,12.6,f,TD,01,63.0,64,30.888966614295526,13.334285586925636,26.059893733356173,5.999518951412801,1.0828381595690653,0.39926020510854243,0.1723544094203499,0.33684126267504466,0.07754772754311168,0.013996395252951445,0.5116784328962172,2.222559124308725,4.343663874454374
sub-10214,12.6,f,TD,02,63.0,64,29.756295837234735,11.38464909273315,39.10290768191715,8.521496281192531,1.7011244078268677,0.32892070124432765,0.12584384775193103,0.432236454623972,0.09419507548225976,0.01880392089750956,0.2911458448395104,1.3359917926455913,4.588737281763495
sub-10214,12.6,f,TD,03,63.0,64,71.5856209650221,17.5343879621432,36.012521254473576,8.66749112400318,3.299532230246517,0.522143355822695,0.1278952958628944,0.26267424164183417,0.06322041830525937,0.024066688367316947,0.48689698336422443,2.023006163061952,4.154895660030487
sub-10214,12.6,f,TD,04,63.0,64,23.611687180595794,11.509698933305156,38.97755140153936,7.758668450405902,0.6407023628893916,0.2862081375839731,0.1395143629787149,0.4724648564455811,0.09404639449683627,0.0077662484948945775,0.29529045615858257,1.483463175012075,5.023742366449517
sub-10214,12.6,f,TD,05,63.0,64,45.31164987125515,16.922382469035142,43.54978346667704,8.140673566828662,1.9553113486282927,0.3910228494420144,0.14603392794548042,0.3758185912918089,0.07025101455195489,0.016873616768741245,0.388575582286962,2.078744753749848,5.3496535770863245
sub-10214,12.6,f,TD,06,62.0,64,42.56299571653108,16.050747167975086,41.49729911182479,7.109340674572406,0.7458278012075384,0.3942251518360521,0.14866454141336383,0.3843545024907963,0.065847830015381,0.006907974244406732,0.3867901649387436,2.257698414338607,5.837010914422195
sub-10258,12.7,m,TD,01,63.0,64,160.05886931829605,20.029260559174897,4.952844191751196,21.053889292313144,16.274517894614483,0.7197882568820141,0.0900720254111917,0.02227304930100048,0.09467980336762702,0.07318686503816677,4.043991650803995,0.9513330426073655,0.23524604518365633
sub-10258,12.7,m,TD,02,62.0,64,341.8930643419872,21.05092919240647,6.066257577160718,21.984379346083646,23.43681068244273,0.8249689343102347,0.05079472043553545,0.014637541882615703,0.05304708370003415,0.05655171967157993,3.4701673848572807,0.9575402999110156,0.27593490276273713
sub-10258,12.7,m,TD,03,63.0,64,328.24628981380096,25.00303001672696,9.419241000507958,23.80510574431965,21.088599334345467,0.8053893043339956,0.06134775495204113,0.023111170460012296,0.05840851260159075,0.051743257652360375,2.6544633495818406,1.0503221571571115,0.3956815441895513
sub-10258,12.7,m,TD,04,63.0,64,228.41460583340478,45.05776943921227,8.902511997807824,17.73082741399607,11.798780314867383,0.7323222636914096,0.14446014777477023,0.028542429303008723,0.056846976232376924,0.03782818299843452,5.061242203358716,2.5412107617518913,0.5020923045464029
sub-10258,12.7,m,TD,05,62.0,64,118.07911921071903,13.656958662879306,4.888389133351264,13.7145244725689,10.34473750674222,0.7348542379223436,0.08499279142349904,0.030422427735475606,0.08535104679915388,0.06437949611952773,2.7937544025912473,0.9958025661185166,0.3564388355665392
sub-10258,12.7,m,TD,06,62.0,64,1166.7629655459455,135.43788086693235,45.31379850531793,59.3405487075645,34.03093673015576,0.8097537626083895,0.09399624162769724,0.03144856317974612,0.04118337143887052,0.02361806114529655,2.9888882709984608,2.2823833587111277,0.7636228429337308
sub-10260,8.3,f,TD,01,153.0,64,127.41556039302236,34.02239245886533,17.19037339493768,10.08732716928033,3.1063266758867596,0.6642385837739627,0.1773644107028253,0.08961628582237371,0.052586920249925104,0.016193799450913038,1.979153778526093,3.3727856634288806,1.7041554325003725
sub-10260,8.3,f,TD,02,153.0,64,106.31552553905055,28.127545817319298,15.784047194632311,9.128014093937942,2.224772963343656,0.6579749204507522,0.1740782414213595,0.09768570624677421,0.05649226034372664,0.013768871537387494,1.7820236768478903,3.0814529346530306,1.7291874258952717
sub-10260,8.3,f,TD,03,153.0,64,170.75443295417742,38.892320601370855,23.855173694291047,12.043312625926205,1.8219506768571863,0.6902873116386573,0.15722505686580632,0.0964362882603718,0.04868597407368871,0.007365369161475763,1.630351600025384,3.2293706731190825,1.980781736325344
sub-10310,11.8,m,TD,01,63.0,64,45.329399980775214,7.9837707476864646,16.78150298842205,5.483743082912774,0.9673390802147175,0.5921869796652215,0.1043006324243681,0.21923492420308424,0.07164006704053949,0.012637396666786637,0.4757482540863386,1.4558980293157284,3.0602277923473213
sub-10310,11.8,m,TD,02,63.0,64,20.081526466909864,8.391211901615002,26.197590399409716,6.317080173155358,2.595178139379849,0.3158337429946786,0.13197342679679153,0.4120246061434113,0.09935236144387291,0.040815862621245744,0.32030472168173424,1.3283370911253802,4.147104307894848
sub-10310,11.8,m,TD,03,63.0,64,18.516881570347316,6.831737617962629,22.14990809462844,5.410917999773086,1.2116741384858074,0.3421378154845579,0.12623053054011454,0.40926552021673684,0.09997793943733223,0.022388194321258603,0.30843187198683636,1.262583838500071,4.0935582641535735
sub-10310,11.8,m,TD,04,63.0,64,21.22029050786424,5.94634279584594,12.160785928987364,4.644229698674884,1.146838485106804,0.4703236239279083,0.13179393052245977,0.26953000034628194,0.10293407347203332,0.025418371731316704,0.4889768498984749,1.2803722429023228,2.6184721079702715
sub-10310,11.8,m,TD,05,63.0,64,13.499208879051965,6.810841329163009,11.462738977822019,4.230190548975551,0.7344474342038474,0.36745112326111495,0.18539244182211154,0.31201801163220977,0.11514661953573546,0.019991803748828314,0.5941722429814157,1.610055445566732,2.709745304640713
sub-10310,11.8,m,TD,06,63.0,64,26.426531856381636,7.7679854843284994,18.24825156302399,5.351418027344987,0.8409104219936885,0.45069477240318323,0.13248013280430607,0.31121721267284097,0.0912664644371831,0.014341417682486719,0.42568382277612765,1.451575160945229,3.4099843200022897
sub-10314,9.0,m,TD,01,153.0,64,185.6582447552613,17.325870315580428,28.4173050739162,19.58044528401154,9.559548660789778,0.7125863095662888,0.06649948675577842,0.10907020357288746,0.07515290938461283,0.03669109072043245,0.6096943489368235,0.8848557866928547,1.4513104611119554
sub-10314,9.0,m,TD,02,153.0,64,194.16406234711303,17.66639430715914,28.40012469905654,23.981632722925998,12.51360316358382,0.7016478053395027,0.06384078826966716,0.1026291113071034,0.08666207209044428,0.04522022299328244,0.6220534062565586,0.7366635337664226,1.1842448355030701
sub-10314,9.0,m,TD,03,153.0,64,76.2166056201867,13.582844166235608,23.01892897795977,15.947015147070854,6.027250806188047,0.5654359388811062,0.10076843728890761,0.17077288620739683,0.11830775470335282,0.04471498291923663,0.5900728126508817,0.8517483705237782,1.4434631663460786
sub-10354,12.5,f,TD,02,63.0,64,21.368977880302225,5.968773353580872,5.038348475012392,5.658026488698748,1.3460499483882045,0.5426328668791972,0.15156796992107424,0.12794123765051782,0.1436770233765442,0.034180902172666595,1.1846686236934398,1.0549214227792685,0.8904780642289161
sub-10354,12.5,f,TD,03,63.0,64,20.22872356165662,5.497570612421243,6.142528419585395,5.412969072384733,0.7882522945256407,0.5313554032825922,0.14440673139528484,0.1613480779256983,0.14218447128641484,0.020705316110009645,0.8950012497935361,1.0156294150040723,1.1347798846519639
sub-10354,12.5,f,TD,04,63.0,64,18.522021032406762,5.885202810961007,5.416437649348357,5.490684374794393,0.7524360433398811,0.5135479255728818,0.16317515728206655,0.15017801318500404,0.1522366034309971,0.02086230052905044,1.0865449197350305,1.071852324635103,0.9864776919637059
sub-10354,12.5,f,TD,05,63.0,64,15.518612109093834,4.858882338077833,4.379117918612045,4.484372959289274,0.7916921670572592,0.5167242285727047,0.16178651867956337,0.14581177185282757,0.14931645573273838,0.02636102516216591,1.1095573191639125,1.0835143245641001,0.9765284819900638
sub-10354,12.5,f,TD,06,63.0,64,22.882881177463503,5.068302777370782,4.982821349876303,5.125889258680938,0.8355957989059317,0.5883170764609913,0.13030566603380933,0.1281079452518305,0.1317862099419529,0.02148310231141601,1.0171552262247172,0.9887655627337968,0.9720891533966829
sub-10400,12.6,f,TD,01,62.0,64,73.75663080407243,10.61912787815369,8.912891463749991,7.474887298183545,4.371933744202442,0.7015389760505194,0.10100423537483674,0.08477530335866891,0.07109767249524605,0.04158381272072894,1.1914346675647525,1.4206405333675358,1.1923780397218688
sub-10400,12.6,f,TD,02,63.0,64,54.01285175740094,14.986261174621703,9.286931685538454,21.34441192966987,33.64964046743144,0.4052581965892393,0.11244185373734411,0.06967980886536104,0.16014703176065165,0.25247310904740394,1.6136934869412474,0.7021163770640128,0.43509897185919294
sub-10400,12.6,f,TD,03,63.0,64,123.93005091019904,24.347964129044236,12.478120802427764,13.950447370154407,11.329848258082945,0.6661601167631775,0.13087739824219619,0.0670735334140513,0.07498771751279754,0.06090123406777754,1.9512524774008484,1.7453178011433728,0.89446026147688
sub-10400,12.6,f,TD,04,62.0,64,62.15450674727592,19.182116571771495,8.238314996492639,6.941737184477448,2.6858228660046657,0.6265417481518232,0.19336324072198527,0.0830454386954668,0.06997542701863103,0.027074145412093638,2.3284029051982165,2.7633020470243377,1.1867800202684844
sub-10400,12.6,f,TD,05,63.0,64,29.222679297670194,11.068313115036903,9.421395866299749,4.781843186083885,0.9200492451089018,0.5273492486620227,0.1997375581381435,0.17001747104813786,0.08629261491440296,0.01660310723729301,1.174806076733084,2.314654137393693,1.9702435859289333
sub-10400,12.6,f,TD,06,63.0,64,20.23225514384188,9.97186932848151,10.668588337360486,4.433013236322798,0.8117312157504327,0.43871141960420856,0.21622764828256652,0.23133513794585137,0.09612440710166544,0.01760138706570799,0.9346943581617893,2.249456249481722,2.406622260891358
sub-10434,8.7,m,TD,01,63.0,64,57.32052455399498,17.43300899254452,20.537798923637993,8.79811618934388,3.896809185985101,0.5308131395385715,0.1614372915624647,0.19018900491043003,0.08147440577051154,0.03608615821802232,0.8488255755820058,1.9814479165050203,2.3343404976298228
sub-10434,8.7,m,TD,02,63.0,64,56.57690366549355,21.631041303934847,27.126091837762722,10.982166107803453,7.7846530244856105,0.4558945483267594,0.17430211210214036,0.2185810213185895,0.08849387882674303,0.06272843942576774,0.7974256458802474,1.9696516235139407,2.4700128892139133
sub-10434,8.7,m,TD,03,63.0,64,68.77827064167805,24.63247581834872,16.771301216288087,12.815069881769409,7.674824062061286,0.5263430679067417,0.18850623563820346,0.12834661372860842,0.09807055533790067,0.058733527388545884,1.4687277689834797,1.922149160761943,1.3087171097011943
sub-10434,8.7,m,TD,04,62.0,64,45.303784288480415,26.941171999018888,33.91540294214639,11.649972033147604,7.050957933826918,0.36283290505786886,0.21576881171388815,0.27162464171533174,0.09330331368597584,0.05647032782693529,0.7943639073071225,2.3125525041917108,2.911200374185198
sub-10434,8.7,m,TD,05,62.0,64,64.87563918049491,21.6937468748012,17.386717388012634,15.752190303333345,10.599063083033874,0.4978662813742243,0.16648136684375367,0.13342851709239037,0.12088488851725343,0.08133894617237804,1.247719531563679,1.3771892325482225,1.1037650671559882
sub-10434,8.7,m,TD,06,63.0,64,42.770225606778595,17.545333886812223,26.068712493934076,10.93700526329014,7.715543492917399,0.4071926901817495,0.16703984148205625,0.24818641986067158,0.10412544082968879,0.07345560764583392,0.6730418270904189,1.6042173761864063,2.383532956817095
sub-10520,11.0,m,TD,01,152.0,64,51.258403196796316,25.284908959644714,49.0357466015613,11.373448481915803,3.3237829453330074,0.3654103136681448,0.1802507674408345,0.34956546496064234,0.08107890839496713,0.023694545535411338,0.5156423774903764,2.22315237105515,4.311422932062331
sub-10520,11.0,m,TD,02,153.0,64,50.07012391891056,31.241851545119673,76.02704575649331,11.784033823528326,3.3041507500606415,0.29038412870122726,0.18118864364376552,0.4409225644314723,0.06834207959966078,0.01916258362387417,0.41093075805133955,2.651201788197632,6.451699553398737
sub-10520,11.0,m,TD,03,152.0,64,58.343589024900844,30.59733668586253,80.09023985477766,13.472545752506303,4.732044308281634,0.311604954030995,0.16341609850912447,0.4277507764842509,0.07195498374463154,0.02527318723099819,0.3820357729149352,2.2710879775762125,5.94469978622106
sub-10593,9.4,f,TD,01,153.0,64,64.53610147031227,19.226058331188323,6.573576816345736,4.5478777483365365,0.9577601389209969,0.6733636887362828,0.20060290694354005,0.06858808995895266,0.04745213402687946,0.009993180334344985,2.9247484084130817,4.227479144139391,1.4454163414463226
sub-10593,9.4,f,TD,02,63.0,64,46.166842655967,16.63065114880662,4.752602154398071,5.453166679198505,2.1537231137084687,0.6142721424227705,0.22127884696795008,0.06323566740789129,0.0725570168179301,0.028656326383457997,3.499272737023984,3.049723605963748,0.8715306965633771
sub-10741,11.7,f,TD,01,63.0,64,31.86943954018758,9.187401516090429,4.8728578714150546,2.5328533566100826,0.6510388334329782,0.6488924718168031,0.1870643401755371,0.09921607767865595,0.05157133288295441,0.01325577744604939,1.8854236586675677,3.627293104874675,1.9238610315509084
sub-10741,11.7,f,TD,02,63.0,64,34.57072043688486,8.440474444982753,4.693736767331997,2.3805349754832874,0.5217867644115706,0.6831178955927022,0.1667838872836679,0.09274830094500774,0.047039402774549245,0.010310513404072866,1.7982419686863835,3.5456208507372167,1.9717151042400007
sub-10741,11.7,f,TD,03,63.0,64,31.592945471735476,8.038143284655165,5.3400797150410035,2.365581895973584,0.5131419717314485,0.6602511296748612,0.1679866535056073,0.11160066311525063,0.04943755942453317,0.010723994279747774,1.505247807821057,3.397956037090388,2.2574064014144937
sub-10741,11.7,f,TD,04,63.0,64,22.148674692978076,6.346631757008608,5.626064191823937,2.327451400805102,0.5010821070523043,0.5994244153723216,0.17176314534676887,0.15226194279246819,0.06298937586894965,0.01356112061949168,1.12807666969599,2.7268589818086895,2.4172638749310913
sub-10741,11.7,f,TD,05,63.0,64,19.78096924329512,5.507151279440424,3.4443623579591374,2.781149913090402,0.8617343582230914,0.6109882600070576,0.17010312975242436,0.10638836439405416,0.08590327022493376,0.026616975621530207,1.5988884754574824,1.9801705954501752,1.238466988689501
sub-10741,11.7,f,TD,06,63.0,64,32.44789151253358,6.915761008184517,7.1982235663955425,5.365021842816568,2.3077538801695683,0.5982870808528177,0.12751554176838356,0.13272369833957454,0.09892239857281565,0.04255128046640856,0.9607594074280098,1.2890461979095746,1.3416951090392144
sub-10747,9.2,m,TD,01,63.0,64,164.35920347708264,25.14999040821601,12.377893488179723,17.45031642404721,8.217975565677397,0.7222822151558439,0.11052250436177959,0.05439508186015356,0.07668602022453012,0.036114178397692896,2.031847376311083,1.441234061151943,0.7093220081168562
sub-10747,9.2,m,TD,02,62.0,64,345.6514512548942,45.09110071536681,17.529519768249,24.592371773251493,24.974009973596665,0.7549637838927138,0.09848692343796073,0.03828756548254766,0.05371408099524774,0.054547646191530186,2.5722952660140614,1.8335401372067441,0.712803137894793
sub-10747,9.2,m,TD,03,62.0,64,183.49042424064478,26.008349423171666,16.133073380466016,26.247352223678146,25.32613458624197,0.6619296306078742,0.09382340902881355,0.058199000560902915,0.094685595903732,0.09136236389867723,1.6121137497993823,0.9908942129297571,0.6146552704814209
sub-10747,9.2,m,TD,04,63.0,64,166.40079810592042,23.184726982991265,21.42638761437578,11.884963139889164,5.201419822297548,0.7295135530076978,0.10164357833253462,0.09393488693926687,0.05210456792417024,0.022803413796330503,1.0820642004738001,1.950761370489827,1.8028148141632012
sub-10747,9.2,m,TD,05,63.0,64,153.5599728557625,28.405343412547523,20.488667576768172,14.294303293876359,7.073270339688706,0.6860821387609858,0.12691066817930582,0.09154018856616691,0.06386472980932724,0.03160227468421413,1.3863929074995567,1.9871792859408752,1.4333449595647982
sub-10747,9.2,m,TD,06,63.0,64,115.3910897810393,24.41149226064773,22.871295048005237,31.217529623388742,30.732823028434126,0.5137072252348949,0.1086770215694856,0.10182024919717801,0.1389766796721445,0.13681882432629694,1.0673419327331368,0.7819802705451169,0.7326426954319167
sub-10752,11.9,m,TD,01,62.0,64,38.34451576293272,8.979896097658552,5.482689996035329,7.426229949050836,3.682532098099559,0.5999217318044703,0.1404955757333963,0.08577979958605142,0.11618758623415863,0.057615306641923464,1.6378631847053438,1.209213310019614,0.7382871300310441
sub-10752,11.9,m,TD,02,63.0,64,44.61023335959557,6.467839387269611,4.584912327650918,13.150437859082007,12.355998553713386,0.5495940779443537,0.07968320173725361,0.0564857090717055,0.16201221615380984,0.1522247950928773,1.4106789672428506,0.49183452722851856,0.3486509252986179
sub-10752,11.9,m,TD,03,63.0,64,17.276208301549396,6.496810694810573,4.597181776817892,5.643843758658933,4.68924064791281,0.4463757590941836,0.16786199581346764,0.11878014373888955,0.1458233773295274,0.12115872402393175,1.4132159680028096,1.151132273079494,0.8145480231916014
sub-10752,11.9,m,TD,04,63.0,64,44.329439944457825,6.945500111265137,5.9608290812970335,9.81733853687822,8.488799595411056,0.5868191782135176,0.09194234514763057,0.07890757986883347,0.12995883863348986,0.11237205813652835,1.1651902808382228,0.7074728130414164,0.6071736305013371
sub-10752,11.9,m,TD,05,63.0,64,111.41524140624561,8.558064469563684,10.83259295160888,10.337964250717437,7.936910972691228,0.7473481548214945,0.05740555429800719,0.07266257517495629,0.0693447181002217,0.053238997605320026,0.7900291747132085,0.8278287931755779,1.0478458513587061
sub-10752,11.9,m,TD,06,63.0,64,48.39986948347529,6.176592143528392,7.5873419011337395,5.180155802163306,2.4944522530276436,0.6930264933893368,0.08844118878847541,0.10864138701208619,0.07417344817446991,0.03571748263563188,0.8140653504233748,1.1923564424353725,1.4646937642232998
sub-10764,12.9,f,TD,01,63.0,64,103.02504040736584,19.309662578534617,17.42803902493606,9.879965563248987,2.263858187817536,0.6782132154106251,0.12711539150190787,0.11472867507420718,0.06503975330950972,0.014902964703750111,1.1079653052707954,1.9544261014797213,1.763977709574619
sub-10764,12.9,f,TD,02,63.0,64,141.5823606603774,20.68021339832874,12.759240203189966,10.15068290936211,3.1556049253600857,0.7517856288263404,0.10980949294396403,0.06775005992809333,0.053898928499552815,0.01675588980204962,1.6208028902189986,2.037322373576964,1.2569834283190886
sub-10764,12.9,f,TD,03,63.0,64,67.52338870606955,16.964928095615598,18.58167864241133,10.095045403676759,2.8222431199987157,0.5821619956617958,0.14626541389079722,0.1602044466148065,0.0870357944279629,0.024332349404637316,0.9129922232587956,1.6805202371290704,1.8406731123411906
sub-10764,12.9,f,TD,04,63.0,64,67.62286069551425,19.543947329328674,24.182759274739574,12.725489343930446,3.5351872756623846,0.529917180773862,0.15315343603376583,0.18950484327932357,0.09972153451873665,0.027703005394312002,0.8081768960808193,1.5358110640083449,1.900340224344598
sub-10764,12.9,f,TD,05,62.0,64,38.60039138538996,13.322323803491823,27.08686693716405,11.913383171194946,3.1075861421116566,0.4105090398229381,0.1416808005436873,0.288064533521687,0.12669694039685395,0.03304868571483364,0.49183701586443607,1.118265366944926,2.2736502761580497
sub-10764,12.9,f,TD,06,62.0,64,82.26791075206204,17.855493465218217,20.46211237405317,10.520847661871239,2.626707767251592,0.6151650411461277,0.1335159149151003,0.15300712131194605,0.07867050014570767,0.019641422481118224,0.8726124233321944,1.6971535031277545,1.944911002581115
sub-10769,12.0,m,TD,01,153.0,64,57.32079118059255,29.13482646111421,30.418801458942532,9.567060966381307,4.985600434503446,0.43614140222740083,0.22168054216782315,0.2314500279764449,0.07279368095123773,0.037934346677093334,0.957790085859847,3.045326727141607,3.1795346100369097
sub-10769,12.0,m,TD,02,153.0,64,189.73128727647588,93.57933416405875,42.360360221754746,12.970016524855152,3.1540718148903895,0.5551024690770007,0.2737878406599066,0.12393496553798317,0.03794676302609611,0.00922796169901342,2.2091250800081674,7.215051267261499,3.266022070255444
sub-10769,12.0,m,TD,03,153.0,64,151.53419048952125,45.02698083227756,25.77187954291123,11.431153493073886,4.702626856803458,0.635451855999048,0.18881863193694837,0.10807322515943561,0.047936031333378266,0.01972025557118986,1.7471360890580683,3.938970888594867,2.25453009256908
sub-10777,9.0,m,TD,01,63.0,64,334.2783830511782,34.8651587543852,25.982672468359926,39.18898702582991,63.33474383970382,0.6717138951105539,0.07005960534088855,0.05221074114873813,0.07874809875614058,0.12726765964367873,1.341861919586671,0.8896672611467393,0.6630095452897123
sub-10777,9.0,m,TD,02,63.0,64,122.97065045154075,19.430587802580828,16.38172588236446,13.715098401772707,11.376086293052508,0.6687761777995,0.1056732984276475,0.08909205555259041,0.07458959559538264,0.06186887262487937,1.186113596461688,1.4167297407118407,1.1944300654997186
sub-10777,9.0,m,TD,03,63.0,64,2360.7164180682553,238.33729265916205,80.89514412993249,86.70426021306577,47.46713065402002,0.8388825678842089,0.08469335772743683,0.028746157614564817,0.03081043190844377,0.016867484865345766,2.9462496818887978,2.748853309785188,0.9330007998585301
sub-10777,9.0,m,TD,04,63.0,64,3160.709885436867,983.7437243250374,158.1119424635152,119.85128971126596,32.88991421062923,0.7094258731064483,0.220802691749046,0.03548845256173585,0.026900794102650356,0.007382188480119488,6.221817966419831,8.208036197983157,1.3192343849150314
sub-10777,9.0,m,TD,05,126.0,64,5941338.352521459,279843.29878697125,29673.372709667357,18550.190437235957,2580.889923009006,0.9472818105215403,0.04461797174448752,0.004731096691836258,0.002957626201417515,0.0004114948407183716,9.430788388129551,15.085737245329804,1.5996263116578977
sub-10787,12.9,f,TD,01,63.0,64,31.986516488735617,9.559552169355213,29.57476787347739,10.831884748556973,3.082090891141382,0.3761579013582384,0.11241927776710495,0.347796003993183,0.1273817683837619,0.036245048497711936,0.32323337955690956,0.8825382093018243,2.7303436622529933
sub-10787,12.9,f,TD,02,63.0,64,24.27252440712692,8.781328132560123,17.015543273798336,8.012688801934498,1.970752364254519,0.40418614053724466,0.1462266992570604,0.283342871537567,0.13342731509331507,0.032816973574812856,0.5160768593314441,1.0959277652765016,2.123574706868721
sub-10787,12.9,f,TD,03,63.0,64,29.51517488822822,10.13621988399606,15.72791305756562,8.644483041036697,1.319181492598513,0.4516962394069015,0.1551233364105377,0.24069785148569575,0.1322939977838433,0.020188574913021676,0.6444732906963916,1.1725651882105452,1.8194162661784155
sub-10787,12.9,f,TD,04,62.0,64,25.458536147952852,11.984533820494551,26.040750224498836,19.02620866773131,8.383418857337256,0.28009209450316674,0.1318525605682273,0.2864975515648488,0.20932431484783884,0.09223347851591823,0.46022229456429564,0.6298960570542081,1.3686778421948183
sub-10787,12.9,f,TD,05,63.0,64,27.11067088816989,14.464608532627425,29.41936847053782,12.396352984555342,2.138200863062086,0.31697560993162965,0.1691189469624128,0.3439687015942224,0.14493708268657524,0.02499965882515989,0.4916695797570598,1.1668438734076811,2.3732277152152337
sub-10787,12.9,f,TD,06,63.0,64,37.279279204350686,12.717567600253457,25.36782503043894,12.907057238241574,5.7735805218290475,0.39639700655828985,0.13522809010896403,0.2697404595684054,0.1372429661171766,0.061391477647164065,0.5013266838995304,0.9853189123988162,1.9654228351353458
sub-10788,8.6,m,TD,01,62.0,64,96.53672009441408,29.297398381185317,42.72965169818654,13.41703358204282,4.738459121815641,0.5170153234681191,0.15690613774746776,0.2288443679546171,0.0718567188798024,0.02537745194999358,0.6856456164941946,2.18359730577082,3.184731664931907
sub-10788,8.6,m,TD,02,63.0,64,98.05973560589543,32.75465578663624,26.064486435994876,15.438005301865818,7.873762303083855,0.5441999243079335,0.18177778157040228,0.14464949816508377,0.08567595318129491,0.04369684277528566,1.256677581853379,2.1216896319291685,1.6883325226507568
sub-10788,8.6,m,TD,03,62.0,64,142.4247369651226,33.31445712983359,28.891787354942625,12.126998326514308,5.024353179088295,0.6421825177287624,0.15021240279097356,0.13027091459417325,0.05467973108997585,0.02265443379611479,1.15307705683132,2.7471313372737347,2.382435172912823
sub-10788,8.6,m,TD,04,63.0,64,124.37409774208923,30.970172591507485,26.801820694179263,9.843739821668681,3.5261429415848933,0.636132666454262,0.15840226243922595,0.13708251133907584,0.050347496579434575,0.018035063188001653,1.1555249527594031,3.1461795163799358,2.7227274572191913
sub-10788,8.6,m,TD,05,62.0,64,135.7950818223576,29.885288848772316,53.36426104143999,12.476276438091922,3.501137368501146,0.5777972084379858,0.12715951298422157,0.22706066115439724,0.05308555804002074,0.01489705938337463,0.560024410823658,2.3953692431443807,4.277258628104054
sub-10788,8.6,m,TD,06,63.0,64,162.2614451979676,40.54148749024979,33.85976817345762,10.584932177590053,4.17167095208724,0.6453818088826969,0.16125049607027886,0.13467449649221147,0.042100713865448176,0.016592484689364695,1.1973350580122968,3.8301131089042237,3.1988649152749424
sub-10790,11.1,m,TD,01,63.0,64,24.57985178441371,9.569551432867648,22.097736852322704,5.658554610612625,1.7170572483664968,0.38633745066552133,0.15041083799093619,0.3473244426322129,0.08893916781475245,0.026988100896577077,0.4330557240689463,1.691165340159472,3.905191055482327
sub-10790,11.1,m,TD,02,62.0,64,54.54111400473962,12.929260409098918,25.295468273010894,11.487491255779297,7.315492357106877,0.4888562138156048,0.11588595881042765,0.226725234207029,0.10296327062648788,0.06556932254045066,0.5111295141704827,1.1255077476202016,2.202001090558818
sub-10790,11.1,m,TD,03,184.0,64,4347.40559795215,696.0267629408947,274.99113535913426,250.3579368532804,64.28377137540143,0.7717655379692705,0.12356092778532644,0.04881731799241214,0.04444435272187715,0.011411863531113835,2.531088000461885,2.7801266126777273,1.0983919216441294
sub-10790,11.1,m,TD,04,62.0,64,85.73659898524828,13.723634702511932,26.324070967906458,8.00500121657248,2.8856713581843763,0.6273028225254647,0.10041073341007359,0.19260344140044083,0.05856961807337026,0.021113384590650826,0.5213340565463217,1.7143825879876644,3.2884530877282856
sub-10790,11.1,m,TD,05,63.0,64,47.364581454099145,12.451518752621947,18.19442142978244,6.108307175007825,2.124748962165498,0.5491954610045839,0.14437618514966552,0.21096552229696247,0.07082622651668556,0.024636605032102587,0.6843591482518956,2.0384565471048033,2.9786356364370516
sub-10790,11.1,m,TD,06,62.0,64,61.34942285324323,14.309702786704605,20.488696650984714,5.973085610737954,1.5090698110672733,0.592004593721942,0.1380845880944903,0.1977101327550158,0.05763858820172039,0.014562097226831544,0.6984193787659432,2.395696917683504,3.4301695951170883
sub-10809,11.6,f,TD,01,63.0,64,36.826939788890414,9.352241583120279,4.525699449061168,5.183871560099664,1.7888596490389361,0.6384962638467272,0.16214682359286564,0.07846544421240415,0.08987666752542477,0.031014800822578528,2.0664742960472884,1.8041036462216038,0.8730346415014492
sub-10809,11.6,f,TD,02,63.0,64,297.0820978048469,12.395067084497223,4.563818895841906,5.062536364854558,1.3313082921035049,0.9271217465628471,0.03868202200353263,0.01424258067710615,0.015798957901883067,0.0041546928546310575,2.715941926571706,2.4483907257530033,0.9014886149806492
sub-10809,11.6,f,TD,03,63.0,64,1250.2871283949496,30.827861370856034,6.143172761808254,5.127195063661638,1.127659325097829,0.9665825639509446,0.023832664200277687,0.004749216035299794,0.003963775390435916,0.0008717804230421078,5.018231224508457,6.012617227954656,1.1981546801968257
sub-10809,11.6,f,TD,04,63.0,64,22.57258302863801,7.513566684584573,3.6231310790294167,4.975463584943013,1.1314965786412747,0.5669189879997777,0.1887060783291555,0.09099631185797151,0.12496065589068889,0.028417965922406325,2.0737772166380872,1.5101239424849757,0.7281996978118602
sub-10809,11.6,f,TD,05,63.0,64,1169.2833111030266,114.72979909334539,15.490087545441819,10.341770776076228,3.138929125044198,0.8905541897369201,0.08738096430528057,0.011797621869734725,0.007876540447024334,0.0023906836410402268,7.4066591784438485,11.093825378411166,1.497817722016743
sub-10809,11.6,f,TD,06,62.0,64,408.2369678810577,38.552819042323826,8.311134899594158,13.721697112523469,18.939284141067496,0.8369595191959354,0.07904024237881485,0.017039327686667473,0.02813195746935877,0.03882895326922343,4.638694896434228,2.8096246933724824,0.6056929278819878
sub-10825,8.5,m,TD,01,62.0,64,151.1819596052043,39.199302035657325,20.201449635876095,10.820438198154367,2.7112598592788477,0.6745749193653183,0.17490754901532596,0.09013900398414036,0.04828086792947037,0.012097659705745032,1.9404202541011029,3.62270929492888,1.8669714909810067
sub-10825,8.5,m,TD,02,62.0,64,74.83192120364009,44.826099499082495,36.141336235912334,12.686597748227836,3.6593815920974935,0.43470199554157846,0.2603968278666704,0.20994664750804268,0.0736970168490031,0.02125751223470552,1.2403000045842363,3.533342854300252,2.8487808120944673
sub-10825,8.5,m,TD,03,62.0,64,88.33027914057574,39.13968824903331,45.611648762651505,11.659568682732512,2.5253674520988136,0.4716820919795631,0.2090052268865911,0.24356537889759333,0.062261885746994636,0.013485416489257836,0.8581072886161994,3.3568727380969134,3.9119499188851687
sub-10825,8.5,m,TD,04,63.0,64,79.2156630169388,42.75194535404546,32.19573546879213,14.55814703131625,4.750079408609675,0.4566492531843284,0.24644929013505223,0.18559661053900836,0.08392237994873146,0.027382466192879536,1.3278760286586913,2.936633711837166,2.2115270164214853
sub-10825,8.5,m,TD,05,62.0,64,84.9856431604839,40.80283918710431,30.422661913215126,11.330327155861124,2.8143401374269237,0.4988714055904061,0.2395153931930793,0.178583058808976,0.06650977769703806,0.01652036471050073,1.3411988504983583,3.601205739765175,2.685064737735982
sub-10825,8.5,m,TD,06,62.0,64,85.16225932553834,35.27528877767533,37.22206693673626,11.017945732935377,2.9268923525325885,0.4962706839740174,0.20556161646862525,0.21690618313693963,0.06420547679425814,0.017056039626159678,0.9476982790243826,3.2016212125849126,3.3783127852472767
sub-10842,8.2,f,TD,01,63.0,64,120.58599126943143,19.806701337853642,20.43300424302794,10.566224211152662,1.2389638626083075,0.6985192210679289,0.11473440193836096,0.11836239066963437,0.061207032656988736,0.007176953667087004,0.9693484669349098,1.8745297224478397,1.93380377272904
sub-10842,8.2,f,TD,02,63.0,64,141.72121957407649,22.558233888383302,23.60344234732765,11.73298325958965,1.5552857059287075,0.7044807824837582,0.11213452938734675,0.11733014706004738,0.05832338482850948,0.00773115624033819,0.9557179650508612,1.922634115236286,2.0117170394866104
sub-10842,8.2,f,TD,03,63.0,64,122.00139388922705,25.30679016628401,34.070458631642346,12.116618098305743,1.4851468204448308,0.6257110413668705,0.12979145175157447,0.17473785725438548,0.06214274678713337,0.0076169028400362255,0.7427780893674489,2.0886017831842567,2.8118785584573627
sub-10842,8.2,f,TD,04,63.0,64,116.08137979799099,23.61088023550614,21.86697143781053,11.027883323220687,1.1629170831026878,0.6680941496445019,0.1358899332584575,0.12585304993331478,0.06346982043138516,0.0066930467323407985,1.079750815180569,2.1410165072920444,1.982880195310617
sub-10842,8.2,f,TD,05,63.0,64,133.08066829349082,30.463133068351357,31.41045509451207,18.82928162013727,12.87371588870813,0.5871449775612462,0.13440175655277545,0.13858129199489352,0.08307380986371726,0.05679816402736763,0.9698405507557825,1.6178595489151366,1.6681706571810826
sub-10842,8.2,f,TD,06,63.0,64,85.86816470569102,20.1079313795998,25.106439602914286,11.604808157806351,1.310695762429206,0.5963148174737909,0.13964031339785782,0.17435264862760416,0.08059004267948462,0.00910217782126235,0.8009073248787426,1.7327241524517187,2.16345149885357
sub-10846,8.3,m,TD,01,153.0,64,129.38165290101819,36.374649794639474,53.23526355579482,22.753708501122176,3.123254500180007,0.5283719116369981,0.14854767129790433,0.2174034520411771,0.09292214303960501,0.012754821984315372,0.6832811066393224,1.5986251117195043,2.3396301993219852
sub-10846,8.3,m,TD,02,152.0,64,1908.4587763325856,501.39893301584704,121.44112828125674,95.91635455168503,25.406791057879428,0.7194612682814564,0.18902012280074787,0.04578154333658907,0.03615907398707321,0.009577991594133547,4.128740733160934,5.227460273687378,1.2661149274164454
sub-10846,8.3,m,TD,03,153.0,64,95.08437835201006,34.64181520710527,32.49180336462439,18.690042770417644,2.405374629964409,0.5186984198760742,0.18897588774302174,0.17724727611681865,0.10195676535363221,0.013121650910453267,1.0661708991142582,1.8534904190768295,1.7384552707419156
sub-10862,12.6,f,TD,01,63.0,64,44.68171067269381,14.70269233557684,24.082530833572484,6.9936960812846936,1.6343907972785465,0.4851696684921127,0.15964698439249086,0.2614965569820029,0.07594000225611582,0.0177467878772777,0.6105127586956272,2.1022778463195753,3.4434625916928163
sub-10862,12.6,f,TD,02,63.0,64,60.76679448325222,19.062695676441145,22.29660636325674,8.088059737695644,2.38541492370458,0.5396716332406238,0.16929634345792763,0.1980167964117046,0.07183028898443768,0.021184937905306313,0.8549595111413522,2.3568935312874264,2.7567311674690016
sub-10862,12.6,f,TD,03,63.0,64,32.4513461308817,13.618112165396553,15.617395492392873,6.90854136889606,1.9155789456836594,0.4602311419405785,0.19313464802592623,0.22148886313106322,0.09797824319913269,0.027167103703299184,0.8719835629461931,1.9711993369119305,2.260592310079549
sub-10862,12.6,f,TD,04,63.0,64,31.10852789593215,14.77322342152407,21.292146685063283,7.263273905565576,1.6918214218420375,0.408629177074683,0.1940551526472971,0.27968512065813844,0.09540746025746155,0.022223089362419884,0.6938343812879928,2.033962041580712,2.9314806190563605
sub-10862,12.6,f,TD,05,62.0,64,40.14843118405433,15.973341669411981,18.45805890034858,8.965242485944378,4.694323563713239,0.4549943923401794,0.18102278649938133,0.20918160549393727,0.10160135618685702,0.05319985947964507,0.865385778409794,1.7816965569481065,2.0588465877288815
sub-10862,12.6,f,TD,06,63.0,64,33.80551152490202,12.584595608745722,15.006004838380383,7.348581317251394,3.5625818685908714,0.46752572892691024,0.1740432837673587,0.2075310514138083,0.10162990240203412,0.0492700334898887,0.8386373151472337,1.7125204261130453,2.042027459525087
sub-10876,11.5,m,TD,01,153.0,64,67.0128277310825,11.869315472773302,9.879548883436044,16.480000838541606,16.24251268072246,0.5516176147878283,0.09770254012454745,0.08132373121352404,0.13565550152185593,0.13370061235224415,1.2014025754428201,0.7202254167981993,0.5994871590255533
sub-10876,11.5,m,TD,02,153.0,64,239.61962914401826,15.545670929157955,10.126380013029504,15.694697435396623,16.126655912186514,0.8064931597738783,0.05232241328996523,0.0340825843147879,0.05282399514423915,0.05427784747712966,1.535165667213309,0.9905046588599685,0.6452102727505431
sub-10876,11.5,m,TD,03,153.0,64,67.68860475824563,18.29615394334292,11.630923862271228,32.515034655531394,29.76412856945174,0.42333199937936206,0.11442616460260899,0.0727410805826163,0.20335261274444544,0.1861481426909673,1.5730611050333312,0.5626982759567938,0.3577091024349438
sub-10883,10.7,f,TD,01,63.0,64,29.116298681081854,13.681929665276707,8.517779197449691,16.81333754062586,5.840922687006679,0.39362164770104263,0.18496525803519084,0.11515139060694768,0.22729858965195376,0.07896311400486512,1.606278978137073,0.813754534590008,0.5066084694290046
sub-10883,10.7,f,TD,02,62.0,64,17.012999184692013,13.216288963818096,7.4936229059521,18.82826934788595,7.639047689077388,0.26504032919871473,0.20589253780177033,0.11674086739930262,0.29331986982612085,0.11900639577409138,1.7636714750245235,0.7019385966720318,0.39799849723275227
sub-10883,10.7,f,TD,03,63.0,64,46.07689960258127,22.188158103486323,11.612792944529936,19.07036020992855,8.228565183873982,0.42991496202025165,0.2070239367369517,0.10835176586874669,0.177933699013565,0.07677563636048483,1.9106650923228408,1.163489197856607,0.6089446039138788
sub-10883,10.7,f,TD,04,63.0,64,59.0138441375455,27.67402916778321,17.21111198479626,15.513494356570314,4.154080263851332,0.47758749762287883,0.22396050507368043,0.13928616283609319,0.12554767542125458,0.03361815904609298,1.6079163968155894,1.7838681944704893,1.1094284491428565
sub-10883,10.7,f,TD,05,63.0,64,42.53476882706449,22.209222102735183,14.758158740972645,17.58965694970023,5.826582485978312,0.41328638347681285,0.21579449790808203,0.14339671334835935,0.1709087861014502,0.05661361916529556,1.5048775726389476,1.2626296332125841,0.8390248191408962
sub-10883,10.7,f,TD,06,63.0,64,39.88613037161158,21.545572471547388,12.257154055903623,15.306548476478573,6.396114629868747,0.4181307769217802,0.22586465201860167,0.12849312030260643,0.1604602639271342,0.06705118682987761,1.7577956818752738,1.407604889152918,0.8007784429480672
sub-10918,12.4,m,TD,01,63.0,64,73.49822007447918,12.976387827549205,6.49586243774665,6.343359978353712,1.502398335924183,0.7290316356376069,0.1287132835733936,0.06443270616714851,0.06292002848192935,0.014902346139921639,1.9976389512414896,2.0456647379039268,1.0240412746420418
sub-10918,12.4,m,TD,02,63.0,64,58.25071993517739,11.356554148047096,7.573727855915769,6.777297496016828,1.2362792711655897,0.6837374023055571,0.13330137105548331,0.08889917610865172,0.07955080709277403,0.014511243437533893,1.4994668892382494,1.6756759098625373,1.11751444589337
sub-10918,12.4,m,TD,03,63.0,64,39.96655282136832,10.358801841188226,7.9031985634086865,7.424325221066401,1.107030403744295,0.598660985453155,0.1551650087531213,0.11838240494117798,0.11120933729345726,0.016582263559088557,1.3107100572101058,1.3952516266118429,1.064500588010812
sub-10918,12.4,m,TD,04,63.0,64,72.39564553115657,14.575430738306006,7.126102473908152,8.177428541426721,1.9695912967210558,0.6944812902421951,0.13982006612011202,0.06835970318612572,0.07844492693789581,0.0188940135136714,2.0453580048382936,1.7823978117897463,0.8714356154636427
sub-10918,12.4,m,TD,05,63.0,64,190.6599294811178,22.9443504662199,8.216566616839469,10.337762287901525,2.6091385709915,0.8121214756877717,0.09773212342014063,0.03499870279043297,0.044033997009274246,0.011113701092380567,2.792449880366883,2.2194697292538925,0.7948109453489243
sub-10918,12.4,m,TD,06,63.0,64,57.37017566840406,12.784533547648854,6.89297750485853,6.175064440387888,0.8898075742540286,0.6820643258371639,0.15199315940254454,0.08194944498751709,0.07341429785535418,0.010578771917420194,1.8547185941978843,2.0703481997745423,1.1162600117620063
sub-10950,,,,01,63.0,64,74.93203842925598,14.571542220964607,10.867784235473225,16.17044426469995,5.608467335989744,0.6134414148265059,0.1192919299088852,0.088970606928464,0.13238156089235315,0.04591448744379173,1.3408015751179574,0.9011219470805919,0.6720770349641895
sub-10950,,,,02,63.0,64,49.892775043930314,18.221944898821878,13.579220500493989,8.92473627850902,2.79159167044486,0.5341251652810417,0.19507432333149627,0.1453718176194415,0.0955434175720049,0.029885276196015765,1.3418991832527496,2.0417348289271877,1.5215262475814642
sub-10950,,,,03,62.0,64,73.45899874065398,15.930245653256957,12.54652453908344,7.809440216733419,2.4522426660188628,0.6547296534086184,0.14198402366051938,0.11182539653117651,0.06960443477413612,0.02185649162554952,1.2696938983885897,2.039870363451013,1.6065843633964687
sub-10950,,,,04,63.0,64,73.62613071861831,22.476205879805278,13.436378907503594,10.118549430665041,5.844357975972853,0.5866548097940728,0.17909095801465516,0.10706139566708629,0.08062484927158646,0.04656798725259929,1.67278744031648,2.2212873528778156,1.3278957620925007
sub-10959,8.0,f,TD,01,63.0,64,119.60401021443668,14.770438200459825,12.779322801556518,6.530739050532955,2.581735665876677,0.7653860851422941,0.09452097676171034,0.08177916302569241,0.04179238460325453,0.01652139046704865,1.155807583063853,2.2616794341605875,1.9567958086632833
sub-10959,8.0,f,TD,02,62.0,64,36.81551738688342,13.346766987912131,15.67124242565701,7.412357630466697,2.6389035971938757,0.48515016439453357,0.17588198286812817,0.20651362193765718,0.09767909778861912,0.03477513301106195,0.8516725493353839,1.8006102313592487,2.114204846410024
sub-10959,8.0,f,TD,03,63.0,64,57.144212443088854,22.14231889540651,24.26576287913127,10.741641166507872,3.567861607602081,0.48484083818181806,0.18786680214080675,0.2058831911482952,0.09113759878666179,0.03027156974241812,0.9124921810906289,2.0613534330718126,2.2590368178366655
sub-10959,8.0,f,TD,04,63.0,64,78.03826885399062,27.522007775442905,15.546448392083875,12.926264250156033,6.13431316798641,0.5567508790973918,0.19635112680641595,0.11091351635861306,0.09222025411897056,0.04376422361860856,1.7703083740629073,2.129154041942991,1.2027023501315326
sub-10959,8.0,f,TD,05,63.0,64,48.58635778354218,17.70907938713446,22.01199470037154,7.367586619526407,2.053604490887973,0.4971558618272783,0.18120668077451133,0.2252359035545486,0.07538821682695673,0.021013337016704985,0.8045195189346264,2.403647259497413,2.9876804762678835
sub-10959,8.0,f,TD,06,63.0,64,70.58125872715735,23.875414084049968,24.538344341820974,9.7682687491048,3.1285513201435573,0.5351450113490126,0.1810226818192915,0.18604899938171784,0.07406272408384447,0.02372058336613377,0.972983904352456,2.4441807138279237,2.512046399631435
sub-10970,9.0,f,TD,01,63.0,64,72.31358669584627,22.633888136342968,7.600785343658529,14.746810749175017,11.294350893613192,0.5623603067275487,0.17601671907558672,0.059108947191463125,0.11468136756983084,0.08783265943557066,2.9778354621245584,1.5348327527434484,0.5154189250095137
sub-10970,9.0,f,TD,02,63.0,64,246.297302986961,26.15517986874287,6.86354678565895,15.675767435259843,14.400324250887342,0.7960684387507094,0.08453731709947472,0.022183974033370666,0.05066634330570463,0.046543926810740405,3.8107381920077907,1.6685103282351241,0.43784438714117596
sub-10970,9.0,f,TD,03,63.0,64,65.68770063811355,27.296023269551068,7.656035571731202,7.253119825250658,2.8167998404035877,0.5933329510606797,0.2465549848969235,0.06915416638233035,0.06551477595511532,0.025443121704951027,3.565294729081153,3.7633492796470867,1.055550681112127
sub-10970,9.0,f,TD,04,63.0,64,63.312331702848994,19.060063323884055,6.580013173651578,7.303575598051672,3.1137560680453054,0.6371389498243506,0.19180953225291883,0.06621747407704628,0.07349899081818208,0.03133505302750225,2.8966603593145503,2.6096893320264374,0.9009303847565959
sub-10970,9.0,f,TD,05,63.0,64,80.51702293672753,28.152553361425294,5.853041876154306,10.16522831105165,4.705581561265208,0.6222651656443868,0.21757328626675815,0.04523446023893342,0.0785606229351064,0.036366464914815134,4.809901237187577,2.7694954308913853,0.5757904984574592
sub-10970,9.0,f,TD,06,62.0,64,71.71751081478034,23.457310507321235,7.472404698575309,16.717071632475555,10.996382129707845,0.5501467998957896,0.1799416092827508,0.057321001325107965,0.1282370701067294,0.08435351938962228,3.1391916596532323,1.4031949508280923,0.4469924435843764
sub-10990,10.1,f,TD,01,63.0,64,37.82820709070983,14.03916061433333,20.60310511020884,10.443146468440391,2.576406475441011,0.4424867901817005,0.16421986646592446,0.2410001041321208,0.12215631444378981,0.030136924776464444,0.6814099398724576,1.3443420195972773,1.9728829019560583
sub-10990,10.1,f,TD,02,63.0,64,41.75828990566325,11.2040074736642,15.335980290342397,8.527253310343998,1.6742790079110683,0.5319540252656235,0.1427265553303586,0.19536327913024792,0.10862769364226088,0.02132844663150919,0.7305700230144242,1.3139057872331719,1.7984666025740155
sub-10990,10.1,f,TD,03,63.0,64,41.43913445697279,15.224405166836117,25.068445394500213,12.706051705764727,2.466418960181044,0.42762878305611135,0.15710738024722007,0.2586923915674329,0.13111937543063065,0.025452069698605095,0.6073134942055965,1.1982011028594206,1.9729532017508378
sub-10990,10.1,f,TD,04,63.0,64,34.738376040400574,13.594198179348409,31.729623818730605,13.696477076116837,4.005528616357906,0.35532817447171233,0.13905087609325234,0.32455257249422365,0.1400970555011049,0.04097132143970673,0.4284386810575262,0.9925324668380034,2.316626650955301
sub-10990,10.1,f,TD,05,63.0,64,30.687270623488118,15.11532026377582,35.84979623417882,12.35913215469885,2.08185633851645,0.31934845068349427,0.15729825461007255,0.37307250374822193,0.12861586010111598,0.021664930857095255,0.42162918207510014,1.223008223763437,2.90067261887389
sub-10990,10.1,f,TD,06,62.0,64,45.590801978990044,15.08813730416979,31.781615880564928,12.933919088615205,2.395308455268997,0.4229603292054114,0.1399774350143922,0.2948481301495512,0.11999206941255101,0.022222036218094262,0.4747441842123728,1.1665557207212458,2.4572301452341687
sub-11025,9.3,m,ASD,01,63.0,64,12357.911058121663,209.7982503507693,35.10934351693185,66.4678928895892,103.86254141133443,0.9674913347238459,0.01642494336623304,0.0027486834514924363,0.005203720119491183,0.008131318338937456,5.975567451142796,3.1563848533496963,0.5282150823594258
sub-11025,9.3,m,ASD,02,63.0,64,6441.788294782993,149.8383459103324,24.58234379384604,34.40179422399627,54.51130757663141,0.9607264732668578,0.022346848272421,0.0036662037584845415,0.005130673801503048,0.008129800900733616,6.095364509052349,4.355538694717723,0.7145657471754518
sub-11038,10.7,m,ASD,01,63.0,64,90.75853146095558,21.970511114470867,19.74369298160961,10.972090797449413,2.469229261378866,0.621999923707747,0.15057158833492218,0.1353104257042047,0.07519557146937723,0.01692249078374874,1.1127863026909628,2.0023996811599627,1.799446736824239
sub-11038,10.7,m,ASD,02,63.0,64,77.90034654643661,21.81445492162963,16.346585792717725,10.745171190485427,4.310950958995511,0.5941261918168953,0.16637331672745934,0.12467126523559476,0.08195069627858728,0.03287852994146346,1.3344960958971503,2.0301635529963233,1.5212959852321577
sub-11038,10.7,m,ASD,03,63.0,64,150.88459451476072,22.95408995405413,22.9880171959385,12.104336291286039,3.0989678569256593,0.7116190651235389,0.10825868662335597,0.1084186981356619,0.05708784586820914,0.014615704249233981,0.9985241336129519,1.8963526294769977,1.8991555292864482
sub-11038,10.7,m,ASD,04,63.0,64,102.94820160148996,22.31840666883917,23.322897433693065,10.15476686012255,1.682869325652873,0.6417131190444587,0.13911864542329364,0.14537999716852332,0.06329830937895892,0.010489928984765485,0.9569311331188735,2.1978256100081284,2.296743761324679
sub-11038,10.7,m,ASD,05,63.0,64,129.52781534476227,23.416879624556017,19.785942533696385,10.376644398843242,2.318691463290872,0.6985419194197274,0.12628694459347664,0.10670534539804227,0.055961115967335974,0.012504674621417819,1.1835109489818834,2.2566909614023647,1.9067765814449673
sub-11038,10.7,m,ASD,06,63.0,64,77.8450825515671,19.763850948618963,19.805420168744046,9.33387949004952,1.5796228679088653,0.6066109491867163,0.15401060658628823,0.15433453641268832,0.07273463283056639,0.012309274983740766,0.9979011189981879,2.117431553480889,2.121885137884823
sub-11049,11.9,m,ASD,01,62.0,64,101.26425929042477,13.125301552338795,5.438020496374674,14.921772289487667,8.283113690552213,0.7079809304026948,0.09176449094630786,0.03801948325648111,0.10432437172596351,0.057910723668552655,2.4136175215023457,0.8796074151048078,0.3644352956790353
sub-11049,11.9,m,ASD,02,62.0,64,57.43940319389319,11.062080234941508,4.927126240462018,11.086729409312204,5.9681019241903535,0.6348056899396233,0.12225530011175506,0.0544533473291493,0.12252771652405677,0.06595794609541562,2.245138381902757,0.9977766955915789,0.44441656854396755
sub-11049,11.9,m,ASD,03,63.0,64,82.1938221848643,12.421472335947962,4.545155206859863,8.406076946449073,4.470027131134444,0.7336339738522784,0.11086981805544674,0.040568502443946546,0.07502977073947398,0.039897934908854314,2.7329038879025775,1.4776776866401502,0.5406987392352915
sub-11049,11.9,m,ASD,04,63.0,64,33.414834320750465,7.99193696176209,4.4189261827563175,5.586527230101601,1.735384237116313,0.6287175470715382,0.15037246495725176,0.08314440238261073,0.1051134254637522,0.032652160124847104,1.8085699174945478,1.4305733477319402,0.7909969826954466
sub-11049,11.9,m,ASD,05,63.0,64,40.47049821948154,8.071918040022538,3.5959716718714523,5.822374229968971,1.6306783975221963,0.6791327385264875,0.13545431968621047,0.060343761421897735,0.09770487464919408,0.027364305716210197,2.2447112426282456,1.3863619412291805,0.617612597514299
sub-11049,11.9,m,ASD,06,63.0,64,70.61097879123115,11.508582790613167,3.9181517277826288,5.838589092784565,1.7079405138836088,0.7545178182868667,0.12297564666849771,0.041867643587042265,0.06238859140001587,0.018250300057577516,2.937247863325123,1.9711239492492603,0.6710785200871136
sub-11053,9.3,m,ASD,01,68.0,64,56.55102614019464,12.133892029197197,4.690116384082346,9.775594224109533,7.34663672845651,0.6248920983852285,0.13408020630620407,0.05182605637702175,0.10802087963041339,0.08118075930113226,2.5871196012060746,1.241243422243468,0.47977813691520865
sub-11053,9.3,m,ASD,02,63.0,64,58.066590349271806,11.285905339510041,4.645916746152143,4.563003597876613,0.7516627137756786,0.7321187282970157,0.1422956404903876,0.058576931063240426,0.05753154044689017,0.009477159702466235,2.4292095524219826,2.4733500856238466,1.0181707391846269
sub-11053,9.3,m,ASD,03,63.0,64,51.94391364250372,12.753218047093576,5.162570984679571,7.7835041529334985,4.690900664866411,0.6308918044384269,0.15489592874157104,0.06270270173483546,0.09453559879400557,0.05697396629116103,2.470323039613399,1.638493125527152,0.6632707946502305
sub-11053,9.3,m,ASD,04,62.0,64,95.67151452398181,17.841548902007386,5.368388992947485,6.2281189290685655,3.5633228976149653,0.7435250064505197,0.1386581766626787,0.04172121117210523,0.04840272666269461,0.02769287905200169,3.3234456231554823,2.864676976339571,0.8619599359112341
sub-11053,9.3,m,ASD,05,63.0,64,94.28267790571988,17.58739933452172,6.657969778726328,9.456291901257558,7.230067084760482,0.6972827873255106,0.13007045516934929,0.049240091906189484,0.0699355355738416,0.05347113002510899,2.641555897522592,1.859862144503263,0.7040782844109232
sub-11055,9.9,m,ASD,01,63.0,64,27.358237248775183,8.744857029870506,7.826296548245567,9.118613798054385,2.8495711612953802,0.48943512959124275,0.1564442984667507,0.14001137684707934,0.16313075602643395,0.05097843906849341,1.1173684738320904,0.9590116681700428,0.858277005866335
sub-11055,9.9,m,ASD,02,63.0,64,1113.2715298382655,91.54226849239117,33.38474537094245,47.91103640085989,28.66625920524235,0.8467386580700033,0.06962576110357563,0.025391967491980433,0.036440460014908374,0.02180315331953213,2.742038840651698,1.9106718486838703,0.69680699644275
sub-11057,9.7,f,ASD,01,63.0,64,364.3816629622157,41.64744547569726,34.919966297547276,20.1564242414971,2.7580612509465805,0.7855362960246088,0.08978382663909873,0.07528068443313483,0.043453346996245854,0.005945845906911719,1.1926542288393478,2.066211991606897,1.7324484680003753
sub-11057,9.7,f,ASD,02,63.0,64,126.35577671339179,46.16026064022692,38.634016963891675,17.81692672385985,1.7734252654463467,0.5476100988804533,0.20005278390143516,0.16743498714533703,0.07721632725292424,0.007685802819850352,1.1948087273288062,2.5908093666014014,2.1683883849706946
sub-11057,9.7,f,ASD,03,63.0,64,233.14034443841572,52.0674427865734,38.86855583487414,19.68754876808873,3.076313207206727,0.6721837349126886,0.1501193980129708,0.1120647354908987,0.05676259119410054,0.00886954038934121,1.3395774982680677,2.644688955436077,1.9742709614452172
sub-11057,9.7,f,ASD,04,63.0,64,155.96817069653156,72.7873058222067,48.96669456024685,22.338458200447544,3.58527766472086,0.5136514839477722,0.23971113773515723,0.16126248844596744,0.07356746028707718,0.011807429584026186,1.4864655757527565,3.258385389406527,2.192035552358122
sub-11057,9.7,f,ASD,05,63.0,64,48.16905732709736,33.67549320377554,36.495017279195906,15.453955183753438,1.397328221108373,0.3563041203913769,0.24909594770016788,0.26995182700029746,0.11431213758085049,0.010335967327307209,0.922742218373256,2.1790857294046115,2.3615324908902733
sub-11057,9.7,f,ASD,06,63.0,64,70.69305199930326,50.00409979191078,49.54946419458676,18.131676247075944,1.5337765667591097,0.3722409662857551,0.26330132733516226,0.26090740050261496,0.09547405997775486,0.008076245898712734,1.0091753887698687,2.7578310527122296,2.732756945325311
sub-11062,12.9,f,ASD,01,62.0,64,109.16806185958485,15.951772575470022,14.93772423542057,11.904147956014812,4.3170803946614384,0.6985468977616867,0.10207253895124625,0.09558382503569605,0.07617251312811658,0.027624225123254506,1.0678850622804326,1.3400180033389173,1.2548335496681207
sub-11062,12.9,f,ASD,02,63.0,64,127.12221201725977,16.52698720797706,14.881547800605565,8.016163411404586,1.7324789570633479,0.7554235398334401,0.0982115948213433,0.08843357379753318,0.04763603814024547,0.010295253407437931,1.1105691040621823,2.0617078719308712,1.8564426692491829
sub-11062,12.9,f,ASD,03,63.0,64,79.51067508295658,15.14285317069273,12.834988501005759,7.2135656203048475,0.9817783080581541,0.6873100068887001,0.13089858067743101,0.1109488257499854,0.06235585134965824,0.008486735334225195,1.1798104197371213,2.099218883941169,1.7792849163079143
sub-11062,12.9,f,ASD,04,45.0,64,166.00618043945278,19.23638539393838,17.527391560142902,8.923484598148413,1.0046594349924125,0.7804779606680289,0.0904398547279459,0.08240502121353095,0.04195375764190672,0.0047234057485875435,1.097504173848761,2.15570332221225,1.9641869011327442
sub-11062,12.9,f,ASD,05,63.0,64,132.67422492666395,24.818727396067118,15.98024265829425,7.873305778452279,0.9324313185245519,0.7278637383605528,0.13615795919545162,0.08766916986026595,0.04319372342538783,0.005115409158341672,1.5530882682301081,3.152262606641189,2.029673825450689
sub-11062,12.9,f,ASD,07,62.0,64,65.30467452365578,21.481499921052002,16.59990386192154,8.107412485836104,1.2274174670034095,0.5793483705199831,0.19057245237595488,0.1472655261409953,0.07192465542571656,0.01088899553735013,1.2940737548684447,2.649612309547693,2.04749713807236
sub-11062,12.9,f,ASD,08,63.0,64,48.48989639944153,18.016869429113335,19.500128629942967,7.988920667560039,0.9434629918773317,0.5107464198243277,0.18977255553525985,0.20539579630803148,0.08414768708938428,0.009937541242996875,0.9239359273480869,2.2552319867529755,2.4408965167379315
sub-11074,10.7,m,ASD,01,153.0,64,240.05319583620474,39.97826168587374,15.678853863114004,17.16509212673104,8.586350930148853,0.746755072785688,0.12436397528925279,0.048773621267407544,0.05339699634416137,0.02671033431349022,2.5498204163970435,2.3290443995704493,0.9134150721333717
sub-11074,10.7,m,ASD,02,153.0,64,554.0490430720123,34.1978143419644,10.030605797569487,5.74101763924675,1.4148674559523529,0.9151280559975052,0.05648485409270508,0.016567646670971683,0.00948249325099621,0.002336949987821788,3.409346856223865,5.95675130976454,1.74718254286457
sub-11074,10.7,m,ASD,03,153.0,64,67.64583627130601,16.583853580610253,8.831899168903599,8.079409996563209,3.089690437324341,0.6490011399253092,0.15910720410054113,0.08473415282109813,0.07751469398150772,0.029642809171543858,1.8777222501589077,2.052607008143495,1.093136648921206
sub-11078,10.5,m,ASD,01,63.0,64,547.1866225716873,44.86524529040723,17.909652732920144,173.78587227162907,305.9386540224453,0.5021507104122637,0.04117263446521283,0.016435608021273522,0.15948251587488435,0.28075853122636574,2.5050873939023615,0.2581639387825634,0.10305586120905832
sub-11078,10.5,m,ASD,02,63.0,64,177.92008082644608,28.72736223100104,12.982379860278247,9.596499725829252,4.961468802422172,0.7597325194788783,0.1226680607628001,0.055435767082986746,0.04097779677828767,0.021185855897047048,2.212796308548727,2.993525040560417,1.3528244913440473
sub-11078,10.5,m,ASD,03,63.0,64,1289.6850769394223,283.67817792681126,96.94393537024504,130.81916861279063,69.88060954407707,0.6892999859037877,0.15161791629798618,0.05181377568758701,0.06991912420568185,0.037349197904957186,2.9262086054521825,2.1684756212330423,0.7410529848052139
sub-11152,8.1,m,ASD,01,63.0,64,65.38454746900968,18.767763442481645,15.006103164267746,12.409011061248151,6.128320901238425,0.5555387485947261,0.15945999812417175,0.12749911249461351,0.10543296150411247,0.05206917928237615,1.2506753576885368,1.512430229117219,1.20929082021129
sub-11152,8.1,m,ASD,02,63.0,64,122.30483108258689,25.88526680226862,16.176836653266328,6.642736087327883,2.0152124846944903,0.7068626713345622,0.14960430162978683,0.09349427875624383,0.03839179641635272,0.011646951863054554,1.600143919178539,3.8967778430410696,2.435267100875243
sub-11152,8.1,m,ASD,03,63.0,64,101.86117247929279,23.604564520846335,16.02755672046513,10.935962106283696,6.550013092155117,0.6407198446180016,0.14847573951838003,0.10081538825434423,0.0687886048328264,0.04120042277644751,1.4727487746592303,2.158435105337772,1.4655826862508836
sub-11152,8.1,m,ASD,04,62.0,64,370.4617959592241,41.29245562266316,14.888636213188777,16.459247611100768,9.438335297851685,0.8186268851996541,0.09124588472368772,0.0329001209328884,0.03637077493974121,0.020856334204028718,2.773420952154445,2.5087693312793897,0.9045757476269627
sub-11152,8.1,m,ASD,05,63.0,64,1546.5095193614236,131.5183974338667,42.3499316163603,41.20608712285407,20.287600636880406,0.8679130273803736,0.07380913537485058,0.02376710708750385,0.02312517276716337,0.011385557390108672,3.1055161700204383,3.191722549189167,1.0277591145719784
sub-11161,11.0,m,ASD,01,63.0,64,47.05334893552497,11.414217724337773,7.385576141309719,39.43669366699909,66.58811007706775,0.27376024604261984,0.06640885554990897,0.04296988816634362,0.2294459205481555,0.3874150896929721,1.5454742468220815,0.2894314067177815,0.1872767581297015
sub-11161,11.0,m,ASD,02,63.0,64,47.92154008469582,11.633687631288765,7.94922305084018,17.592930968235887,19.294745927936205,0.45905319833501423,0.1114421929290026,0.0761477252049331,0.168527372342004,0.1848295111890461,1.463499961805596,0.661270578068739,0.45184188269666586
sub-11161,11.0,m,ASD,03,62.0,64,79.48249071677387,13.451614589810868,8.199924947070533,10.972357074259664,7.368335965827111,0.6652661627962697,0.11258962748746913,0.06863313612294457,0.09183831334166717,0.06167276025164945,1.640455818393378,1.225954869931034,0.7473257470181087
sub-11161,11.0,m,ASD,04,62.0,64,95.91795427635988,15.115907911134897,10.146255291252036,16.766187944497755,22.99038258641477,0.5959980627326129,0.0939245618763302,0.06304501115769863,0.10417878081032374,0.14285358342303467,1.489801653637439,0.9015709451172865,0.6051617293591048
sub-11161,11.0,m,ASD,05,63.0,64,82.3324680364618,17.9876979398645,12.285882695406942,30.102179558087833,40.600579807511814,0.44914627353691516,0.09812784302323925,0.06702287155183936,0.16421567452425517,0.22148733736375095,1.4640948791240838,0.5975546689286683,0.4081393067136223
sub-11161,11.0,m,ASD,06,63.0,64,261.69522903694343,29.77190682553819,14.28644251731955,20.526405791923214,31.78625987380432,0.7308570226565911,0.08314636556958618,0.03989888115647955,0.05732572152015885,0.0887720090971844,2.083927247069766,1.4504198702557523,0.6960031221316407
sub-11181,8.5,m,ASD,01,62.0,64,247.57432834272527,38.67340191995906,11.341847806027342,13.71420377454083,10.159835004175475,0.7701472744277255,0.12030413363486205,0.03528190193732056,0.04266176032309691,0.03160492967699516,3.4097972906502103,2.8199524052393556,0.8270146770811769
sub-11181,8.5,m,ASD,02,63.0,64,57.897565290649894,27.973803542991963,8.142910401011294,7.372578940357143,2.735176043698281,0.5560548804591728,0.26866362872082317,0.07820544865563318,0.07080709665036918,0.02626894551400175,3.435356913606443,3.7943036987864187,1.1044860240746144
sub-11181,8.5,m,ASD,04,63.0,64,134.61890762331188,37.15259515255265,9.358397613554107,6.560078635390845,2.5384876904495854,0.7076696245720909,0.1953051285860597,0.049195568755553816,0.03448526263532477,0.013344415450970789,3.9699739941315593,5.663437470416714,1.4265679016508528
sub-11181,8.5,m,ASD,05,63.0,64,110.33881818694475,39.17702805962146,9.218086998522006,6.536336075672583,2.1516857672037104,0.6590462889348776,0.23400173554918538,0.05505900939741605,0.039041092742217426,0.012851873376303615,4.250017174485657,5.9937291482660155,1.4102835123228379
sub-11181,8.5,m,ASD,06,63.0,64,98.76461843569051,36.32133450737226,10.35217484946612,6.949419154234799,2.3754853966533163,0.6381667310351816,0.23468998996333784,0.06689048859222911,0.04490361198670582,0.015349178422545686,3.5085704246239056,5.2265281027463955,1.4896460581396602
sub-11204,11.3,m,ASD,01,63.0,64,36.74587258919019,17.13850748545793,17.52180618571937,8.299563975323434,2.084639469887063,0.44926882878862445,0.2095418244998178,0.2142281782589967,0.10147358394060096,0.02548758451196001,0.9781244755136124,2.064988900189789,2.1111718926218104
sub-11204,11.3,m,ASD,02,62.0,64,40.60060423268661,16.439496413777658,14.824115132395608,7.4820083446550045,1.6121307810861987,0.5014998671913375,0.20306114709407663,0.18310790961431847,0.09241798889653306,0.01991308720373439,1.1089698283475893,2.1972036993946555,1.981301603731257
sub-11204,11.3,m,ASD,03,63.0,64,38.11081836663952,17.581241319320053,15.284452468436834,9.871077042463321,4.612831659412628,0.4459470007845436,0.20572378585507137,0.1788483173297529,0.11550466219988001,0.053976233830751945,1.150269619119573,1.7810864248844587,1.548407777863175
sub-11204,11.3,m,ASD,04,63.0,64,37.58804852613124,17.774533785566724,14.339876760219346,8.646571283303487,2.146125651820943,0.46696037862008777,0.22081494921274275,0.1781458347501667,0.10741728710417163,0.026661550312831243,1.2395178900613397,2.055674232384959,1.6584466015921966
sub-11204,11.3,m,ASD,05,63.0,64,43.53043051894146,17.948753902144446,15.478735572397373,11.062880237780707,4.911470703205554,0.46841027429144183,0.1931380103129178,0.16655931698163368,0.11904239643063938,0.05285000198336743,1.1595749419062213,1.622430462624722,1.39915964375499
sub-11204,11.3,m,ASD,06,62.0,64,42.50428755004013,18.00683929759487,17.322816024760346,10.63600178872831,3.814883176644415,0.46057719937193214,0.19512242390753504,0.18771033582262253,0.11525190042534238,0.041338140472568057,1.039486840468479,1.693008299103328,1.628696230863604
sub-11215,11.4,f,ASD,01,153.0,64,149.87051792355328,17.1360299276335,9.595286142798257,3.080014973054436,0.9465121846996101,0.8297175314437621,0.09486898855954393,0.0531217029353304,0.017051668704822227,0.005240108356541423,1.7858800324047606,5.5636190335269,3.115337498922175
sub-11215,11.4,f,ASD,02,153.0,64,79.8811297381475,15.101282580477896,9.141954733048225,3.1582044926054134,1.0936825539741712,0.7370722526147452,0.13934124874612452,0.08435385416403292,0.029141111389052125,0.010091533086045268,1.6518658231687215,4.781603792862647,2.8946683960627317
sub-11215,11.4,f,ASD,03,153.0,64,107.09887965064915,16.43894590576666,13.611635780640487,3.109669352357911,0.9707472994828388,0.7583301860465309,0.11639849966491528,0.09637929292632103,0.02201849492925556,0.006873526432977272,1.2077127371529723,5.286396733241689,4.37719713522579
sub-11227,10.8,m,ASD,01,62.0,64,53.429812372560974,8.282583945726117,13.209239554173774,13.469685236470717,1.8596648527479902,0.5920136140700688,0.09177278073441646,0.14636116617919714,0.1492469593871243,0.020605479629193204,0.6270295812077264,0.6149055304796635,0.9806643082058253
sub-11227,10.8,m,ASD,02,62.0,64,80.8254869621955,13.326765853958449,26.660052320267724,13.54300086849674,1.3399420797100323,0.5956397744435931,0.09821099885271593,0.1964700510635477,0.09980453302278086,0.009874642617362376,0.4998777081854061,0.9840334489646759,1.9685483726345625
sub-11227,10.8,m,ASD,03,63.0,64,64.73842140270919,12.925204422248822,23.765398475049114,14.408424322135687,1.3732258561616246,0.5523253039098602,0.11027327058544707,0.2027579704734833,0.12292757793832737,0.011715877092882075,0.5438665139917083,0.8970588409443083,1.6494099523803094
sub-11227,10.8,m,ASD,04,63.0,64,45.83573438678029,11.70339867548567,23.673563261314523,13.463524055429042,1.1154083639130739,0.478494154325221,0.12217558913101113,0.2471360344529438,0.14055011102860876,0.011644111062215171,0.49436574233885794,0.8692671121842265,1.7583481979792932
sub-11227,10.8,m,ASD,05,63.0,64,32.42323305196405,10.452500502399415,21.91475166482223,13.923442280639954,1.132826850224976,0.4060682655906037,0.13090701791804002,0.2744601435989156,0.17437706008185574,0.014187512810584993,0.47696185027630816,0.7507123807259388,1.5739463864689485
sub-11227,10.8,m,ASD,06,63.0,64,62.86460134893067,12.536699147519755,29.572000365255548,13.869087400088533,1.5493894254489,0.5221669000705498,0.104132519581926,0.24563139554329355,0.11519962298520066,0.012869561819030036,0.4239381507058702,0.9039310796642415,2.132223953327079
sub-11229,11.2,m,ASD,01,63.0,64,86.17836300116954,29.360293255099354,19.693332816544036,10.250817074229532,1.9864618128633258,0.5843818457456498,0.19909431748913195,0.13354194463010624,0.06951154783664176,0.013470344298470436,1.4908747812576584,2.8641905364705886,1.921147619154468
sub-11229,11.2,m,ASD,02,63.0,64,76.77347479495883,32.6254879307643,17.528980335242938,10.401384156942012,3.7361488114001355,0.544240000856114,0.23127904040805794,0.12426130637095828,0.07373444197488113,0.0264852103899887,1.8612313612543132,3.1366486842993533,1.6852545844625766
sub-11229,11.2,m,ASD,03,63.0,64,133.04752808276368,51.11448335210895,20.795896977194523,11.757454983214263,3.764055463046614,0.6034464748306286,0.23183335486271955,0.09432126175258654,0.05332676874828471,0.017072139805780498,2.4579119336935937,4.347410508913999,1.7687413651070023
sub-11229,11.2,m,ASD,04,63.0,64,204.1278565437269,40.7885016936961,31.944350015985165,24.93471130916564,13.173196488524097,0.6480895115931514,0.1295002092750692,0.10142073968030763,0.07916570108407384,0.0418238383673978,1.2768612187534027,1.6358120688849858,1.281119705775093
sub-11229,11.2,m,ASD,05,63.0,64,156.93482416609663,28.65543747455688,25.056570166296513,23.415456263406934,13.533798603747645,0.6338340248998371,0.115734613819944,0.1011993788063255,0.09457118881780732,0.054660793656086115,1.143629686121255,1.2237830069251674,1.0700867787681878
sub-11229,11.2,m,ASD,06,63.0,64,200.92926717847743,26.3674795899344,18.626577149057965,9.716812803743677,2.7989361176102414,0.7774724811204828,0.10202590227669854,0.07207337862829467,0.03759807948933325,0.010830158485190847,1.4155837317253928,2.7135934511134745,1.9169430887751124
sub-11235,11.3,m,ASD,01,62.0,64,127.80726378877948,15.015031143627914,6.188251746038178,9.08707984461265,4.261667969509102,0.7871878489508366,0.09248026847218956,0.03811455183627612,0.05596895375169697,0.026248376989000764,2.4263769089938507,1.6523494236192608,0.6809945386038326
sub-11235,11.3,m,ASD,02,63.0,64,1675.6774034672276,201.77276038748107,36.90314464579691,27.67542993669633,14.665928964595283,0.8563816477776173,0.103119185506549,0.018859940317003502,0.01414396962273385,0.00749525677609654,5.467630531872899,7.290682054407394,1.3334262459592383
sub-11235,11.3,m,ASD,03,63.0,64,42.25712398062623,7.98342104994622,4.341101947567853,4.436586254166973,1.3305025217704807,0.7002155629709429,0.13228812418670727,0.0719336021430163,0.07351581103945815,0.022046899659875288,1.8390309986659066,1.7994513332064614,0.9784779780829375
sub-11235,11.3,m,ASD,04,63.0,64,55.941085085986515,9.078941124332395,3.7240607326411475,7.796040821479,6.279617564185899,0.6754558935675888,0.10962290560430453,0.04496585588212382,0.09413263456129534,0.07582271038468741,2.4379143564325023,1.1645579252636615,0.4776861509474048
sub-11235,11.3,m,ASD,05,63.0,64,52.921976561828394,9.129920043360315,3.508584689805426,7.872707409104598,5.715613286790279,0.6686390094435083,0.11535133588517589,0.0443289677361043,0.09946717083615295,0.0722135160990588,2.60216607280089,1.1596925389100299,0.44566430676031876
sub-11235,11.3,m,ASD,06,63.0,64,40.03025398296189,8.682823599032083,3.6171304597837177,6.4257959308708,4.0186835243586865,0.6376814537686127,0.13831727317553025,0.05762084375101297,0.10236285017232709,0.06401757913251707,2.4004728874366514,1.3512448407080708,0.5629077702897947
sub-11242,12.7,m,ASD,01,63.0,64,39.28711470642399,16.056473776781605,20.74781944706815,17.85511897417949,3.082075095500474,0.40490240915191933,0.16548186252121067,0.21383199406581213,0.18401913050533295,0.03176460375572498,0.7738872905533466,0.8992644518359733,1.1620095882347146
sub-11242,12.7,m,ASD,02,63.0,64,83.62389454053573,19.33894717481985,12.577904247631125,13.785311361757726,2.457583228007966,0.6345544423403713,0.14674770778607044,0.09544359371826769,0.10460563468983489,0.018648621465455772,1.537533343717581,1.4028661861398823,0.912413504313286
sub-11242,12.7,m,ASD,03,63.0,64,37.705177840302724,16.777671050492025,14.923710296506435,19.397774895719607,4.426888963887285,0.4044265065720725,0.17995764189482485,0.1600720210331014,0.2080609291799151,0.04748290132008623,1.1242292109100773,0.8649276084853554,0.7693516589781421
sub-11242,12.7,m,ASD,04,63.0,64,54.6932583448295,16.89015423167913,18.375189595064445,20.01168048837229,6.176818683062414,0.47089645555000426,0.1454203681054322,0.1582061832158729,0.17229599582751035,0.05318099730118032,0.9191825828135023,0.8440147863390628,0.9182232149739388
sub-11242,12.7,m,ASD,05,63.0,64,30.80315494416804,19.90792448246629,21.192837188981628,21.49148086556902,5.508664637444311,0.31144479088453986,0.20128520564289837,0.21427671154256672,0.21729624046979307,0.055697051460202006,0.9393704252499341,0.9263170186825186,0.9861040903390774
sub-11242,12.7,m,ASD,06,63.0,64,104.69530763100813,25.88881954077265,25.351839651673096,22.774464523835853,5.503847356637059,0.5683343786790638,0.14053644333608756,0.13762146903074288,0.12363028905288861,0.029877419901217117,1.0211811015089045,1.1367476725381316,1.113169516022638
sub-11243,8.6,f,ASD,01,63.0,64,77.33463921444506,12.430414576409479,13.91444966763006,10.30978227804325,3.26632204654491,0.6595389395577312,0.1060112587485471,0.1186676691265147,0.08792570754583211,0.027856425021374902,0.893345757347991,1.2056912785522678,1.3496356462603165
sub-11243,8.6,f,ASD,02,63.0,64,73.48044702989179,13.42527632888668,15.63078515918941,12.918902914722961,5.504282522600569,0.6074787776583769,0.11098966845806398,0.12922308785740472,0.10680336971998283,0.04550509630617152,0.8588996772816558,1.0391963170174947,1.2099158312720089
sub-11243,8.6,f,ASD,03,63.0,64,77.80521177833124,14.088206633171385,15.303549412400278,31.693349662746037,49.8002895027954,0.4123427923610622,0.07466299917069799,0.08110392804691323,0.16796463887849497,0.2639256415428316,0.9205842549020611,0.4445161771502926,0.48286311088123457
sub-11243,8.6,f,ASD,04,63.0,64,3309.50706257217,63.02862660307624,33.51358941830056,39.65414010733088,41.76053799607936,0.9489724062142472,0.018072911257489194,0.009609730690963733,0.011370480268672961,0.011974471568627064,1.8806886310022817,1.589458917340742,0.845147299313266
sub-11243,8.6,f,ASD,05,63.0,64,7641.6128749291975,1310.9659588477866,338.6211538012062,220.90584205394367,31.62838585342375,0.8006942253829742,0.1373640473684428,0.03548099162817875,0.02314668839954745,0.003314047220856578,3.8714827592177343,5.9345010827176665,1.5328755032133432
sub-11243,8.6,f,ASD,06,63.0,64,97.41430011753889,11.752967268098969,13.573711623243186,42.711339424455524,66.72963403882052,0.41956017287442127,0.05061964180660582,0.0584615276024562,0.183956328085308,0.2874023296312087,0.8658624548921141,0.27517206031168134,0.31780112274988015
sub-11244,12.0,f,ASD,01,153.0,64,7441073.218668806,895711.5271482157,121905.31267169514,61150.8320490488,4312.893433733506,0.8729398139978096,0.10507923130533826,0.014301162996486682,0.0071738302239495655,0.000505961476415795,7.347600424605519,14.647577099683119,1.9935184622494664
sub-11244,12.0,f,ASD,02,153.0,64,48.34725924961931,19.545036425892942,11.121793003852684,6.856598156335468,3.220808411098631,0.5426697477204635,0.2193816185456285,0.12483563075289476,0.07696130968889332,0.036151693292119834,1.7573638008837582,2.8505442466149793,1.6220569953594544
sub-11256,12.4,m,ASD,01,62.0,64,37.583652968152286,11.99631182774107,15.9769591599848,8.52332519285339,1.872896676319736,0.4948268114492795,0.15794358084091864,0.21035282984572826,0.11221819847311945,0.024658579390954033,0.7508507537395798,1.4074685121482517,1.8744983675363118
sub-11256,12.4,m,ASD,02,63.0,64,39.41546648226466,12.168244093845292,12.270602220564266,6.997782632039747,0.8492020603014065,0.5497176182662957,0.16970744630819917,0.1711350094110099,0.09759631801798016,0.011843607996515045,0.9916582638016387,1.7388714016540459,1.7534986246046875
sub-11256,12.4,m,ASD,03,63.0,64,43.52624367198791,13.86909408160052,15.433411588553641,8.111706999425353,1.4983289271944389,0.5279825937522773,0.1682350611594452,0.1872105652483668,0.09839673125920116,0.018175048580709664,0.8986408482675785,1.7097627025462125,1.9026095974185175
sub-11256,12.4,m,ASD,04,63.0,64,36.999545104191604,13.358120120671666,16.320288929378687,8.134790001489401,1.5379867040376958,0.48459975022567214,0.17495733138699218,0.213754193910123,0.1065450181011405,0.020143706376072112,0.81849777160656,1.64209772080483,2.006233587639091
sub-11256,12.4,m,ASD,05,63.0,64,38.082876020488584,12.373699002992877,18.56178105392567,8.832171784478328,2.5419418214948553,0.473711980369245,0.15391614477980037,0.23088954882254326,0.10986317274818364,0.03161915328022763,0.6666223983056807,1.4009803369923617,2.101610057737574
sub-11256,12.4,m,ASD,06,63.0,64,43.5750378911581,22.058296192451888,26.536463909175247,16.502722668056542,8.368811497219506,0.3723046985855487,0.18846586744811425,0.2267272887268443,0.14099910146075614,0.07150304377873658,0.8312447456431832,1.3366458757226152,1.6080052027136402
sub-11265,12.1,f,ASD,01,63.0,64,33.67949315138016,8.03199093638573,8.432790496577105,25.44471659527552,12.889761849158182,0.3806506307839385,0.0907787537848032,0.09530864990642937,0.2875799638247605,0.14568200170006845,0.9524713011245731,0.31566438974907196,0.3314161690503118
sub-11265,12.1,f,ASD,02,63.0,64,132.1167471460523,48.864598285548574,33.98410059914066,58.78430575360004,20.09471471092898,0.44961454854613947,0.16629409043622417,0.11565336248960004,0.20005245106273312,0.06838554746530305,1.4378664559033287,0.8312524518086366,0.5781151986652394
sub-11274,11.3,m,ASD,01,62.0,64,74.13117216679306,17.922636457603215,23.057920375720336,8.012523917049023,1.8641564659352305,0.5931043728988843,0.14339438789615044,0.18448046894529005,0.06410613557365874,0.014914634686016535,0.7772876376342898,2.236827826431505,2.877734982688509
sub-11274,11.3,m,ASD,02,63.0,64,69.95620459027766,18.522487903452383,35.30704358820037,7.0996003287475276,0.8572502059390172,0.5310067639240806,0.14059605461789304,0.268000230562856,0.053889941825781947,0.006507009069388429,0.5246116927683689,2.6089479753461022,4.973102985140721
sub-11274,11.3,m,ASD,03,62.0,64,701768.3472722496,200032.58524693942,114373.62805750851,41011.46172594805,7783.260084877716,0.6589564214462371,0.18782944123842918,0.10739617559775773,0.03850952548979221,0.007308436227783634,1.7489397568673828,4.877480022136795,2.788821057434879
sub-11274,11.3,m,ASD,04,62.0,64,365625.36119494814,23530.602751967843,8947.62710903907,6573.555236414163,1600.3527105504818,0.899939972290517,0.05791756326578829,0.02202343750514908,0.016179963824102705,0.003939063114442823,2.6298148621098396,3.579585461094209,1.3611549286866491
sub-11274,11.3,m,ASD,05,63.0,64,92.0303502551023,20.934129876647418,23.041824388913614,6.886365908353115,1.1190576472629823,0.6390476073334533,0.14536406274882782,0.15999963820105628,0.04781809093149397,0.00777060078516831,0.9085274465818646,3.0399386491000224,3.346006398086404
sub-11274,11.3,m,ASD,06,63.0,64,20509.974946130806,11619.889049853073,1154.764496774289,189.3832761881301,24.32926042421422,0.612268378548901,0.34687953769606217,0.03447228911311818,0.0056535120954820895,0.0007262825464366409,10.06256174511079,61.35646865835225,6.097499842737781
sub-11321,10.4,m,ASD,02,63.0,64,33.51779976034906,9.933485086592581,13.649038358802194,4.672280050378112,1.0538534815445129,0.5334981710062613,0.15810990468665315,0.21724985089950427,0.0743680336754839,0.016774039732097356,0.727779117140991,2.1260465938441975,2.9212800199546307
sub-11321,10.4,m,ASD,03,63.0,64,33.882707242867376,12.487320758692436,10.518880423943633,4.3700653109446845,0.8290190949383222,0.5457207697933365,0.2011229577448975,0.1694189157074212,0.07038503117362087,0.013352325580723879,1.187134015733094,2.8574677653943414,2.40703048478462
sub-11321,10.4,m,ASD,04,63.0,64,48.353294187805446,11.369045504682532,12.106094153092581,3.9522879451329342,0.6939267689337665,0.6322787367906862,0.14866423996463504,0.1583020567090321,0.051681021352459076,0.009073945183187477,0.9391175519462018,2.87657318052522,3.0630597570707607
sub-11321,10.4,m,ASD,05,63.0,64,47.66697905528457,14.185352123594269,19.609664521986055,4.925403354103079,0.9022329802983268,0.546078359409585,0.1625090150209727,0.22465055774394216,0.05642598369658774,0.010336084128912485,0.723385762550393,2.8800386696811833,3.981331702641234
sub-11323,10.0,m,ASD,01,63.0,64,46.644465955635155,15.507098625879802,15.018120011375531,23.96517840160809,3.6035308934939576,0.44534257423802825,0.1480555319805947,0.14338696111223495,0.22880987107016845,0.03440506159897374,1.0325592427103987,0.6470679402428008,0.6266642275597581
sub-11323,10.0,m,ASD,02,63.0,64,256.59999002362383,37.941472322514095,21.14145996808849,30.079899242848278,8.325022518185833,0.7246789019085448,0.10715271071110175,0.05970682225282753,0.08495038659518304,0.023511178532342865,1.7946476913034395,1.2613563634703653,0.7028434436367014
sub-11323,10.0,m,ASD,03,63.0,64,389.334086761408,30.18539606093998,19.029862754195783,44.95159814356688,49.64882818616603,0.7302527493716151,0.05661710395750919,0.035693277493404,0.08431326526285939,0.09312360391461236,1.586211968569483,0.6715088519107496,0.42334118340838534
sub-11323,10.0,m,ASD,04,63.0,64,243.76815181565982,24.48963916334194,16.638707298337923,28.403993417417237,10.488664894902065,0.7528607640329027,0.07563452532284116,0.05138747533606974,0.0877237326801956,0.03239350262799087,1.4718474653249212,0.8621900027735175,0.5857876057714871
sub-11323,10.0,m,ASD,05,62.0,64,60.68599911024784,16.71567391304277,19.092977813921152,26.530140920331064,3.407234887322459,0.4799891350370318,0.1322107566937561,0.1510137764978757,0.2098371878104235,0.02694914396091297,0.8754880498973276,0.6300635176887774,0.7196711797067565
sub-11323,10.0,m,ASD,06,63.0,64,156.09851783543297,39.48473773249902,20.2478203740998,32.575179474648635,9.072379123374766,0.6062581391045445,0.15335151129347974,0.0786388370059105,0.1265160487309521,0.03523546386511305,1.9500734895399563,1.212111133976336,0.6215720281712491
sub-11325,14.5,f,ASD,01,63.0,64,38.23370977187866,9.510583491610262,4.078070368369343,10.447547577755454,12.811406402045499,0.5092306713320309,0.12667043938682004,0.05431538095085413,0.13914976335115725,0.1706337449791377,2.3321283431931468,0.9103173180909803,0.39033757329349
sub-11325,14.5,f,ASD,02,62.0,64,19.028813571648882,5.59775402958652,2.781835094664092,3.883779911469509,1.6512003351714146,0.5776217216318915,0.16992043711327637,0.08444290920322745,0.11789256489667642,0.05012236715492835,2.012252286385959,1.4413159749488722,0.7162700147989403
sub-11325,14.5,f,ASD,03,126.0,64,26.60046427822048,7.969309023496333,3.268359252936814,3.781871603229967,1.7863124234897736,0.6128247308972387,0.18359791042293014,0.07529685793102614,0.08712721790479809,0.04115328284400711,2.4383210065831773,2.107239446386815,0.8642174023426443
sub-11325,14.5,f,ASD,04,63.0,64,14.700692012823655,5.3584276839140506,2.528487235344191,3.776172335651934,1.9960797638848151,0.5183626616914325,0.18894408741383,0.08915725682998492,0.13315201360633871,0.07038398045841374,2.1192227546225415,1.4190103648934627,0.6695900002952758
sub-11325,14.5,f,ASD,05,62.0,64,16.854016303846738,7.1277992337351685,2.897108749433407,3.308752643458839,0.8470391037718925,0.5430697766091608,0.22967180450015454,0.09335058024170478,0.10661456157058799,0.02729327707839201,2.460314696550195,2.154225474613917,0.8755894022965961
sub-11325,14.5,f,ASD,06,63.0,64,19.82595483844189,6.926801375196313,7.20900752904142,17.426702350277697,26.098928395989752,0.255860388250245,0.08939262212751731,0.09303458422607983,0.22489725542086036,0.33681514997529755,0.9608536746967954,0.3974820500153854,0.41367594305221744
sub-11335,10.7,m,ASD,01,62.0,64,32.37190981580132,8.18663594914662,10.192337325678936,7.200770202036505,1.3067524943512363,0.5462838459095878,0.13815147134688138,0.1719981695476593,0.12151474725657269,0.022051765939298806,0.8032147767049388,1.1369111524807853,1.4154509920058778
sub-11335,10.7,m,ASD,02,63.0,64,299.0039111925719,20.078745251567092,10.39715482019606,8.082560637123,1.9786574699236357,0.8806120183653231,0.05913496018063093,0.030621203097148848,0.023804371012501387,0.005827447344395686,1.931176903566438,2.4842059531661183,1.2863689227943662
sub-11335,10.7,m,ASD,03,62.0,64,435.1110832572919,25.261296068893458,12.989274910169573,8.084675404070543,1.7879940258094429,0.9004142751205289,0.05227545898900423,0.026879868159243456,0.016730341799260407,0.0037000559319631285,1.944781078512386,3.1245900183172077,1.606653855716906
sub-11335,10.7,m,ASD,04,63.0,64,413.5956078868037,212.50924973467045,21.249436504637195,12.451471406290183,1.5169173431772014,0.6254066563820215,0.32133972603303546,0.03213172185814026,0.018828132965511488,0.002293762761291214,10.000700474494712,17.066998975503882,1.7065803559491364
sub-11335,10.7,m,ASD,05,63.0,64,1047.5903871979774,3117.3691448547897,62.15244623016087,33.1596103406562,4.4022047845806584,0.24564373219288668,0.7309748168015231,0.014573786704678062,0.007775415412055773,0.0010322488888564168,50.15682139542267,94.01103067344125,1.8743418753011476
sub-11386,12.4,f,ASD,01,63.0,64,23.44799429555435,10.638252572523815,18.243167525185257,5.009221275417679,0.6936341281545144,0.40405095953756615,0.1833161551282955,0.314362467452204,0.08631785889048273,0.011952558991451631,0.5831362650064676,2.123733807633957,3.6419168813148715
sub-11386,12.4,f,ASD,02,62.0,64,15.656461964386816,10.791998232486819,19.551727022284812,4.98950600320881,0.7632032026669474,0.302523395711112,0.20852935734948452,0.37779000544648045,0.09641017890537344,0.014747062587549523,0.5519716094739987,2.162939221948297,3.918569696020181
sub-11386,12.4,f,ASD,03,62.0,64,23.746264035793054,12.385389787075178,20.664791381099217,5.016585876030461,0.8494542102627525,0.3789550306821907,0.197652386905889,0.32977931349797657,0.08005724402396414,0.013556024889979574,0.5993474387746935,2.4688882226163598,4.119293856771553
sub-11386,12.4,f,ASD,04,63.0,64,39.467177656523454,12.50774069868971,18.589187792233048,5.0688147158613575,1.284056242663826,0.5131139982548724,0.1626135239487809,0.24167860583785075,0.06589981700500089,0.016694054953495296,0.6728503062363869,2.4675868817122932,3.667363838347391
sub-11386,12.4,f,ASD,05,63.0,64,236.83233219160584,36.51705494996111,22.804602119913618,18.745671253359035,11.594657035833041,0.7253796450985673,0.11184591273719054,0.06984685764515425,0.0574150000342645,0.03551258448482346,1.6013019985151764,1.948025997917659,1.216526301549605
sub-11386,12.4,f,ASD,06,63.0,64,28.256401186550775,13.041712899091142,25.915765506055546,5.322243561521274,1.0565846779779826,0.38395653617426195,0.17721474427881592,0.3521512697358526,0.07232025724245901,0.014357192568610518,0.5032347161824635,2.4504163983362286,4.869330989175542
sub-11391,12.8,f,ASD,01,63.0,64,2289.0133113037623,102.29169875840876,13.445879019570492,16.009320199435194,8.728658613253936,0.9421789667583804,0.04210420558422318,0.00553444767632282,0.006589583681982466,0.0035927962990910172,7.607661693930391,6.38950920364611,0.8398781992032903
sub-11391,12.8,f,ASD,02,63.0,64,49.38168086228791,58.8935472196207,11.013797160446671,8.667921784762518,2.8194238722895353,0.37760400080433565,0.45033783102087593,0.0842185563393439,0.06628048878516325,0.021559123050281192,5.347251847993198,6.794425316937058,1.2706387337052356
sub-11391,12.8,f,ASD,03,63.0,64,40.804350777900275,36.25626737391634,5.9900461041906405,8.688425150321649,5.286373877108783,0.4205530115192514,0.37367785885239163,0.06173684619976605,0.0895478862588927,0.05448439716969814,6.052752640509967,4.172938909714163,0.6894282911522679
sub-11391,12.8,f,ASD,04,63.0,64,24.111945522793146,7.9426727296994635,6.403105759252257,9.153195212934147,4.33573515324617,0.4641674389147872,0.15290056356496975,0.12326310204056698,0.17620374829805813,0.08346514718161809,1.2404406593195167,0.8677486434983791,0.6995486942312987
sub-11391,12.8,f,ASD,05,63.0,64,24.329340968409184,16.569172594083213,4.853609117226293,4.9442050255268155,1.862465401868945,0.4628976338711994,0.3152502486180639,0.09234628175983174,0.09406998778397671,0.03543584796692827,3.4137838861552265,3.3512308871774046,0.9816763447646735
sub-11391,12.8,f,ASD,06,63.0,64,27.547441303641016,10.745342207364311,3.105169244197071,6.9351133933532525,3.3604433423351248,0.5328994215123916,0.2078663707144475,0.060068841809710206,0.1341583007548623,0.0650070652085885,3.4604690959905544,1.5494111772797914,0.44774599463263653
sub-11405,9.0,m,ASD,01,63.0,64,267.60466690462795,28.993048545970193,15.258130997502516,10.73451771695632,5.058884755872063,0.8167412798471224,0.08848806655731732,0.04656849068860443,0.03276222287189452,0.015439940035061439,1.9001703780571708,2.700917666768817,1.4214081526364863
sub-11405,9.0,m,ASD,02,63.0,64,5949.421564127085,137.50032441167048,51.10145454830307,35.33166134108981,37.97740355476269,0.9578333879669338,0.02213700948204812,0.008227132472032345,0.005688258012995885,0.006114212065989815,2.6907321059070806,3.891702772882665,1.4463360229504236
sub-11423,10.6,f,ASD,01,63.0,64,42.00615374075156,12.253325922932586,15.046163574147657,6.294819329420092,2.7139561970649977,0.5363782864451418,0.15646321732666268,0.19212507494218006,0.08037880416841268,0.03465461711760264,0.8143820757064126,1.9465730915682087,2.3902454997916167
sub-11423,10.6,f,ASD,02,62.0,64,25.38843011611489,10.54491206687833,30.552892767618204,5.789740103121435,1.6911043894663709,0.3432395912780518,0.14256223371609494,0.4130606885875543,0.07827455331080756,0.022862933107491466,0.34513629027148823,1.8213100897557093,5.277075002234756
sub-11423,10.6,f,ASD,03,63.0,64,27.504192416051268,10.868770216158847,20.958306942930903,5.012205529287308,1.3790373147073602,0.4184896682075589,0.1653736264195875,0.3188908362065097,0.07626314553105794,0.020982723635285756,0.5185900867734362,2.168460601356124,4.1814540166933245
sub-11423,10.6,f,ASD,04,63.0,64,27.39447987900867,12.660724361776545,37.80734148584478,7.188512528055552,1.9449733184821973,0.31489344265052627,0.14553220569754702,0.4345869668094806,0.08263034989141631,0.02235703495102973,0.3348747588220867,1.7612439725692726,5.259410947437193
sub-11423,10.6,f,ASD,05,62.0,64,59.04452574686107,13.409692047921524,15.732203124302785,5.509107034438841,1.6497815818423212,0.6192703766403906,0.14064343713675242,0.16500238135434678,0.05778057736962239,0.017303227498887776,0.8523721656763068,2.434095392246711,2.8556720764284935
sub-11423,10.6,f,ASD,06,63.0,64,46.07164650630039,12.04584757547247,16.463953437490602,6.380700830082988,2.206996590940541,0.553951186336934,0.1448355346699913,0.19795746907475406,0.07671956751105406,0.026536242407266538,0.731649759652653,1.8878565060878745,2.5802735273009922
sub-11453,10.1,m,ASD,01,63.0,64,183013.28144330162,18580.117791740202,5481.353668180029,3496.7574503317073,651.5151209524904,0.8664456965909276,0.08796445250228066,0.02595054992639338,0.016554811874682458,0.0030844891057160164,3.3896951221374754,5.313527762692739,1.567553296457568
sub-11453,10.1,m,ASD,02,63.0,64,48.382147978049765,23.850508777295023,20.75810705764749,39.73656412435282,33.28969015935908,0.29142884586607487,0.14366303557748644,0.12503601917217896,0.23935235423398848,0.20051974515027118,1.1489732041105483,0.600215678000154,0.5223931035578827
sub-11453,10.1,m,ASD,03,62.0,64,107.69105254282613,31.275585950352077,22.941518090713792,50.859185303605074,52.89273619476027,0.40537160615258616,0.11772783542082711,0.086356663960666,0.1914445921673536,0.19909930229856698,1.3632744714924392,0.6149446902000445,0.4510791502806007
sub-11453,10.1,m,ASD,04,63.0,64,96.44177012078235,26.475075115781298,23.110635714488602,42.83027031733459,49.778579891014566,0.40413699645911144,0.1109431870124453,0.0968445818882936,0.17947925242248777,0.20859598221766187,1.1455796994447647,0.6181393420967065,0.5395865013986403
sub-11453,10.1,m,ASD,05,62.0,64,100.09143376921371,27.498785215293942,21.804706283722478,17.284522364499082,12.829417494261369,0.5575849064524232,0.15318900933299523,0.12146868773470935,0.09628784824789255,0.07146954823197957,1.2611399051874492,1.5909485165626605,1.2615162758854976
sub-11453,10.1,m,ASD,06,63.0,64,84.74202344314828,23.636726228104607,21.34680512118559,19.068202360810382,15.54018288076009,0.515669638454545,0.14383350282487586,0.12989894307145478,0.11603325738349736,0.09456465826562696,1.1072723104895164,1.239588597857741,1.1194975130460263
sub-11497,10.7,m,ASD,01,63.0,64,93.91717125125341,38.37240965741632,32.4605789968041,12.625747213896156,2.361671002236038,0.5225238496743922,0.21349130247796314,0.1805998463762657,0.07024545087257093,0.013139550598807944,1.1821233891482423,3.0392189077873235,2.570982805760385
sub-11497,10.7,m,ASD,02,63.0,64,78.22481160490085,39.69611736011241,33.44427809024659,15.391974387818777,3.5558639184440772,0.45930017538500006,0.23307737393720868,0.19636944439138282,0.09037460609753237,0.020878400188876087,1.1869330010053065,2.5790139952109037,2.1728387305993975
sub-11497,10.7,m,ASD,03,63.0,64,122.24023769992648,51.569905806637294,39.915500906697346,13.092091989736183,2.7092602548126012,0.5325745532329176,0.22467904236781452,0.17390329454885575,0.05703944276870626,0.011803667081705858,1.2919769171175421,3.939011874272392,3.0488252708573946
sub-11497,10.7,m,ASD,04,62.0,64,130.50350984773573,42.6278524187094,36.547407636534594,16.518351478875022,5.5870577710893805,0.5630389025025829,0.18391182942033835,0.1576786119315701,0.07126608700922289,0.024104569136285735,1.1663714385065302,2.5806359958634664,2.2125335983602428
sub-11497,10.7,m,ASD,05,62.0,64,82.79556702072483,43.55696272823675,42.78334094721579,18.01005086819327,5.585625884712721,0.4295901118243141,0.22599809582156655,0.2219841095735428,0.09344630449226918,0.028981378288307234,1.0180823134400705,2.418480827567273,2.375525825014381
sub-11497,10.7,m,ASD,06,63.0,64,138.94289493342288,80.977406317191,40.51137673131251,28.76260346405755,17.779164795338406,0.4526218688772028,0.2637928697374426,0.13197029654306033,0.09369736638864287,0.05791759845365124,1.9988806318349834,2.815371230854757,1.4084739158587127
sub-11510,11.8,m,ASD,01,63.0,64,66.70394855469293,14.43724479559984,13.064592839896495,30.812304413739835,31.972627941055244,0.4248910328770773,0.09196240981254553,0.08321888682962457,0.19626831891282054,0.2036593515679321,1.105066569813914,0.4685545294418803,0.42400570448962355
sub-11510,11.8,m,ASD,02,63.0,64,84.44275175662376,15.881928807996967,12.52649416836936,18.39556644778942,15.449245131429917,0.5756309622330522,0.10826423549309559,0.08539084458459235,0.12539924854275558,0.10531470914650434,1.267867018060042,0.8633563338793236,0.680951804551507
sub-11510,11.8,m,ASD,03,63.0,64,94.96841864135097,16.996780464002462,12.125152868580653,14.419851539597852,6.463950605450806,0.6550713761254905,0.11724007335854443,0.08363665194162358,0.09946498137704764,0.044586917197293886,1.4017786536980852,1.1787070357366853,0.8408653053940391
sub-11510,11.8,m,ASD,04,63.0,64,68.51095892297448,12.456541069763517,12.36552020883159,17.897398771769026,9.825966563490876,0.56594254503106,0.10289867002491837,0.10214678188181636,0.14784349204217756,0.08116851102002778,1.0073608598259312,0.6959972914841792,0.6909115881318294
sub-11510,11.8,m,ASD,05,63.0,64,55.043189557872466,11.996472448332876,11.590850068484867,13.669273699035955,3.41702004730693,0.5750629587534472,0.12533297935958423,0.12109524517728795,0.14280954720317493,0.035699269506505656,1.034995050186257,0.8776232528856996,0.8479492271269927
sub-11510,11.8,m,ASD,06,63.0,64,80.65018452434418,15.987924801527729,11.096735025594807,15.158166952690651,8.493297132713698,0.613840098590602,0.12168638415782615,0.08445883865385108,0.11537097839973103,0.06464370019798969,1.4407773786299582,1.0547399861359747,0.7320631221590471
sub-11535,9.3,m,ASD,01,63.0,64,72.08040480336821,19.296462722961493,11.938312627925287,26.90829512433647,11.589209269863439,0.5082789669547481,0.1360700757086947,0.08418367275069936,0.18974533350112543,0.08172195108473256,1.616347579793188,0.7171194843001902,0.4436666304112299
sub-11535,9.3,m,ASD,02,63.0,64,76.15927869570584,21.408227549815585,11.199632033571573,24.33691227171584,9.901175488771495,0.5325629056005745,0.14970241397954445,0.07831624300549542,0.170181978279451,0.06923645913493465,1.9115116894593618,0.8796607930701239,0.46019116593470627
sub-11535,9.3,m,ASD,03,63.0,64,60.813701939325775,19.451172983290142,12.230525282395414,26.088241524672423,13.916771242365833,0.4589699048874223,0.14680084798975898,0.09230556349266165,0.19689177519903753,0.10503190843111952,1.5903791974730725,0.745591571010817,0.46881370945713774
sub-11535,9.3,m,ASD,04,63.0,64,100.72767977086842,22.562849658256365,11.985099045188992,34.75803447789769,19.452268083200185,0.5315839504308325,0.11907401005956351,0.06325060113802952,0.1834333255665404,0.10265811280503401,1.8825751521272116,0.6491405511610235,0.34481521251756064
sub-11535,9.3,m,ASD,05,63.0,64,94.38710483853656,21.82329108258232,18.08504139196124,17.178741946178747,2.3433826123598553,0.6136302232986581,0.14187775971118805,0.11757462003627142,0.11168257861554651,0.01523481833833591,1.2067039610029713,1.2703660809944648,1.0527570324196
sub-11535,9.3,m,ASD,06,63.0,64,85.01207012317758,22.036807788230362,18.847825329701223,18.83131134178788,4.9397736212600645,0.5680051208294419,0.14723814691622653,0.12593107411991347,0.12582073649742642,0.03300492163699162,1.1691963079424237,1.1702216265379926,1.00087694306645
sub-11547,13.0,m,ASD,01,63.0,64,14.199672752978534,4.743031750943238,2.313289409099945,2.8535019668778037,0.5145602300697965,0.5766585606190867,0.19261780958267755,0.09394428760107418,0.11588269431056618,0.020896647886595385,2.0503408403139045,1.66217924711399,0.8106843576600232
sub-11547,13.0,m,ASD,02,62.0,64,12.717226495552062,4.281112412195773,2.022571038243253,3.1129529757251615,0.6654654644680573,0.5577895225746348,0.1877736194540711,0.08871186922632639,0.13653704718826346,0.029187941556704317,2.1166685032305335,1.3752576558592213,0.6497274626424756
sub-11547,13.0,m,ASD,03,63.0,64,16.940408797264272,5.092318679885953,2.0360772502825024,3.0935990269235525,0.484761353106649,0.6127358349913231,0.1841895420413777,0.07364506423600352,0.11189570485432819,0.017533853876967483,2.5010439457439064,1.6460823253329115,0.6581580975952437
sub-11547,13.0,m,ASD,04,63.0,64,17.906055783026783,5.9932631888053605,2.177674767940652,3.0658465706317326,0.646983799503126,0.6010796074848758,0.20118491356960008,0.07310129660068686,0.10291590038667188,0.02171828195816533,2.7521387844673297,1.9548477233713686,0.710301288003441
sub-11547,13.0,m,ASD,05,62.0,64,20.083104348027124,5.530187398649639,1.6623240982164094,2.681890144866509,0.521383359378999,0.6589185097256395,0.18144320599418168,0.05454017957066359,0.08799172811532577,0.017106376594189548,3.3267805024202284,2.062048443421572,0.6198330313410922
sub-11547,13.0,m,ASD,06,63.0,64,14.144937690231036,4.5004407487398925,1.7649169675541105,3.1688855555998137,0.644143075335498,0.5839387554060079,0.18578956140702035,0.07286023028155593,0.13081959976670687,0.026591853138708696,2.5499447461127733,1.4201966810657,0.5569519430688443
sub-11548,12.4,m,ASD,01,63.0,64,72.20592579727965,13.772601041815758,18.15340732168572,17.438969730595876,8.664892087039348,0.5544245747094458,0.10575127167110229,0.13938876931112118,0.13390304562261818,0.06653233868571248,0.7586785663847947,0.7897600176260618,1.0409678783854068
sub-11548,12.4,m,ASD,02,63.0,64,537.3688631421333,43.72371529912788,24.243459174680503,34.85534489466921,18.27552318005427,0.8160909204365976,0.06640229739908664,0.03681803742171608,0.05293408764121483,0.027754657101384764,1.8035262618295107,1.254433586333986,0.6955449515115344
sub-11548,12.4,m,ASD,03,63.0,64,31275.86739202744,3874.896388377084,1612.3833594502607,4373.043098482481,1967.8381231604292,0.7255903585096085,0.08989638638597182,0.03740679051915502,0.1014532345285079,0.04565323005675693,2.4032103566847915,0.8860869424592998,0.3687096886856168
sub-11548,12.4,m,ASD,04,63.0,64,51.05106776915819,10.374210460453918,15.215894133510385,14.404853020482474,7.495015399922125,0.5180690944933909,0.10527806869062574,0.15441174573075947,0.1461812550988451,0.0760598359863787,0.6818009095900915,0.7201885674017413,1.056303324433417
sub-11548,12.4,m,ASD,05,63.0,64,364.9969283680569,21.65345950544133,14.168541287795824,19.140902819377303,9.93888829569352,0.8490300416186743,0.05036874613518546,0.03295785872236937,0.044524214463984385,0.023119139059786457,1.5282772633829775,1.1312663623954267,0.7402232497336695
sub-11548,12.4,m,ASD,06,63.0,64,407.80767756992094,46.13714526189485,28.517996423266332,28.00915441044415,15.826668540371601,0.774859832168024,0.08766343205545482,0.05418595857237564,0.05321912724883384,0.030071649955311707,1.6178256206054498,1.647216641595259,1.018166989455149
sub-11551,11.7,m,ASD,01,63.0,64,46.36912908412666,14.41678018782561,10.314200245196638,6.617503535183052,2.2537357399394766,0.5798217709766558,0.18027431580869965,0.12897369371608522,0.0827484297204023,0.02818178977815717,1.3977603541815624,2.1785829219699564,1.55862406273899
sub-11551,11.7,m,ASD,02,62.0,64,29.017424765558733,12.828257244254848,19.936151609744442,17.127044721794597,14.400058016283614,0.3109822692045294,0.13748155048179378,0.21365747363503093,0.1835520303880621,0.15432667629058383,0.6434670790718015,0.7490058823709712,1.1640158552499829
sub-11551,11.7,m,ASD,03,63.0,64,30.909754184975075,15.454284364023975,10.380299715250953,6.546502519196703,2.4581456599428035,0.4701175768175325,0.23504977338822183,0.15787771457417807,0.09956811311202952,0.03738682210803797,1.4888090698689767,2.360693258531017,1.5856252533031456
sub-11551,11.7,m,ASD,04,63.0,64,34.448888880249974,14.796993003384005,27.711106485523498,7.851504498052918,2.842816201937415,0.39302195536034,0.1688165660105625,0.31615165568904746,0.08957657998991088,0.03243324295013925,0.533973373135211,1.8846060658888353,3.52940082915262
sub-11551,11.7,m,ASD,05,63.0,64,25.08237572810488,15.961886949847319,26.730282591162194,6.613874200248616,1.4455104909253373,0.3307540007650885,0.21048476530500287,0.3524844697506767,0.08721523734444565,0.019061526834786253,0.5971462103107276,2.41339439889064,4.0415468728082855
sub-11551,11.7,m,ASD,06,62.0,64,29.485373187964818,13.222860859546726,16.740220110877168,6.15500684382525,2.023341394944983,0.4360012915412296,0.1955269270590595,0.2475382469300432,0.09101431127377727,0.02991922319589053,0.7898857226468012,2.148309692427394,2.7197727859021126
sub-11562,12.0,m,ASD,01,63.0,64,9470.289315675895,1153.1967410710706,143.84448516121768,169.4093041704245,71.74940447777166,0.8602714777776848,0.1047552225218176,0.013066687161814472,0.015388969395765397,0.006517643142917669,8.016968740779971,6.807162963794263,0.8490943627069691
sub-11576,10.8,m,ASD,01,153.0,64,62.354879195879896,13.406421370814153,4.553335130630146,6.006104412747836,3.3197501506497833,0.6956106444143605,0.14955765337540225,0.05079551793376684,0.06700213703962259,0.037034047236847986,2.944308070062659,2.232132585367529,0.7581178776988599
sub-11576,10.8,m,ASD,02,305.0,64,8657.424414712385,1040.5627474452149,1247.8731275879134,393.95581487673223,79.22328753315419,0.7581569795319058,0.09112524370132713,0.10928004403287828,0.03449990856037946,0.00693782417350961,0.833869024374761,2.6413184122458104,3.1675459035383695
sub-11576,10.8,m,ASD,03,152.0,64,817039.9613786384,54639.084825302896,10229.366966133393,3989.7844625874004,298.5886522920006,0.921962225572686,0.06165570183836556,0.011542997136128372,0.0045021427794982955,0.00033693267332160037,5.34139453655322,13.694746003865358,2.5638896191148093
sub-11593,9.5,m,ASD,01,152.0,64,1803.0224461594798,248.73432530436693,102.18970936231445,88.73645164158839,19.733526394607257,0.7969454249223945,0.1099418828615849,0.04516839017945439,0.039221979354857155,0.008722322681709162,2.4340447473284943,2.803068194669527,1.151609146769408
sub-11593,9.5,m,ASD,02,63.0,64,588.7847041097464,31.47952038457472,5.715240003836852,7.546441270129806,4.822792553099141,0.9223559249952654,0.04931398852594802,0.008953163089179551,0.011821816649699552,0.007555106739907582,5.5079962282321215,4.171439127099076,0.7573424080644232
sub-11601,12.9,m,ASD,01,63.0,64,97.22770209204349,26.200715151378354,19.752602605555275,11.962351994143326,1.6344281743469304,0.6201624342299157,0.16712005876124814,0.1259910689099767,0.07630131302270182,0.010425125076157664,1.3264436932482808,2.1902645202386637,1.651230678985704
sub-11601,12.9,m,ASD,02,63.0,64,105.9093195331734,27.877866582764074,25.193332578088906,12.749379991056674,1.515516789239378,0.6113253804910684,0.1609154649572588,0.14541990914514522,0.07359144226789842,0.008747803138629086,1.1065573201304044,2.186605670418452,1.976043744539837
sub-11601,12.9,m,ASD,03,63.0,64,48.535309219842226,17.378287929616082,21.60542953174805,13.65630679037387,3.8474310733013457,0.4621408456554256,0.16547162898372814,0.20572139407466225,0.13003187308536174,0.03663425820082219,0.8043481803534429,1.27254668457403,1.5820843704959382
sub-11601,12.9,m,ASD,04,63.0,64,55.739196252048224,21.34238572625158,32.7961399014685,15.827520996964498,2.933210475584733,0.43330120037582087,0.16590984398575312,0.2549481826530189,0.12303880048694128,0.0228019724984659,0.6507590768417213,1.3484351548385094,2.0720958075341267
sub-11601,12.9,m,ASD,05,63.0,64,796.3592192806732,30.956268953115956,25.740539454192508,17.031829529145913,7.211476673417039,0.9077394550718196,0.03528586852543785,0.02934065769780238,0.01941393190578995,0.008220086799150325,1.2026270470440328,1.8175539451085796,1.5113196976369283
sub-11601,12.9,m,ASD,06,63.0,64,90.17708606177354,30.758487829537284,26.638703723345838,18.76167448392609,11.584302206609864,0.5068399121501351,0.17287794438949153,0.1497227160975814,0.1054499082029388,0.06510951915985304,1.1546540758505797,1.6394319097631378,1.419846813042638
sub-11613,10.2,m,ASD,01,62.0,64,256.5919833161331,71.85064600725515,58.23225971581996,19.60643828837679,7.791194670200928,0.6196788477490547,0.17352188853439382,0.14063299693219278,0.047350252061598104,0.018816014722760538,1.2338632633851832,3.6646455082996945,2.9700580421249465
sub-11613,10.2,m,ASD,02,63.0,64,74.59230613117549,34.693561429478486,56.274943552891514,15.591062309484236,3.180144203321435,0.4046627769375219,0.18821234572391982,0.3052912037612653,0.08458141190147435,0.0172522616758187,0.6165010436104802,2.225221138932526,3.6094361266620534
sub-11613,10.2,m,ASD,03,62.0,64,151.2896132823923,52.67595569139246,73.35519493836867,21.044745440681524,6.811375497426136,0.49574401205590807,0.17260794741134663,0.2403694335315118,0.06895917248453268,0.022319434516700775,0.7180944135674314,2.5030455150844806,3.485677464958355
sub-11613,10.2,m,ASD,04,63.0,64,130.29636638684306,48.01808590319393,67.81209534018319,23.346156455834546,16.051706893222295,0.45634054874663527,0.16817506334573623,0.2375001671752154,0.08176588606124112,0.05621833467117216,0.7081050314447371,2.0567876341458127,2.9046363785177136
sub-11613,10.2,m,ASD,05,63.0,64,215.98304657824602,43.93038403790057,58.24160275276841,17.82568757703107,7.453243278005046,0.6288925065006233,0.1279150829975973,0.1695860305615825,0.0519042652560917,0.02170211468410513,0.754278418888677,2.4644426111510103,3.267285062698757
sub-11613,10.2,m,ASD,06,62.0,64,82.43807533674051,41.47607677771613,65.24117899578064,11.830345429115205,2.328468651637881,0.40547142088564164,0.20399995651435912,0.3208885389380755,0.058187517735187336,0.011452565926736437,0.6357346298171362,3.5059058102936675,5.514731533976861
sub-11636,10.7,m,ASD,01,62.0,64,61.508324724135086,12.809424214564416,11.74577555098054,4.264561147184531,1.1616675015295732,0.6722974170789711,0.14000938657237313,0.12838350906044102,0.046612445666277404,0.012697241621937147,1.0905558478422552,3.0036910651454054,2.7542753276583025
sub-11636,10.7,m,ASD,02,63.0,64,84.93125082938126,16.197788988545998,10.619092478162838,4.545340257497946,1.0585138284637456,0.7237308327519792,0.13802739508654235,0.0904892435615982,0.038732537877118764,0.00901999072276154,1.5253458826029835,3.5636031784037057,2.3362590865767845
sub-11636,10.7,m,ASD,03,63.0,64,50.00339531868458,12.753069132912863,9.161200060189357,4.454275599816364,1.5356338040229072,0.6418297067347813,0.16369485650681975,0.11759062180669287,0.05717384557039788,0.01971096938130815,1.39207407862778,2.863107332972085,2.056720527254094
sub-11636,10.7,m,ASD,04,63.0,64,62.142719413116836,12.577680178579714,10.996201224385201,4.388787811404269,0.877123125278535,0.6830182879758603,0.13824283300463547,0.12086060290648193,0.04823770774025606,0.009640568372766244,1.1438204814483952,2.865866548821659,2.5055212730521084
sub-11636,10.7,m,ASD,05,63.0,64,39.53833447998821,11.604265446033384,9.698124309801555,3.7806551212507644,0.820929093886191,0.6041708401777527,0.17732053958226682,0.14819349346560642,0.05777080929356029,0.012544317480813853,1.1965474018832032,3.0693795318188966,2.5651967711334374
sub-11636,10.7,m,ASD,06,63.0,64,41.244515761305536,10.956108498011092,11.088007074121078,4.213775855597155,0.9479322688799351,0.6025465481681626,0.16005922811744736,0.16198615174053738,0.06155960494816689,0.013848467025685835,0.9881043928608386,2.6000691240987823,2.631370878304523
sub-11638,10.9,m,ASD,01,63.0,64,80.23620149754153,15.734750873230483,7.369624692185285,7.323854614420989,3.3447841503769986,0.7037694357863323,0.13801297341613583,0.06464060504827336,0.06423914559228126,0.029337840156977192,2.1350817077449737,2.1484247983634295,1.0062494519858673
sub-11638,10.9,m,ASD,02,62.0,64,114.75069229143105,36.20745500188711,11.76889811890067,13.215441034131166,5.512528757852144,0.6323919576557046,0.1995395661075595,0.06485848906218672,0.07283039831805718,0.030379588856491876,3.0765373815020536,2.739784083510727,0.890541457413752
sub-11638,10.9,m,ASD,03,63.0,64,2711.611293141424,796.0328250841969,233.16535118326888,237.65845106174817,62.72368448060821,0.6709930036029899,0.19697972848129788,0.057697177955530726,0.05880900345595351,0.015521086504227982,3.414027088692573,3.34948250957578,0.9810942978951256
sub-11638,10.9,m,ASD,04,63.0,64,64.9706379026696,23.227867588029678,12.987382716582434,11.480780343920177,4.461774361747145,0.554695651089261,0.19831107637359144,0.11088154502518897,0.0980187225100636,0.038093005001895046,1.7884948873010478,2.0231958884511148,1.1312282203413204
sub-11638,10.9,m,ASD,05,62.0,64,6092.667025933272,986.4424384593477,443.42591404135675,109.7487932922624,20.186124720960265,0.7961699673322359,0.1289050986473377,0.05794546033680463,0.01434161637232559,0.0026378573112962028,2.2245935729578172,8.98818482525306,4.040371659126201
sub-11638,10.9,m,ASD,06,63.0,64,179.96088527917067,21.118338344562954,7.5481932090937445,8.47257112702628,3.5058547702960157,0.8157575658560555,0.09572882605106435,0.0342157447675893,0.038405923533902646,0.015891939791388306,2.797800448340468,2.492553680334238,0.8908975912891539
sub-11674,11.7,m,ASD,01,63.0,64,35.68078000573079,8.794683188739661,15.52057516966086,7.345658690043757,1.3285310168479518,0.5195960608843109,0.12807126808496475,0.22601607138407226,0.10697006397658124,0.019346535670070913,0.5666467313615564,1.1972627043861839,2.1128908685476113
sub-11674,11.7,m,ASD,02,63.0,64,73.4273052608441,12.244640382242238,14.58729971690667,7.594160180260899,1.4153511479068566,0.6719881097429923,0.11205984906725805,0.13349927425766345,0.06949983152030981,0.012952935411776396,0.8394041817109378,1.6123758376955344,1.9208575234984733
sub-11674,11.7,m,ASD,03,62.0,64,71.22072609626872,14.117483039387531,16.430630280554784,9.625500507861606,2.9634615268643665,0.622788521575632,0.123450108871185,0.14367738861789878,0.08417003812364511,0.025913942811639154,0.8592173762253782,1.4666752163024779,1.706989705848034
sub-11731,11.5,m,ASD,01,63.0,64,456.3352110405499,179.8384543864243,89.86012345493498,70.28880520869549,6.094211454361151,0.5687009642459162,0.22412099689797255,0.11198684129491279,0.08759637724805436,0.007594820313144157,2.0013154608741845,2.5585646797162562,1.2784414699912738
sub-11731,11.5,m,ASD,02,63.0,64,75.96935014098786,16.1292998709524,7.022833941668384,14.840969146393212,7.386874960637344,0.6260384903246056,0.13291626850123525,0.05787287044687235,0.12229955767844931,0.06087281304883753,2.2966938994887633,1.0868090696672792,0.47320588516789264
sub-11731,11.5,m,ASD,03,63.0,64,89.66153315690794,14.84980564878746,7.494175169484681,21.852862965585853,16.674210529756643,0.5956287250723405,0.09864844482059648,0.0497844041307813,0.14517031383563442,0.1107681121406473,1.9815130168365909,0.6795359341324342,0.34293791075735003
sub-11731,11.5,m,ASD,04,63.0,64,99.65035000115384,19.67467181595922,9.636462179605287,22.695584611243724,16.92403744278366,0.5911122090464719,0.11670745480835092,0.057162171997522375,0.13462709518830643,0.10039106895934853,2.0416903474803134,0.8668942507086642,0.4245963408596773
sub-11731,11.5,m,ASD,05,63.0,64,98.96004618255739,16.401446862767568,6.576426063955462,12.322083298760226,5.172009145299673,0.7097369182305727,0.11763042561064337,0.047165826489131736,0.08837341699001709,0.03709341267963489,2.4939757100991025,1.3310611903116887,0.5337105669961785
sub-11731,11.5,m,ASD,06,63.0,64,53.85690397957828,12.256752646676652,6.202294835790567,21.630572214023616,41.22827682198957,0.3984241425261193,0.09067335480811513,0.045883513886744304,0.16001926493935725,0.30499972383966395,1.976164141044798,0.5666402407389993,0.286737436921316
sub-11755,8.1,m,ASD,01,63.0,64,250.43229970463642,28.160154293119504,12.958753301074996,7.768644453120792,5.078630403260111,0.8227120514252165,0.09251082362086398,0.04257167515857511,0.025521298260480767,0.01668415153486388,2.173060451022204,3.624847869283953,1.6680842300446963
sub-11755,8.1,m,ASD,02,62.0,64,281.1353581462071,28.15809899003122,11.908802443220463,6.680017935168505,3.311753251544843,0.848853940681959,0.08501994714364661,0.035957177173969825,0.020169499793565714,0.009999435206859118,2.364477799030186,4.215272962335382,1.7827500702541244
sub-11755,8.1,m,ASD,03,63.0,64,185.12748388690355,26.786247726989085,11.05674460537763,5.995298406926209,2.7642187650441756,0.7988930616087496,0.11559249337984749,0.04771391240110213,0.02587191376993683,0.011928618840363989,2.4226161210200288,4.467875643361412,1.8442359086920623
sub-11755,8.1,m,ASD,04,62.0,64,420.5691055850896,29.804090982331306,10.631237734678114,9.04031160377097,10.202656554873489,0.8757342641108149,0.06205986920411831,0.022137002053951006,0.018824280063669777,0.021244584567445893,2.803445066900641,3.296799080454171,1.175981337882593
sub-11755,8.1,m,ASD,05,63.0,64,268.2461298295519,34.44565975346635,15.582182024474262,7.92567790485812,3.0691252220620644,0.8146722386473437,0.10461259128276021,0.04732359464404971,0.024070542101208812,0.009321033324637639,2.2105799880507133,4.346083725198138,1.9660377587288798
sub-11755,8.1,m,ASD,06,62.0,64,458.2864786578061,25.59107362255047,10.800307869332846,10.629170646339906,14.577179288556097,0.8815164410999184,0.04922456409743006,0.020774448732681514,0.020445265388249693,0.02803928068172023,2.369476308653716,2.4076265659882514,1.0161007127166473
sub-11759,11.6,m,ASD,01,63.0,64,78.26238447407592,21.348200687197316,14.385958559075808,12.722613462969623,6.105648871588395,0.5892151232784323,0.16072450110239506,0.1083077701098163,0.09578492030856312,0.04596768520079333,1.48396094702561,1.6779729062219242,1.1307392620979573
sub-11776,11.1,m,ASD,01,63.0,64,97.23940641597709,34.89965849250048,21.285668481400183,4.551275262343261,1.0526792353097534,0.6114582702508827,0.21945511188008054,0.13384797902912937,0.0286192090420946,0.006619429797812552,1.639584799650359,7.6681054167952265,4.676858079210327
sub-11776,11.1,m,ASD,02,126.0,64,74.83663196880683,25.111883131538942,17.60374025795606,4.4581372862455275,0.7893025807135682,0.6094203396150799,0.20449466983997217,0.14335328948222684,0.03630413966474121,0.0064275613979797724,1.4265083876245879,5.632819610337125,3.9486761236061563
sub-11776,11.1,m,ASD,03,126.0,64,75.33918833377402,28.439889813268227,16.09517327454734,4.5139129997638285,0.8178394199347775,0.6017218505693576,0.227144776933531,0.1285495326162607,0.03605188937653253,0.006531950504318269,1.7669825188053512,6.300495781543912,3.565680879403181
sub-11776,11.1,m,ASD,04,126.0,64,69.91708672583358,28.883108344767606,21.577456681787602,5.260533843389019,0.8573757650650229,0.5527236368902084,0.2283329789127959,0.170578765370553,0.041586706970553326,0.00677791185588925,1.3385779784299752,5.49052799670995,4.101761783911774
sub-11776,11.1,m,ASD,05,125.0,64,99.53393502055297,31.519821558120114,23.53629080231783,7.663008865693758,1.705136124234249,0.6070689947311665,0.19224304136516418,0.14355056287198023,0.04673757837216152,0.010399822659527484,1.3392008886555766,4.1132435196871615,3.0714163607048115
sub-11776,11.1,m,ASD,06,63.0,64,30.367605044184483,23.451622342152767,24.36232053005985,4.799352744066114,0.960813533872546,0.36177013223579896,0.2793798359640271,0.29022900906762494,0.05717482410419928,0.01144619862834991,0.9626185778656264,4.886413562984756,5.076167939558361
sub-11777,12.5,m,ASD,01,63.0,64,22.660150231015145,9.143973830153415,9.84738636036216,11.259524871071998,5.696653418394704,0.3866412535521656,0.1560200381769636,0.1680220902230248,0.1921168556329574,0.09719976241488872,0.9285686064842412,0.8121100965500008,0.8745827619833313
sub-11777,12.5,m,ASD,02,63.0,64,13.669351567929171,7.442648960351158,19.422540797812374,7.298129905693642,1.4313693039110416,0.2774711822109714,0.15107670583695046,0.3942539139423316,0.14814314510815083,0.029055052901595678,0.38319646424372283,1.0198022036501118,2.6613037927236487
sub-11777,12.5,m,ASD,03,63.0,64,16.062497794052323,8.823847228157554,19.732593522462732,9.946998020926559,3.579468361536178,0.27624707084215805,0.1517548504342711,0.33936634454933357,0.1710710938102778,0.06156064036395951,0.4471711849794538,0.8870864565966422,1.9837737457018865
sub-11777,12.5,m,ASD,04,62.0,64,90.28093559101086,9.242119194730318,23.41868337398625,11.473074106102226,6.023868991247529,0.6428494968971471,0.06580892893612654,0.16675379720433045,0.08169454457565307,0.04289323238674292,0.3946472586497571,0.8055486358111013,2.0411864472774974
sub-11777,12.5,m,ASD,05,63.0,64,35.07760003674621,8.707742839277588,24.161448646315215,10.852509921046945,3.543644635199391,0.4259939886443865,0.10574971207572789,0.2934246319442632,0.1317964736249499,0.043035193710672624,0.36039820984018595,0.8023713318510884,2.2263466075674736
sub-11777,12.5,m,ASD,06,63.0,64,18.26491185955145,7.704823496636766,27.44950272034909,11.077660303317227,1.3937614825041893,0.2772003178858074,0.11693346997482855,0.4165917108386728,0.1681218601613299,0.021152641139361265,0.28069082253081995,0.6955280524651529,2.47791518865489
sub-11791,9.3,m,ASD,01,63.0,64,75.74100299345497,19.014158920073143,9.44556335917351,6.101523748718549,1.7733001596663067,0.6758030948487808,0.16965483603699275,0.0842785373633263,0.054441167527628974,0.01582236422327131,2.01302539584435,3.116296797839478,1.5480663106748183
sub-11791,9.3,m,ASD,02,63.0,64,480.3671169893984,28.938306535755277,13.500712839795735,14.470980695154434,24.344830176256803,0.8553211272337157,0.05152630996376729,0.024038791408046434,0.025766408820672864,0.04334736257379769,2.1434650806329656,1.9997474356002136,0.9329507878008855
sub-11791,9.3,m,ASD,03,62.0,64,127.31375198378622,24.350921008110966,14.315982376695635,6.289104714257109,1.921709135842316,0.7308839666766204,0.13979399288227543,0.08218532423492185,0.03610455059863651,0.01103216560754572,1.700960532596825,3.8719216986336003,2.276314837665521
sub-11791,9.3,m,ASD,04,63.0,64,1796.69795645423,60.51518693971633,33.39772176061096,26.075166342941344,11.290011899867451,0.9319088598674672,0.03138793510788652,0.017322685038015026,0.013524631922808136,0.005855888063823062,1.8119555391675701,2.3207977331311653,1.2808248784058809
sub-11791,9.3,m,ASD,05,63.0,64,191.29547990160842,34.26571330783029,9.698292169019014,6.938854860973624,4.753674474297595,0.7746261156174873,0.13875454042175642,0.03927197022571953,0.02809798846556188,0.01924938526947487,3.5331698314154085,4.9382375037921316,1.3976790642452204
sub-11791,9.3,m,ASD,06,62.0,64,114.32747694308699,29.229291180608392,11.569370097736098,11.651018148293534,15.198388344728254,0.6282573689914425,0.160622083733688,0.06357651032664946,0.06402518627750624,0.08351885067071398,2.5264375617414125,2.508732782713025,0.9929921960880822
sub-11831,8.0,f,ASD,01,63.0,64,49.17832074418354,26.4154081667573,36.85595119961961,12.693529287399357,5.056629148547595,0.3777141453721314,0.2028835708373149,0.28307217283111036,0.0974926653450897,0.03883744561435355,0.7167202936558569,2.081013685687826,2.903522760703429
sub-11831,8.0,f,ASD,02,63.0,64,88.31857294904611,36.60253831750383,29.429259315663717,12.827846095581904,5.133621618168126,0.512550813817851,0.2124203344324789,0.1707906990413269,0.07444552981640606,0.029792622891937303,1.2437465015649285,2.8533658764514076,2.294169971823998
sub-11831,8.0,f,ASD,03,63.0,64,39.86867595214014,30.65055726189514,47.430305672695425,9.237771618340826,1.5733890121307503,0.30963388752647875,0.2380427985932172,0.36836011182401807,0.07174372035084098,0.01221948170544497,0.6462230598598058,3.3179600587917775,5.134388208789066
sub-11831,8.0,f,ASD,04,63.0,64,111.08523957004948,46.49519220883918,46.582499322233616,21.20829269708667,18.759043208572614,0.45502444630089106,0.19045238748519294,0.19081001259438113,0.08687285258446686,0.07684030103506795,0.9981257529186982,2.1923118882278585,2.1964285380045014
sub-11831,8.0,f,ASD,05,62.0,64,65.5034097561131,52.70577200672286,61.518551572710805,13.524717821729292,1.8727760887834373,0.3356993387303585,0.270112546443106,0.3152772834192979,0.06931301509606529,0.00959781631117233,0.8567459840862502,3.8969960557730747,4.548601485339155
sub-11831,8.0,f,ASD,06,63.0,64,141.95986071977404,43.752488464410646,45.136590534343924,17.647618834192258,7.840513453139866,0.5538015223819376,0.17068342133287032,0.17608296053764685,0.06884536324027596,0.030586732507269194,0.9693352543125708,2.479229003951525,2.5576589656895687
sub-11847,8.3,m,ASD,01,62.0,64,72.388315364477,14.613237194558387,4.874150988916185,10.67651825284633,6.294668636580471,0.665047160039205,0.1342549808803739,0.044779882726373094,0.09808748977527042,0.05783048657877746,2.998109255907106,1.3687268497539016,0.45653001039142604
sub-11847,8.3,m,ASD,02,63.0,64,153.42553349035092,23.780575030278943,11.77911873951958,39.86653370589072,46.75855823971429,0.5566755770701476,0.08628332603368805,0.04273830810640288,0.1446481895916557,0.16965459919810588,2.018875567532385,0.5965047075754445,0.29546383004898885
sub-11847,8.3,m,ASD,03,63.0,64,131.15979787342923,22.256378137631437,17.183029786936046,42.9499932166411,36.050632844165335,0.5254803134147358,0.08916824170867915,0.06884231314969941,0.1720754092532306,0.14443372247365505,1.2952534223360637,0.5181928207850831,0.40007060537272526
sub-11847,8.3,m,ASD,04,63.0,64,86.81661746780993,16.17729148509172,5.432258333446367,8.528669285469487,4.752131224486785,0.7133249561611884,0.1329200108917918,0.04463391399692172,0.07007543972127835,0.039045679228819685,2.9780048171656857,1.896813083449418,0.6369409050367852
sub-11847,8.3,m,ASD,05,63.0,64,48.892114827263434,12.189529737226634,4.889906758546919,7.080112146293223,3.264466421506629,0.6406524400175833,0.15972415994708627,0.06407435447187218,0.09277346946734155,0.04277557609611685,2.4927938995811987,1.7216577202959187,0.6906538565363007
sub-11847,8.3,m,ASD,06,63.0,64,511.24581346771527,22.59077640445823,6.918894241757942,22.89697243820996,43.718128108782544,0.8417362091269662,0.0371943867137885,0.011391553059192922,0.037698520502096135,0.07197933059795612,3.2650847975266055,0.9866272261724542,0.302175069670427
sub-11868,10.1,m,ASD,01,63.0,64,185.8943325085268,18.775080535178883,26.396928987345696,18.96030383921508,12.365641977861065,0.7084595893920568,0.07155347700632836,0.1006010092896641,0.07225937924741634,0.047126545064534404,0.7112600312020911,0.9902309949457084,1.3922207793289498
sub-11868,10.1,m,ASD,02,63.0,64,139.78445090620093,16.2841912981389,44.154956541468295,21.174375037417285,16.965186341356134,0.5864347948447317,0.06831672851470796,0.18524236932582414,0.08883241448196275,0.07117369283277333,0.368796451715348,0.7690518029156974,2.0853015242925457
sub-11868,10.1,m,ASD,03,63.0,64,90.84850063642016,17.408401785232158,37.59728869399471,14.637201060187886,5.329572647819543,0.5478710169913362,0.10498311720562875,0.22673422949853345,0.0882711126168763,0.032140523687625266,0.4630227973862579,1.1893258631653107,2.568611890988953
sub-11868,10.1,m,ASD,04,62.0,64,167.94269803568955,22.68773222409572,25.692701113793966,19.036852326478552,8.935005357537262,0.6874586281264056,0.09287023164747293,0.10517080687126434,0.07792567665802765,0.036574656696829515,0.8830419239927665,1.191779598591471,1.3496296905165213
sub-11868,10.1,m,ASD,05,63.0,64,491.35643697861934,18.6274434071324,30.95348244944107,43.4370311914103,38.13591551568527,0.7893145373606709,0.029923108294910905,0.049723646299448705,0.06977720774351215,0.06126150030145746,0.6017882943400044,0.42883785784181283,0.7126058480617833
sub-11868,10.1,m,ASD,06,63.0,64,210.59149791057092,17.553467809263633,46.9533911008805,50.838075222307914,44.96901277467813,0.5677767766770748,0.04732599117786236,0.12659126943784274,0.13706478546653497,0.12124117724068534,0.37384877636525937,0.3452819118840501,0.9235871125246142
sub-11876,10.6,m,ASD,01,63.0,64,70.8156331079715,22.26739391969623,44.32841820952465,26.04420223126049,21.814266405475088,0.3822295354234361,0.12018893653099388,0.23926398670260704,0.14057437436378897,0.11774316697917402,0.502327735098649,0.8549846803511989,1.7020455384238213
sub-11876,10.6,m,ASD,02,125.0,64,284.8169918836619,49.2557563134299,52.830577869699816,31.902826053405356,20.89678572735789,0.6477486670384904,0.11202053039387896,0.12015061379466195,0.0725554079979017,0.04752478077506685,0.9323342333092253,1.5439308176327615,1.6559842623741667
sub-11876,10.6,m,ASD,03,63.0,64,102.2165227803674,22.06613811124977,55.379526177424594,14.877861650737913,8.912053206236768,0.5024107483418261,0.10845863917038286,0.272199331700996,0.07312709728675162,0.043804183500043455,0.39845299579766014,1.4831525275109232,3.7222772652061784
sub-11876,10.6,m,ASD,04,63.0,64,359.65094234195453,15.935663447515399,48.56021949024845,46.4385235629546,69.36759955439919,0.6660783007290355,0.029513059415311464,0.08993416858710823,0.08600475967547545,0.12846971159306908,0.3281629204891773,0.3431561174831957,1.0456882726776953
sub-11876,10.6,m,ASD,05,62.0,64,64.61388049511609,20.259240282498066,55.945550186241505,10.392097908859192,3.920327776358817,0.41651146604913736,0.13059432131990306,0.3606340146798387,0.06698913456640768,0.025271063384713244,0.36212424786342257,1.9494851241949138,5.38347027490458
sub-11876,10.6,m,ASD,06,63.0,64,109.43725403262003,16.303345953975406,38.24715964427912,20.72581961189346,17.1966423652608,0.542009479069723,0.08074552057906867,0.18942656463687546,0.10264868933742635,0.0851697463769065,0.42626292006010447,0.7866200835126332,1.8453870756614654
sub-11883,10.8,m,ASD,01,63.0,64,99.72747068339258,26.75205803263282,26.542969704577345,6.742847246960411,1.9347120376850016,0.6167435689180698,0.16544247672067808,0.16414941392884774,0.041699720721506975,0.011964819710897408,1.0078773524734657,3.9674720563619927,3.9364631486413364
sub-11883,10.8,m,ASD,02,63.0,64,53.8496672906302,21.479690456965013,34.831534155833815,9.526719307698857,4.320878478234689,0.4342417799420181,0.17321145117379444,0.2808802384666222,0.07682312180047507,0.034843408617090295,0.6166736831305334,2.254678632087603,3.656194019244936
sub-11936,12.0,f,ASD,01,63.0,64,2778493.707384759,190264.76049974977,16841.556770824973,4133.771235304841,388.00514087979684,0.9292242564922429,0.06363110707868593,0.005632398240437915,0.001382475869002658,0.00012976231963057313,11.297338072056968,46.02692061785535,4.0741385558514125
sub-11936,12.0,f,ASD,02,63.0,64,1081716.817868756,25216.13927026241,4185.536680172359,1252.4633180514036,178.7237459266065,0.9722863045631035,0.02266518044411755,0.003762112157409259,0.0011257594510810235,0.00016064338428889874,6.024589245559787,20.13323576573401,3.341843724959757
sub-11936,12.0,f,ASD,03,63.0,64,17117088.533848807,751212.9453141792,62876.491698483835,17748.58219106776,1188.7885976806333,0.9535921194963848,0.04185003444357352,0.0035028461099962695,0.0009887725985740694,6.622735147123259e-05,11.947437349343927,42.32523686834199,3.5426205328179607
sub-11936,12.0,f,ASD,04,63.0,64,72796680.39792445,8580262.750762923,822468.4454797094,266879.13544567896,11846.396295523993,0.8826179025696901,0.1040307534791261,0.009971957104513133,0.0032357561015020314,0.00014363074516874323,10.432330623648953,32.150369253985254,3.0818012210142074
sub-11936,12.0,f,ASD,05,62.0,64,222298.75550701388,71932.3494755231,31795.00588647234,19886.759263043714,2105.8822053623035,0.6387551073440091,0.2066910159076209,0.091360036414492,0.0571427807538453,0.006051059580032581,2.262378869573595,3.617097613747333,1.5988027745454811
sub-11955,8.5,m,ASD,01,63.0,64,48.3932278433513,12.968685879437473,18.04635068132303,12.003199787573994,4.766294185192231,0.503164439055854,0.13484079997600837,0.18763538458244552,0.12480224108092404,0.049557135304768025,0.7186320441428272,1.0804357262188515,1.5034616602820403
sub-11955,8.5,m,ASD,02,63.0,64,82.90221782604169,16.05091882755763,15.987331285434022,12.384115145161774,6.0630349068937734,0.6215135937998388,0.12033289947969482,0.11985618700007128,0.09284306393408351,0.0454542557863116,1.0039773706435635,1.2960892756095217,1.2909546704012966
sub-11955,8.5,m,ASD,03,63.0,64,98.38386309321183,15.694641604368854,23.973231102796312,22.904688818832827,18.460485949063088,0.5483533451869028,0.08747582128495421,0.13361745571732972,0.1276618170844993,0.10289156072631392,0.6546736039489555,0.6852152294452616,1.046651683086168
sub-11955,8.5,m,ASD,04,63.0,64,58.56302209226941,12.948942753146579,23.38414085080554,12.287848801458923,5.741374005715959,0.5185995282759619,0.11466818759581576,0.20707613748586284,0.10881393009265718,0.05084221654970238,0.553748920508256,1.0538006255097447,1.9030296700940172
sub-11955,8.5,m,ASD,05,63.0,64,215.11143262502654,30.81906394031554,38.44742263157514,16.9061900033486,11.657097379512566,0.6873860907486085,0.09848196176254856,0.12285829358101394,0.05402353428658712,0.037250119621242056,0.8015898552067111,1.8229455562850783,2.2741624590732674
sub-11955,8.5,m,ASD,06,63.0,64,71.16796431493385,15.339833343035707,29.05768421351197,14.171179331845535,7.267490199703475,0.5194584513397426,0.11196619362219114,0.21209345786925704,0.10343613085239743,0.05304576631641191,0.5279096995590106,1.0824669552070354,2.0504774890691997
sub-11976,8.3,f,ASD,01,62.0,64,28.789738373269753,8.740001247735133,7.463534211717435,62.50851640882149,37.95495677525212,0.19792645555276575,0.06008659912300887,0.05131102107525901,0.4297395458844107,0.2609363783645557,1.1710271568144885,0.13982096760341128,0.11940027760223959
sub-11976,8.3,f,ASD,02,63.0,64,35.688028432377976,9.66915773165396,4.158085897601881,9.191914873339169,6.537985033188085,0.5469834373307093,0.14819729092556314,0.06373016994469693,0.14088268290295447,0.10020641889607634,2.3253867211426575,1.0519198518362065,0.4523634035887631
sub-11976,8.3,f,ASD,03,62.0,64,36.63472532352037,10.529003722061764,4.0914663698873905,6.65455436890319,3.607668552837703,0.595517925064825,0.17115483722588243,0.06650907142201316,0.10817349864108339,0.05864466764619591,2.5734059063893895,1.5822252157505725,0.6148370188403389
sub-11976,8.3,f,ASD,04,63.0,64,34.554370954000404,10.348496725830369,4.225223245784513,6.22611828354243,3.2856843932867705,0.5892638753450937,0.17647536668448147,0.07205373315357412,0.10617547033344012,0.05603155448341063,2.44921892261078,1.6621105244956025,0.6786288106592987
sub-11976,8.3,f,ASD,05,62.0,64,27.273168034449736,9.176336205522176,3.7575080798088227,4.987592370907216,2.63870985817218,0.5701709842120831,0.19183985663692313,0.07855420673327276,0.1042702647296699,0.0551646876880511,2.442133459361465,1.839832833783297,0.7533711258615451
sub-11976,8.3,f,ASD,06,63.0,64,37.251602809904156,11.295974896196757,4.320047956527283,3.624762960571801,1.5862995085961036,0.6413988333443464,0.19449431899293532,0.07438267108795463,0.062411240287422516,0.027312936287341154,2.6147799769512625,3.1163347835619115,1.1918153003433367
sub-11990,11.7,m,ASD,01,63.0,64,98.56257228252632,17.640170160032703,11.023174293646138,5.437851783745231,0.8968596768405273,0.7379612810543406,0.1320761245150878,0.08253311205907454,0.040714481933500565,0.006715000437996414,1.6002804355729605,3.243959354089516,2.027119298579725
sub-11990,11.7,m,ASD,02,63.0,64,65.56264966590439,11.711780366871361,14.213313824314683,5.762471514525725,1.1824572374540594,0.6660659304282979,0.11898265135383677,0.14439630102053103,0.05854226408554037,0.0120128531117939,0.8240006877802166,2.0324231256239518,2.4665308606709004
sub-11990,11.7,m,ASD,03,63.0,64,356.8041205143897,70.55680862854759,34.6576302548028,9.3545800575134,2.068289182478983,0.753639413308312,0.14902964624698317,0.07320362806973975,0.019758685006569906,0.0043686273683953315,2.0358232259336293,7.542488085488974,3.704883601585784
sub-11990,11.7,m,ASD,04,63.0,64,7314769.870136445,253057.12394749076,13375.5358694375,5273.469958755673,302.10603717813194,0.9641470684901721,0.033355018482621956,0.0017630060722283198,0.000695086884723884,3.982007025369967e-05,18.919400793931175,47.98683332353752,2.536382301226494
sub-11990,11.7,m,ASD,05,63.0,64,124.71931130551891,18.724315603427943,20.300460541610374,6.315537252790275,0.8711380117763803,0.7296481295960648,0.10954327533560596,0.11876423072799053,0.036947926473105706,0.0050964378672330255,0.9223591536284723,2.9648017031576104,3.2143679514583505
sub-11990,11.7,m,ASD,06,63.0,64,161.48874730210468,24.62970471208041,29.81983295950574,6.869832717482693,0.9458248732878478,0.7217247010321676,0.11007495300327425,0.13327064818495848,0.030702621990687653,0.004227075788912031,0.8259504587274739,3.5851971547140455,4.340692733844703
sub-11993,8.6,m,ASD,01,62.0,64,48.104433105563224,25.656789125681723,9.277104482533518,10.165788183103835,4.029785917900375,0.4947290266302863,0.2638667060632938,0.0954101851802196,0.10454983393567926,0.041444248190521206,2.76560312261084,2.5238366827596193,0.9125809347427322
sub-11993,8.6,m,ASD,02,63.0,64,45.781760759261175,29.402883779027164,11.816672086298725,20.214431322154905,9.958668797799644,0.3907146460056422,0.2509326233142684,0.10084686072780633,0.17251574092513297,0.08499012902715006,2.488254185636531,1.4545491441454386,0.5845661398026922
sub-11993,8.6,m,ASD,03,62.0,64,62.99080390302473,27.81005385150849,11.386730802530533,28.83792192670648,25.74060691156675,0.40181389288460106,0.17739837098456904,0.07263515223646938,0.18395506890039406,0.16419751499396645,2.4423211836472074,0.9643570685221221,0.39485268153061365
sub-11993,8.6,m,ASD,04,62.0,64,220.236038288457,68.55796398849338,21.690626201821356,17.507523878787374,7.271918295194123,0.6569031923392844,0.2044894457524549,0.06469713906291864,0.05222010173861021,0.021690121106731856,3.160718521936291,3.9159143499190203,1.2389316931392194
sub-11993,8.6,m,ASD,05,63.0,64,55.37966869800843,23.702769234219186,10.035233037470592,13.031403129706721,6.9660701550465,0.5075342114644107,0.21722712641011072,0.09196920469691079,0.11942799708277063,0.06384146034579719,2.3619550383847923,1.8188961693760932,0.7700807762284644
sub-11993,8.6,m,ASD,06,63.0,64,32263.967490156418,4137.6429360355505,1061.7934808207647,743.8710263471218,145.41053345878126,0.8412440249606522,0.10788404737955809,0.02768498392998817,0.01939553951158628,0.0037914042182153117,3.896843417080654,5.562312268504394,1.427389215620944
sub-2713,9.9,m,ASD,01,63.0,64,74.93598327960902,25.719977552042977,43.57143730779796,12.088308285198927,1.5585338431522495,0.4746561766662855,0.16291433934006164,0.2759882627709751,0.0765692253827705,0.009871995839907244,0.5902944484101259,2.127673860165763,3.604428037391085
sub-2713,9.9,m,ASD,02,63.0,64,65.15284867788142,22.902194923176832,32.58454478918713,10.635745815663464,1.363345477333067,0.4912054977739128,0.17266603511034787,0.24566397122621528,0.08018585408919164,0.010278641800332377,0.7028545303102319,2.153322890572313,3.063682167093468
sub-2713,9.9,m,ASD,03,63.0,64,6299.294811664173,20574.421135514793,1864.6322728283071,2877.210338519193,1220.2815883492326,0.19184204769810181,0.6265842763116397,0.05678649501543896,0.08762408166349164,0.03716309931132801,11.034036810007127,7.150822746627478,0.6480695025543294
sub-2713,9.9,m,ASD,04,62.0,64,262.91270530296686,49.641503758965996,22.624055553792804,12.538939169999896,3.6091281158129647,0.7483432963306885,0.1412974185290454,0.06439612832702031,0.03569029142260255,0.010272865390643269,2.1941912068300176,3.9589875256541665,1.804303796921043
sub-2713,9.9,m,ASD,05,63.0,64,1886275.7221356845,1536483.1597418496,344664.93357068463,145294.91595442937,17167.361215445188,0.47998228897241296,0.39097396808217494,0.0877035429139038,0.03697178812061542,0.004368411910892887,4.457903923744376,10.574927206838785,2.3721747681714214
sub-2713,9.9,m,ASD,06,63.0,64,596478.9329773473,398789.3498677661,111520.53027026972,50407.99562009739,2848.0919732417015,0.5141860738432902,0.3437706157961026,0.09613466703067869,0.043453486661853294,0.0024551566680752423,3.5759276691143875,7.911232036942389,2.2123579582642066
